-- MySQL dump 10.13  Distrib 5.1.53, for apple-darwin10.3.0 (i386)
--
-- Host: localhost    Database: cyclos3
-- ------------------------------------------------------
-- Server version	5.1.53

/*!40101 SET @OLD_CHARACTER_SET_CLIENT=@@CHARACTER_SET_CLIENT */;
/*!40101 SET @OLD_CHARACTER_SET_RESULTS=@@CHARACTER_SET_RESULTS */;
/*!40101 SET @OLD_COLLATION_CONNECTION=@@COLLATION_CONNECTION */;
/*!40101 SET NAMES utf8 */;
/*!40103 SET @OLD_TIME_ZONE=@@TIME_ZONE */;
/*!40103 SET TIME_ZONE='+00:00' */;
/*!40014 SET @OLD_UNIQUE_CHECKS=@@UNIQUE_CHECKS, UNIQUE_CHECKS=0 */;
/*!40014 SET @OLD_FOREIGN_KEY_CHECKS=@@FOREIGN_KEY_CHECKS, FOREIGN_KEY_CHECKS=0 */;
/*!40101 SET @OLD_SQL_MODE=@@SQL_MODE, SQL_MODE='NO_AUTO_VALUE_ON_ZERO' */;
/*!40111 SET @OLD_SQL_NOTES=@@SQL_NOTES, SQL_NOTES=0 */;

--
-- Table structure for table `account_fee_amounts`
--

DROP TABLE IF EXISTS `account_fee_amounts`;
/*!40101 SET @saved_cs_client     = @@character_set_client */;
/*!40101 SET character_set_client = utf8 */;
CREATE TABLE `account_fee_amounts` (
  `id` int(11) NOT NULL AUTO_INCREMENT,
  `account_id` int(11) NOT NULL,
  `date` date NOT NULL,
  `available_balance` decimal(18,6) NOT NULL,
  `amount` decimal(15,6) NOT NULL,
  `account_fee_id` int(11) NOT NULL,
  PRIMARY KEY (`id`),
  UNIQUE KEY `account_id` (`account_id`,`date`),
  KEY `FK8A011450DA75B281` (`account_fee_id`),
  KEY `FK8A0114508AD473C0` (`account_id`),
  CONSTRAINT `FK8A0114508AD473C0` FOREIGN KEY (`account_id`) REFERENCES `accounts` (`id`),
  CONSTRAINT `FK8A011450DA75B281` FOREIGN KEY (`account_fee_id`) REFERENCES `account_fees` (`id`)
) ENGINE=InnoDB DEFAULT CHARSET=utf8;
/*!40101 SET character_set_client = @saved_cs_client */;

--
-- Dumping data for table `account_fee_amounts`
--

LOCK TABLES `account_fee_amounts` WRITE;
/*!40000 ALTER TABLE `account_fee_amounts` DISABLE KEYS */;
/*!40000 ALTER TABLE `account_fee_amounts` ENABLE KEYS */;
UNLOCK TABLES;

--
-- Table structure for table `account_fee_logs`
--

DROP TABLE IF EXISTS `account_fee_logs`;
/*!40101 SET @saved_cs_client     = @@character_set_client */;
/*!40101 SET character_set_client = utf8 */;
CREATE TABLE `account_fee_logs` (
  `id` int(11) NOT NULL AUTO_INCREMENT,
  `account_fee_id` int(11) NOT NULL,
  `date` datetime NOT NULL,
  `recharging_failed` bit(1) NOT NULL,
  `recharge_attempt` int(11) NOT NULL DEFAULT '0',
  `failed_members` int(11) NOT NULL,
  `total_members` int(11) DEFAULT NULL,
  `finish_date` datetime DEFAULT NULL,
  `amount` decimal(15,6) NOT NULL,
  `free_base` decimal(15,6) DEFAULT NULL,
  `begin_date` datetime DEFAULT NULL,
  `end_date` datetime DEFAULT NULL,
  PRIMARY KEY (`id`),
  UNIQUE KEY `account_fee_id` (`account_fee_id`,`date`),
  KEY `FK252A009ADA75B281` (`account_fee_id`),
  CONSTRAINT `FK252A009ADA75B281` FOREIGN KEY (`account_fee_id`) REFERENCES `account_fees` (`id`)
) ENGINE=InnoDB DEFAULT CHARSET=utf8;
/*!40101 SET character_set_client = @saved_cs_client */;

--
-- Dumping data for table `account_fee_logs`
--

LOCK TABLES `account_fee_logs` WRITE;
/*!40000 ALTER TABLE `account_fee_logs` DISABLE KEYS */;
/*!40000 ALTER TABLE `account_fee_logs` ENABLE KEYS */;
UNLOCK TABLES;

--
-- Table structure for table `account_fees`
--

DROP TABLE IF EXISTS `account_fees`;
/*!40101 SET @saved_cs_client     = @@character_set_client */;
/*!40101 SET character_set_client = utf8 */;
CREATE TABLE `account_fees` (
  `id` int(11) NOT NULL AUTO_INCREMENT,
  `name` varchar(100) NOT NULL,
  `charge_mode` varchar(2) NOT NULL,
  `run_mode` varchar(1) NOT NULL,
  `payment_direction` varchar(1) NOT NULL,
  `enabled` bit(1) NOT NULL,
  `amount` decimal(15,6) NOT NULL,
  `account_type_id` int(11) NOT NULL,
  `invoice_mode` varchar(1) DEFAULT NULL,
  `description` longtext,
  `enabled_since` datetime DEFAULT NULL,
  `day` tinyint(4) DEFAULT NULL,
  `hour` tinyint(4) DEFAULT NULL,
  `free_base` decimal(15,6) DEFAULT NULL,
  `transfer_type_id` int(11) NOT NULL,
  `recurrence_number` int(11) DEFAULT NULL,
  `recurrence_field` int(11) DEFAULT NULL,
  PRIMARY KEY (`id`),
  KEY `FK4107687FC2D40D5B` (`account_type_id`),
  KEY `FK4107687FA4766B0A` (`transfer_type_id`),
  CONSTRAINT `FK4107687FA4766B0A` FOREIGN KEY (`transfer_type_id`) REFERENCES `transfer_types` (`id`),
  CONSTRAINT `FK4107687FC2D40D5B` FOREIGN KEY (`account_type_id`) REFERENCES `account_types` (`id`)
) ENGINE=InnoDB AUTO_INCREMENT=4 DEFAULT CHARSET=utf8;
/*!40101 SET character_set_client = @saved_cs_client */;

--
-- Dumping data for table `account_fees`
--

LOCK TABLES `account_fees` WRITE;
/*!40000 ALTER TABLE `account_fees` DISABLE KEYS */;
INSERT INTO `account_fees` VALUES (1,'Contribution','FA','S','S','\0','5.000000',5,'C','Periodical units contribution',NULL,1,3,NULL,27,1,2),(2,'Liquidity tax','VP','S','S','\0','1.000000',5,'N','Liquidity tax',NULL,1,1,NULL,28,1,2),(3,'Registration','FA','M','S','','5.000000',5,'C',NULL,'2013-12-15 04:11:07',NULL,NULL,NULL,18,NULL,NULL);
/*!40000 ALTER TABLE `account_fees` ENABLE KEYS */;
UNLOCK TABLES;

--
-- Table structure for table `account_limit_logs`
--

DROP TABLE IF EXISTS `account_limit_logs`;
/*!40101 SET @saved_cs_client     = @@character_set_client */;
/*!40101 SET character_set_client = utf8 */;
CREATE TABLE `account_limit_logs` (
  `id` bigint(20) NOT NULL AUTO_INCREMENT,
  `account_id` int(11) NOT NULL,
  `date` datetime NOT NULL,
  `by_id` int(11) DEFAULT NULL,
  `credit_limit` decimal(15,6) DEFAULT NULL,
  `upper_credit_limit` decimal(15,6) DEFAULT NULL,
  PRIMARY KEY (`id`),
  KEY `ix_acctlimlog_account_date` (`account_id`,`date`),
  KEY `FKEA45ED05123F9A53` (`by_id`),
  KEY `FKEA45ED053317FFBA` (`account_id`),
  CONSTRAINT `FKEA45ED053317FFBA` FOREIGN KEY (`account_id`) REFERENCES `accounts` (`id`),
  CONSTRAINT `FKEA45ED05123F9A53` FOREIGN KEY (`by_id`) REFERENCES `members` (`id`)
) ENGINE=InnoDB AUTO_INCREMENT=5 DEFAULT CHARSET=utf8;
/*!40101 SET character_set_client = @saved_cs_client */;

--
-- Dumping data for table `account_limit_logs`
--

LOCK TABLES `account_limit_logs` WRITE;
/*!40000 ALTER TABLE `account_limit_logs` DISABLE KEYS */;
INSERT INTO `account_limit_logs` VALUES (1,2,'2013-12-15 00:42:49',1,'0.000000',NULL),(2,4,'2013-12-15 00:51:23',1,'0.000000',NULL),(3,2,'2013-12-15 01:03:18',1,'0.000000',NULL),(4,2,'2013-12-15 01:03:54',1,'0.000000',NULL);
/*!40000 ALTER TABLE `account_limit_logs` ENABLE KEYS */;
UNLOCK TABLES;

--
-- Table structure for table `account_locks`
--

DROP TABLE IF EXISTS `account_locks`;
/*!40101 SET @saved_cs_client     = @@character_set_client */;
/*!40101 SET character_set_client = utf8 */;
CREATE TABLE `account_locks` (
  `id` bigint(20) NOT NULL,
  PRIMARY KEY (`id`)
) ENGINE=InnoDB DEFAULT CHARSET=utf8;
/*!40101 SET character_set_client = @saved_cs_client */;

--
-- Dumping data for table `account_locks`
--

LOCK TABLES `account_locks` WRITE;
/*!40000 ALTER TABLE `account_locks` DISABLE KEYS */;
INSERT INTO `account_locks` VALUES (1),(2),(3),(4),(5),(6),(7);
/*!40000 ALTER TABLE `account_locks` ENABLE KEYS */;
UNLOCK TABLES;

--
-- Table structure for table `account_rates`
--

DROP TABLE IF EXISTS `account_rates`;
/*!40101 SET @saved_cs_client     = @@character_set_client */;
/*!40101 SET character_set_client = utf8 */;
CREATE TABLE `account_rates` (
  `id` bigint(20) NOT NULL AUTO_INCREMENT,
  `emission_date` datetime DEFAULT NULL,
  `expiration_date` datetime DEFAULT NULL,
  `i_rate` decimal(15,6) DEFAULT NULL,
  `rate_balance_correction` decimal(21,6) DEFAULT NULL,
  `account_id` int(11) NOT NULL,
  `transfer_id` bigint(20) NOT NULL,
  PRIMARY KEY (`id`),
  KEY `ix_accntrts_transfer` (`transfer_id`),
  KEY `ix_accntrts_account_date` (`account_id`),
  KEY `FKE08D27012F78F3B3` (`transfer_id`),
  KEY `FKE08D27013317FFBA` (`account_id`),
  CONSTRAINT `FKE08D27013317FFBA` FOREIGN KEY (`account_id`) REFERENCES `accounts` (`id`),
  CONSTRAINT `FKE08D27012F78F3B3` FOREIGN KEY (`transfer_id`) REFERENCES `transfers` (`id`)
) ENGINE=InnoDB DEFAULT CHARSET=utf8;
/*!40101 SET character_set_client = @saved_cs_client */;

--
-- Dumping data for table `account_rates`
--

LOCK TABLES `account_rates` WRITE;
/*!40000 ALTER TABLE `account_rates` DISABLE KEYS */;
/*!40000 ALTER TABLE `account_rates` ENABLE KEYS */;
UNLOCK TABLES;

--
-- Table structure for table `account_types`
--

DROP TABLE IF EXISTS `account_types`;
/*!40101 SET @saved_cs_client     = @@character_set_client */;
/*!40101 SET character_set_client = utf8 */;
CREATE TABLE `account_types` (
  `id` int(11) NOT NULL AUTO_INCREMENT,
  `subclass` varchar(1) NOT NULL,
  `name` varchar(100) NOT NULL,
  `currency_id` int(11) NOT NULL,
  `description` longtext,
  `system_account_id` int(11) DEFAULT NULL,
  PRIMARY KEY (`id`),
  KEY `FKE0B42FE7C0E7F6FA` (`currency_id`),
  KEY `FKE0B42FE7906BCA9B` (`system_account_id`),
  CONSTRAINT `FKE0B42FE7906BCA9B` FOREIGN KEY (`system_account_id`) REFERENCES `accounts` (`id`),
  CONSTRAINT `FKE0B42FE7C0E7F6FA` FOREIGN KEY (`currency_id`) REFERENCES `currencies` (`id`)
) ENGINE=InnoDB AUTO_INCREMENT=7 DEFAULT CHARSET=utf8;
/*!40101 SET character_set_client = @saved_cs_client */;

--
-- Dumping data for table `account_types`
--

LOCK TABLES `account_types` WRITE;
/*!40000 ALTER TABLE `account_types` DISABLE KEYS */;
INSERT INTO `account_types` VALUES (1,'S','Debit/Loan account',1,'The system unlimited account',1),(2,'S','Acacia International Master account',1,'A community specific account',2),(3,'S','Voucher account',1,'The account used to manage voucher payments',3),(4,'S','One Thor account',1,'An organization specific account',4),(5,'M','International Member account',1,'Each member has one account of this type',NULL);
/*!40000 ALTER TABLE `account_types` ENABLE KEYS */;
UNLOCK TABLES;

--
-- Table structure for table `accounts`
--

DROP TABLE IF EXISTS `accounts`;
/*!40101 SET @saved_cs_client     = @@character_set_client */;
/*!40101 SET character_set_client = utf8 */;
CREATE TABLE `accounts` (
  `id` int(11) NOT NULL AUTO_INCREMENT,
  `subclass` varchar(1) NOT NULL,
  `creation_date` datetime NOT NULL,
  `last_closing_date` date DEFAULT NULL,
  `owner_name` varchar(255) NOT NULL,
  `type_id` int(11) DEFAULT NULL,
  `credit_limit` decimal(15,6) DEFAULT NULL,
  `upper_credit_limit` decimal(15,6) DEFAULT NULL,
  `member_id` int(11) DEFAULT NULL,
  `member_status` varchar(1) DEFAULT NULL,
  `last_low_units_sent` datetime DEFAULT NULL,
  `member_action` varchar(1) DEFAULT NULL,
  PRIMARY KEY (`id`),
  KEY `FK809DBBE6EAE0AB57` (`member_id`),
  KEY `FK809DBBE6B93596D` (`type_id`),
  KEY `FK809DBBE68EDC5867` (`type_id`),
  CONSTRAINT `FK809DBBE68EDC5867` FOREIGN KEY (`type_id`) REFERENCES `account_types` (`id`),
  CONSTRAINT `FK809DBBE6B93596D` FOREIGN KEY (`type_id`) REFERENCES `account_types` (`id`),
  CONSTRAINT `FK809DBBE6EAE0AB57` FOREIGN KEY (`member_id`) REFERENCES `members` (`id`)
) ENGINE=InnoDB AUTO_INCREMENT=8 DEFAULT CHARSET=utf8;
/*!40101 SET character_set_client = @saved_cs_client */;

--
-- Dumping data for table `accounts`
--

LOCK TABLES `accounts` WRITE;
/*!40000 ALTER TABLE `accounts` DISABLE KEYS */;
INSERT INTO `accounts` VALUES (1,'S','2013-12-14 18:15:32',NULL,'Debit/Loan account',1,NULL,NULL,NULL,NULL,NULL,NULL),(2,'S','2013-12-14 18:15:32',NULL,'Acacia International Master account',2,'0.000000',NULL,NULL,NULL,NULL,NULL),(3,'S','2013-12-14 18:15:32',NULL,'Voucher account',3,'0.000000',NULL,NULL,NULL,NULL,NULL),(4,'S','2013-12-14 18:15:32',NULL,'One Thor account',4,'0.000000',NULL,NULL,NULL,NULL,NULL),(5,'M','2013-12-15 00:37:32',NULL,'12345',5,'0.000000',NULL,2,'A',NULL,NULL),(7,'M','2013-12-15 03:11:01',NULL,'91072989',5,'0.000000',NULL,3,'A',NULL,NULL);
/*!40000 ALTER TABLE `accounts` ENABLE KEYS */;
UNLOCK TABLES;

--
-- Table structure for table `ad_categories`
--

DROP TABLE IF EXISTS `ad_categories`;
/*!40101 SET @saved_cs_client     = @@character_set_client */;
/*!40101 SET character_set_client = utf8 */;
CREATE TABLE `ad_categories` (
  `id` int(11) NOT NULL AUTO_INCREMENT,
  `order_index` smallint(6) NOT NULL DEFAULT '0',
  `name` varchar(100) NOT NULL,
  `active` bit(1) NOT NULL,
  `parent_id` int(11) DEFAULT NULL,
  PRIMARY KEY (`id`),
  KEY `FKEF2FABB85D31AC77` (`parent_id`),
  CONSTRAINT `FKEF2FABB85D31AC77` FOREIGN KEY (`parent_id`) REFERENCES `ad_categories` (`id`)
) ENGINE=InnoDB AUTO_INCREMENT=2 DEFAULT CHARSET=utf8;
/*!40101 SET character_set_client = @saved_cs_client */;

--
-- Dumping data for table `ad_categories`
--

LOCK TABLES `ad_categories` WRITE;
/*!40000 ALTER TABLE `ad_categories` DISABLE KEYS */;
INSERT INTO `ad_categories` VALUES (1,0,'Example ad category','',NULL);
/*!40000 ALTER TABLE `ad_categories` ENABLE KEYS */;
UNLOCK TABLES;

--
-- Table structure for table `ad_imports`
--

DROP TABLE IF EXISTS `ad_imports`;
/*!40101 SET @saved_cs_client     = @@character_set_client */;
/*!40101 SET character_set_client = utf8 */;
CREATE TABLE `ad_imports` (
  `id` int(11) NOT NULL AUTO_INCREMENT,
  `by_id` int(11) NOT NULL,
  `date` datetime NOT NULL,
  `currency_id` int(11) NOT NULL,
  PRIMARY KEY (`id`),
  KEY `FK79EBE152C0E7F6FA` (`currency_id`),
  KEY `FK79EBE152123F9A53` (`by_id`),
  CONSTRAINT `FK79EBE152123F9A53` FOREIGN KEY (`by_id`) REFERENCES `members` (`id`),
  CONSTRAINT `FK79EBE152C0E7F6FA` FOREIGN KEY (`currency_id`) REFERENCES `currencies` (`id`)
) ENGINE=InnoDB DEFAULT CHARSET=utf8;
/*!40101 SET character_set_client = @saved_cs_client */;

--
-- Dumping data for table `ad_imports`
--

LOCK TABLES `ad_imports` WRITE;
/*!40000 ALTER TABLE `ad_imports` DISABLE KEYS */;
/*!40000 ALTER TABLE `ad_imports` ENABLE KEYS */;
UNLOCK TABLES;

--
-- Table structure for table `ad_interests`
--

DROP TABLE IF EXISTS `ad_interests`;
/*!40101 SET @saved_cs_client     = @@character_set_client */;
/*!40101 SET character_set_client = utf8 */;
CREATE TABLE `ad_interests` (
  `id` int(11) NOT NULL AUTO_INCREMENT,
  `owner_id` int(11) NOT NULL,
  `title` varchar(100) NOT NULL,
  `trade_type` varchar(1) NOT NULL,
  `category_id` int(11) DEFAULT NULL,
  `member_id` int(11) DEFAULT NULL,
  `group_filter_id` int(11) DEFAULT NULL,
  `initial_price` decimal(15,6) DEFAULT NULL,
  `final_price` decimal(15,6) DEFAULT NULL,
  `currency_id` int(11) DEFAULT NULL,
  `keywords` varchar(255) DEFAULT NULL,
  PRIMARY KEY (`id`),
  KEY `FKD8DBB56DC0E7F6FA` (`currency_id`),
  KEY `FKD8DBB56D9D46A867` (`group_filter_id`),
  KEY `FKD8DBB56DEAE0AB57` (`member_id`),
  KEY `FKD8DBB56D3D73A7A3` (`category_id`),
  KEY `FKD8DBB56DFE01A09E` (`owner_id`),
  CONSTRAINT `FKD8DBB56DFE01A09E` FOREIGN KEY (`owner_id`) REFERENCES `members` (`id`),
  CONSTRAINT `FKD8DBB56D3D73A7A3` FOREIGN KEY (`category_id`) REFERENCES `ad_categories` (`id`),
  CONSTRAINT `FKD8DBB56D9D46A867` FOREIGN KEY (`group_filter_id`) REFERENCES `group_filters` (`id`),
  CONSTRAINT `FKD8DBB56DC0E7F6FA` FOREIGN KEY (`currency_id`) REFERENCES `currencies` (`id`),
  CONSTRAINT `FKD8DBB56DEAE0AB57` FOREIGN KEY (`member_id`) REFERENCES `members` (`id`)
) ENGINE=InnoDB DEFAULT CHARSET=utf8;
/*!40101 SET character_set_client = @saved_cs_client */;

--
-- Dumping data for table `ad_interests`
--

LOCK TABLES `ad_interests` WRITE;
/*!40000 ALTER TABLE `ad_interests` DISABLE KEYS */;
/*!40000 ALTER TABLE `ad_interests` ENABLE KEYS */;
UNLOCK TABLES;

--
-- Table structure for table `admin_group_authorization_level`
--

DROP TABLE IF EXISTS `admin_group_authorization_level`;
/*!40101 SET @saved_cs_client     = @@character_set_client */;
/*!40101 SET character_set_client = utf8 */;
CREATE TABLE `admin_group_authorization_level` (
  `authorization_id` int(11) NOT NULL,
  `group_id` int(11) NOT NULL,
  KEY `FKBB2E758E3794D57D` (`group_id`),
  KEY `FKBB2E758EFB6913C5` (`authorization_id`),
  CONSTRAINT `FKBB2E758EFB6913C5` FOREIGN KEY (`authorization_id`) REFERENCES `authorization_levels` (`id`),
  CONSTRAINT `FKBB2E758E3794D57D` FOREIGN KEY (`group_id`) REFERENCES `groups` (`id`)
) ENGINE=InnoDB DEFAULT CHARSET=utf8;
/*!40101 SET character_set_client = @saved_cs_client */;

--
-- Dumping data for table `admin_group_authorization_level`
--

LOCK TABLES `admin_group_authorization_level` WRITE;
/*!40000 ALTER TABLE `admin_group_authorization_level` DISABLE KEYS */;
/*!40000 ALTER TABLE `admin_group_authorization_level` ENABLE KEYS */;
UNLOCK TABLES;

--
-- Table structure for table `admin_groups_admin_record_types`
--

DROP TABLE IF EXISTS `admin_groups_admin_record_types`;
/*!40101 SET @saved_cs_client     = @@character_set_client */;
/*!40101 SET character_set_client = utf8 */;
CREATE TABLE `admin_groups_admin_record_types` (
  `group_id` int(11) NOT NULL,
  `member_record_type_id` int(11) NOT NULL,
  KEY `FKC4790156E46288C5` (`member_record_type_id`),
  KEY `FKC47901563794D57D` (`group_id`),
  CONSTRAINT `FKC47901563794D57D` FOREIGN KEY (`group_id`) REFERENCES `groups` (`id`),
  CONSTRAINT `FKC4790156E46288C5` FOREIGN KEY (`member_record_type_id`) REFERENCES `member_record_types` (`id`)
) ENGINE=InnoDB DEFAULT CHARSET=utf8;
/*!40101 SET character_set_client = @saved_cs_client */;

--
-- Dumping data for table `admin_groups_admin_record_types`
--

LOCK TABLES `admin_groups_admin_record_types` WRITE;
/*!40000 ALTER TABLE `admin_groups_admin_record_types` DISABLE KEYS */;
INSERT INTO `admin_groups_admin_record_types` VALUES (1,1);
/*!40000 ALTER TABLE `admin_groups_admin_record_types` ENABLE KEYS */;
UNLOCK TABLES;

--
-- Table structure for table `admin_groups_create_admin_record_types`
--

DROP TABLE IF EXISTS `admin_groups_create_admin_record_types`;
/*!40101 SET @saved_cs_client     = @@character_set_client */;
/*!40101 SET character_set_client = utf8 */;
CREATE TABLE `admin_groups_create_admin_record_types` (
  `group_id` int(11) NOT NULL,
  `member_record_type_id` int(11) NOT NULL,
  KEY `FK3A580A63E46288C5` (`member_record_type_id`),
  KEY `FK3A580A633794D57D` (`group_id`),
  CONSTRAINT `FK3A580A633794D57D` FOREIGN KEY (`group_id`) REFERENCES `groups` (`id`),
  CONSTRAINT `FK3A580A63E46288C5` FOREIGN KEY (`member_record_type_id`) REFERENCES `member_record_types` (`id`)
) ENGINE=InnoDB DEFAULT CHARSET=utf8;
/*!40101 SET character_set_client = @saved_cs_client */;

--
-- Dumping data for table `admin_groups_create_admin_record_types`
--

LOCK TABLES `admin_groups_create_admin_record_types` WRITE;
/*!40000 ALTER TABLE `admin_groups_create_admin_record_types` DISABLE KEYS */;
INSERT INTO `admin_groups_create_admin_record_types` VALUES (1,1);
/*!40000 ALTER TABLE `admin_groups_create_admin_record_types` ENABLE KEYS */;
UNLOCK TABLES;

--
-- Table structure for table `admin_groups_create_member_record_types`
--

DROP TABLE IF EXISTS `admin_groups_create_member_record_types`;
/*!40101 SET @saved_cs_client     = @@character_set_client */;
/*!40101 SET character_set_client = utf8 */;
CREATE TABLE `admin_groups_create_member_record_types` (
  `group_id` int(11) NOT NULL,
  `member_record_type_id` int(11) NOT NULL,
  KEY `FK25883928E46288C5` (`member_record_type_id`),
  KEY `FK258839283794D57D` (`group_id`),
  CONSTRAINT `FK258839283794D57D` FOREIGN KEY (`group_id`) REFERENCES `groups` (`id`),
  CONSTRAINT `FK25883928E46288C5` FOREIGN KEY (`member_record_type_id`) REFERENCES `member_record_types` (`id`)
) ENGINE=InnoDB DEFAULT CHARSET=utf8;
/*!40101 SET character_set_client = @saved_cs_client */;

--
-- Dumping data for table `admin_groups_create_member_record_types`
--

LOCK TABLES `admin_groups_create_member_record_types` WRITE;
/*!40000 ALTER TABLE `admin_groups_create_member_record_types` DISABLE KEYS */;
INSERT INTO `admin_groups_create_member_record_types` VALUES (1,1),(2,1);
/*!40000 ALTER TABLE `admin_groups_create_member_record_types` ENABLE KEYS */;
UNLOCK TABLES;

--
-- Table structure for table `admin_groups_custom_fields`
--

DROP TABLE IF EXISTS `admin_groups_custom_fields`;
/*!40101 SET @saved_cs_client     = @@character_set_client */;
/*!40101 SET character_set_client = utf8 */;
CREATE TABLE `admin_groups_custom_fields` (
  `custom_field_id` int(11) NOT NULL,
  `group_id` int(11) NOT NULL,
  KEY `FK79E2D70C990F9C1A` (`custom_field_id`),
  KEY `FK79E2D70C3794D57D` (`group_id`),
  CONSTRAINT `FK79E2D70C3794D57D` FOREIGN KEY (`group_id`) REFERENCES `groups` (`id`),
  CONSTRAINT `FK79E2D70C990F9C1A` FOREIGN KEY (`custom_field_id`) REFERENCES `custom_fields` (`id`)
) ENGINE=InnoDB DEFAULT CHARSET=utf8;
/*!40101 SET character_set_client = @saved_cs_client */;

--
-- Dumping data for table `admin_groups_custom_fields`
--

LOCK TABLES `admin_groups_custom_fields` WRITE;
/*!40000 ALTER TABLE `admin_groups_custom_fields` DISABLE KEYS */;
/*!40000 ALTER TABLE `admin_groups_custom_fields` ENABLE KEYS */;
UNLOCK TABLES;

--
-- Table structure for table `admin_groups_delete_admin_record_types`
--

DROP TABLE IF EXISTS `admin_groups_delete_admin_record_types`;
/*!40101 SET @saved_cs_client     = @@character_set_client */;
/*!40101 SET character_set_client = utf8 */;
CREATE TABLE `admin_groups_delete_admin_record_types` (
  `group_id` int(11) NOT NULL,
  `member_record_type_id` int(11) NOT NULL,
  KEY `FK13E63154E46288C5` (`member_record_type_id`),
  KEY `FK13E631543794D57D` (`group_id`),
  CONSTRAINT `FK13E631543794D57D` FOREIGN KEY (`group_id`) REFERENCES `groups` (`id`),
  CONSTRAINT `FK13E63154E46288C5` FOREIGN KEY (`member_record_type_id`) REFERENCES `member_record_types` (`id`)
) ENGINE=InnoDB DEFAULT CHARSET=utf8;
/*!40101 SET character_set_client = @saved_cs_client */;

--
-- Dumping data for table `admin_groups_delete_admin_record_types`
--

LOCK TABLES `admin_groups_delete_admin_record_types` WRITE;
/*!40000 ALTER TABLE `admin_groups_delete_admin_record_types` DISABLE KEYS */;
/*!40000 ALTER TABLE `admin_groups_delete_admin_record_types` ENABLE KEYS */;
UNLOCK TABLES;

--
-- Table structure for table `admin_groups_delete_member_record_types`
--

DROP TABLE IF EXISTS `admin_groups_delete_member_record_types`;
/*!40101 SET @saved_cs_client     = @@character_set_client */;
/*!40101 SET character_set_client = utf8 */;
CREATE TABLE `admin_groups_delete_member_record_types` (
  `group_id` int(11) NOT NULL,
  `member_record_type_id` int(11) NOT NULL,
  KEY `FK7DBEF057E46288C5` (`member_record_type_id`),
  KEY `FK7DBEF0573794D57D` (`group_id`),
  CONSTRAINT `FK7DBEF0573794D57D` FOREIGN KEY (`group_id`) REFERENCES `groups` (`id`),
  CONSTRAINT `FK7DBEF057E46288C5` FOREIGN KEY (`member_record_type_id`) REFERENCES `member_record_types` (`id`)
) ENGINE=InnoDB DEFAULT CHARSET=utf8;
/*!40101 SET character_set_client = @saved_cs_client */;

--
-- Dumping data for table `admin_groups_delete_member_record_types`
--

LOCK TABLES `admin_groups_delete_member_record_types` WRITE;
/*!40000 ALTER TABLE `admin_groups_delete_member_record_types` DISABLE KEYS */;
/*!40000 ALTER TABLE `admin_groups_delete_member_record_types` ENABLE KEYS */;
UNLOCK TABLES;

--
-- Table structure for table `admin_groups_member_record_types`
--

DROP TABLE IF EXISTS `admin_groups_member_record_types`;
/*!40101 SET @saved_cs_client     = @@character_set_client */;
/*!40101 SET character_set_client = utf8 */;
CREATE TABLE `admin_groups_member_record_types` (
  `group_id` int(11) NOT NULL,
  `member_record_type_id` int(11) NOT NULL,
  KEY `FKDF862095E46288C5` (`member_record_type_id`),
  KEY `FKDF8620953794D57D` (`group_id`),
  CONSTRAINT `FKDF8620953794D57D` FOREIGN KEY (`group_id`) REFERENCES `groups` (`id`),
  CONSTRAINT `FKDF862095E46288C5` FOREIGN KEY (`member_record_type_id`) REFERENCES `member_record_types` (`id`)
) ENGINE=InnoDB DEFAULT CHARSET=utf8;
/*!40101 SET character_set_client = @saved_cs_client */;

--
-- Dumping data for table `admin_groups_member_record_types`
--

LOCK TABLES `admin_groups_member_record_types` WRITE;
/*!40000 ALTER TABLE `admin_groups_member_record_types` DISABLE KEYS */;
INSERT INTO `admin_groups_member_record_types` VALUES (1,1),(2,1);
/*!40000 ALTER TABLE `admin_groups_member_record_types` ENABLE KEYS */;
UNLOCK TABLES;

--
-- Table structure for table `admin_groups_modify_admin_record_types`
--

DROP TABLE IF EXISTS `admin_groups_modify_admin_record_types`;
/*!40101 SET @saved_cs_client     = @@character_set_client */;
/*!40101 SET character_set_client = utf8 */;
CREATE TABLE `admin_groups_modify_admin_record_types` (
  `group_id` int(11) NOT NULL,
  `member_record_type_id` int(11) NOT NULL,
  KEY `FKC279EDE5E46288C5` (`member_record_type_id`),
  KEY `FKC279EDE53794D57D` (`group_id`),
  CONSTRAINT `FKC279EDE53794D57D` FOREIGN KEY (`group_id`) REFERENCES `groups` (`id`),
  CONSTRAINT `FKC279EDE5E46288C5` FOREIGN KEY (`member_record_type_id`) REFERENCES `member_record_types` (`id`)
) ENGINE=InnoDB DEFAULT CHARSET=utf8;
/*!40101 SET character_set_client = @saved_cs_client */;

--
-- Dumping data for table `admin_groups_modify_admin_record_types`
--

LOCK TABLES `admin_groups_modify_admin_record_types` WRITE;
/*!40000 ALTER TABLE `admin_groups_modify_admin_record_types` DISABLE KEYS */;
/*!40000 ALTER TABLE `admin_groups_modify_admin_record_types` ENABLE KEYS */;
UNLOCK TABLES;

--
-- Table structure for table `admin_groups_modify_member_record_types`
--

DROP TABLE IF EXISTS `admin_groups_modify_member_record_types`;
/*!40101 SET @saved_cs_client     = @@character_set_client */;
/*!40101 SET character_set_client = utf8 */;
CREATE TABLE `admin_groups_modify_member_record_types` (
  `group_id` int(11) NOT NULL,
  `member_record_type_id` int(11) NOT NULL,
  KEY `FKA1A2C5E6E46288C5` (`member_record_type_id`),
  KEY `FKA1A2C5E63794D57D` (`group_id`),
  CONSTRAINT `FKA1A2C5E63794D57D` FOREIGN KEY (`group_id`) REFERENCES `groups` (`id`),
  CONSTRAINT `FKA1A2C5E6E46288C5` FOREIGN KEY (`member_record_type_id`) REFERENCES `member_record_types` (`id`)
) ENGINE=InnoDB DEFAULT CHARSET=utf8;
/*!40101 SET character_set_client = @saved_cs_client */;

--
-- Dumping data for table `admin_groups_modify_member_record_types`
--

LOCK TABLES `admin_groups_modify_member_record_types` WRITE;
/*!40000 ALTER TABLE `admin_groups_modify_member_record_types` DISABLE KEYS */;
/*!40000 ALTER TABLE `admin_groups_modify_member_record_types` ENABLE KEYS */;
UNLOCK TABLES;

--
-- Table structure for table `admin_manages_member_groups`
--

DROP TABLE IF EXISTS `admin_manages_member_groups`;
/*!40101 SET @saved_cs_client     = @@character_set_client */;
/*!40101 SET character_set_client = utf8 */;
CREATE TABLE `admin_manages_member_groups` (
  `manager_group_id` int(11) NOT NULL,
  `managed_group_id` int(11) NOT NULL,
  KEY `FK19C43358609349CF` (`manager_group_id`),
  KEY `FK19C4335881536B8E` (`managed_group_id`),
  CONSTRAINT `FK19C4335881536B8E` FOREIGN KEY (`managed_group_id`) REFERENCES `groups` (`id`),
  CONSTRAINT `FK19C43358609349CF` FOREIGN KEY (`manager_group_id`) REFERENCES `groups` (`id`)
) ENGINE=InnoDB DEFAULT CHARSET=utf8;
/*!40101 SET character_set_client = @saved_cs_client */;

--
-- Dumping data for table `admin_manages_member_groups`
--

LOCK TABLES `admin_manages_member_groups` WRITE;
/*!40000 ALTER TABLE `admin_manages_member_groups` DISABLE KEYS */;
INSERT INTO `admin_manages_member_groups` VALUES (1,5),(1,6),(1,7),(1,8),(1,9),(1,10),(1,11),(2,5),(2,6),(2,7),(2,8),(2,9),(2,10),(2,11);
/*!40000 ALTER TABLE `admin_manages_member_groups` ENABLE KEYS */;
UNLOCK TABLES;

--
-- Table structure for table `admin_notification_preferences`
--

DROP TABLE IF EXISTS `admin_notification_preferences`;
/*!40101 SET @saved_cs_client     = @@character_set_client */;
/*!40101 SET character_set_client = utf8 */;
CREATE TABLE `admin_notification_preferences` (
  `id` int(11) NOT NULL AUTO_INCREMENT,
  `admin_id` int(11) DEFAULT NULL,
  `application_errors` bit(1) NOT NULL,
  `system_invoices` bit(1) NOT NULL,
  PRIMARY KEY (`id`),
  KEY `FKE4ED5494D2DEA05B` (`admin_id`),
  CONSTRAINT `FKE4ED5494D2DEA05B` FOREIGN KEY (`admin_id`) REFERENCES `members` (`id`)
) ENGINE=InnoDB DEFAULT CHARSET=utf8;
/*!40101 SET character_set_client = @saved_cs_client */;

--
-- Dumping data for table `admin_notification_preferences`
--

LOCK TABLES `admin_notification_preferences` WRITE;
/*!40000 ALTER TABLE `admin_notification_preferences` DISABLE KEYS */;
/*!40000 ALTER TABLE `admin_notification_preferences` ENABLE KEYS */;
UNLOCK TABLES;

--
-- Table structure for table `admin_preferences_guarantee_types`
--

DROP TABLE IF EXISTS `admin_preferences_guarantee_types`;
/*!40101 SET @saved_cs_client     = @@character_set_client */;
/*!40101 SET character_set_client = utf8 */;
CREATE TABLE `admin_preferences_guarantee_types` (
  `preference_id` int(11) NOT NULL,
  `guarantee_type_id` int(11) NOT NULL,
  PRIMARY KEY (`preference_id`,`guarantee_type_id`),
  KEY `FK9B3E7BCB9383E848` (`guarantee_type_id`),
  KEY `FK9B3E7BCBFB43CB21` (`preference_id`),
  CONSTRAINT `FK9B3E7BCBFB43CB21` FOREIGN KEY (`preference_id`) REFERENCES `admin_notification_preferences` (`id`),
  CONSTRAINT `FK9B3E7BCB9383E848` FOREIGN KEY (`guarantee_type_id`) REFERENCES `guarantee_types` (`id`)
) ENGINE=InnoDB DEFAULT CHARSET=utf8;
/*!40101 SET character_set_client = @saved_cs_client */;

--
-- Dumping data for table `admin_preferences_guarantee_types`
--

LOCK TABLES `admin_preferences_guarantee_types` WRITE;
/*!40000 ALTER TABLE `admin_preferences_guarantee_types` DISABLE KEYS */;
/*!40000 ALTER TABLE `admin_preferences_guarantee_types` ENABLE KEYS */;
UNLOCK TABLES;

--
-- Table structure for table `admin_preferences_member_alerts`
--

DROP TABLE IF EXISTS `admin_preferences_member_alerts`;
/*!40101 SET @saved_cs_client     = @@character_set_client */;
/*!40101 SET character_set_client = utf8 */;
CREATE TABLE `admin_preferences_member_alerts` (
  `preference_id` int(11) NOT NULL,
  `type` varchar(70) NOT NULL,
  PRIMARY KEY (`preference_id`,`type`),
  KEY `FK70B839E5FB43CB21` (`preference_id`),
  CONSTRAINT `FK70B839E5FB43CB21` FOREIGN KEY (`preference_id`) REFERENCES `admin_notification_preferences` (`id`)
) ENGINE=InnoDB DEFAULT CHARSET=utf8;
/*!40101 SET character_set_client = @saved_cs_client */;

--
-- Dumping data for table `admin_preferences_member_alerts`
--

LOCK TABLES `admin_preferences_member_alerts` WRITE;
/*!40000 ALTER TABLE `admin_preferences_member_alerts` DISABLE KEYS */;
/*!40000 ALTER TABLE `admin_preferences_member_alerts` ENABLE KEYS */;
UNLOCK TABLES;

--
-- Table structure for table `admin_preferences_message_categories`
--

DROP TABLE IF EXISTS `admin_preferences_message_categories`;
/*!40101 SET @saved_cs_client     = @@character_set_client */;
/*!40101 SET character_set_client = utf8 */;
CREATE TABLE `admin_preferences_message_categories` (
  `preference_id` int(11) NOT NULL,
  `message_category_id` int(11) NOT NULL,
  PRIMARY KEY (`preference_id`,`message_category_id`),
  KEY `FK4C0418EBFB43CB21` (`preference_id`),
  KEY `FK4C0418EBD05BD7A4` (`message_category_id`),
  CONSTRAINT `FK4C0418EBD05BD7A4` FOREIGN KEY (`message_category_id`) REFERENCES `message_categories` (`id`),
  CONSTRAINT `FK4C0418EBFB43CB21` FOREIGN KEY (`preference_id`) REFERENCES `admin_notification_preferences` (`id`)
) ENGINE=InnoDB DEFAULT CHARSET=utf8;
/*!40101 SET character_set_client = @saved_cs_client */;

--
-- Dumping data for table `admin_preferences_message_categories`
--

LOCK TABLES `admin_preferences_message_categories` WRITE;
/*!40000 ALTER TABLE `admin_preferences_message_categories` DISABLE KEYS */;
/*!40000 ALTER TABLE `admin_preferences_message_categories` ENABLE KEYS */;
UNLOCK TABLES;

--
-- Table structure for table `admin_preferences_new_members`
--

DROP TABLE IF EXISTS `admin_preferences_new_members`;
/*!40101 SET @saved_cs_client     = @@character_set_client */;
/*!40101 SET character_set_client = utf8 */;
CREATE TABLE `admin_preferences_new_members` (
  `preference_id` int(11) NOT NULL,
  `group_id` int(11) NOT NULL,
  PRIMARY KEY (`preference_id`,`group_id`),
  KEY `FK292DCDC3FB43CB21` (`preference_id`),
  KEY `FK292DCDC3B45926EE` (`group_id`),
  CONSTRAINT `FK292DCDC3B45926EE` FOREIGN KEY (`group_id`) REFERENCES `groups` (`id`),
  CONSTRAINT `FK292DCDC3FB43CB21` FOREIGN KEY (`preference_id`) REFERENCES `admin_notification_preferences` (`id`)
) ENGINE=InnoDB DEFAULT CHARSET=utf8;
/*!40101 SET character_set_client = @saved_cs_client */;

--
-- Dumping data for table `admin_preferences_new_members`
--

LOCK TABLES `admin_preferences_new_members` WRITE;
/*!40000 ALTER TABLE `admin_preferences_new_members` DISABLE KEYS */;
/*!40000 ALTER TABLE `admin_preferences_new_members` ENABLE KEYS */;
UNLOCK TABLES;

--
-- Table structure for table `admin_preferences_new_pending_payments`
--

DROP TABLE IF EXISTS `admin_preferences_new_pending_payments`;
/*!40101 SET @saved_cs_client     = @@character_set_client */;
/*!40101 SET character_set_client = utf8 */;
CREATE TABLE `admin_preferences_new_pending_payments` (
  `preference_id` int(11) NOT NULL,
  `transfer_type_id` int(11) NOT NULL,
  PRIMARY KEY (`preference_id`,`transfer_type_id`),
  KEY `FKD0252B6BA4766B0A` (`transfer_type_id`),
  KEY `FKD0252B6BFB43CB21` (`preference_id`),
  CONSTRAINT `FKD0252B6BFB43CB21` FOREIGN KEY (`preference_id`) REFERENCES `admin_notification_preferences` (`id`),
  CONSTRAINT `FKD0252B6BA4766B0A` FOREIGN KEY (`transfer_type_id`) REFERENCES `transfer_types` (`id`)
) ENGINE=InnoDB DEFAULT CHARSET=utf8;
/*!40101 SET character_set_client = @saved_cs_client */;

--
-- Dumping data for table `admin_preferences_new_pending_payments`
--

LOCK TABLES `admin_preferences_new_pending_payments` WRITE;
/*!40000 ALTER TABLE `admin_preferences_new_pending_payments` DISABLE KEYS */;
/*!40000 ALTER TABLE `admin_preferences_new_pending_payments` ENABLE KEYS */;
UNLOCK TABLES;

--
-- Table structure for table `admin_preferences_system_alerts`
--

DROP TABLE IF EXISTS `admin_preferences_system_alerts`;
/*!40101 SET @saved_cs_client     = @@character_set_client */;
/*!40101 SET character_set_client = utf8 */;
CREATE TABLE `admin_preferences_system_alerts` (
  `preference_id` int(11) NOT NULL,
  `type` varchar(70) NOT NULL,
  PRIMARY KEY (`preference_id`,`type`),
  KEY `FK44CB90B0FB43CB21` (`preference_id`),
  CONSTRAINT `FK44CB90B0FB43CB21` FOREIGN KEY (`preference_id`) REFERENCES `admin_notification_preferences` (`id`)
) ENGINE=InnoDB DEFAULT CHARSET=utf8;
/*!40101 SET character_set_client = @saved_cs_client */;

--
-- Dumping data for table `admin_preferences_system_alerts`
--

LOCK TABLES `admin_preferences_system_alerts` WRITE;
/*!40000 ALTER TABLE `admin_preferences_system_alerts` DISABLE KEYS */;
/*!40000 ALTER TABLE `admin_preferences_system_alerts` ENABLE KEYS */;
UNLOCK TABLES;

--
-- Table structure for table `admin_preferences_transfer_types`
--

DROP TABLE IF EXISTS `admin_preferences_transfer_types`;
/*!40101 SET @saved_cs_client     = @@character_set_client */;
/*!40101 SET character_set_client = utf8 */;
CREATE TABLE `admin_preferences_transfer_types` (
  `preference_id` int(11) NOT NULL,
  `transfer_type_id` int(11) NOT NULL,
  PRIMARY KEY (`preference_id`,`transfer_type_id`),
  KEY `FKD472F23CA4766B0A` (`transfer_type_id`),
  KEY `FKD472F23CFB43CB21` (`preference_id`),
  CONSTRAINT `FKD472F23CFB43CB21` FOREIGN KEY (`preference_id`) REFERENCES `admin_notification_preferences` (`id`),
  CONSTRAINT `FKD472F23CA4766B0A` FOREIGN KEY (`transfer_type_id`) REFERENCES `transfer_types` (`id`)
) ENGINE=InnoDB DEFAULT CHARSET=utf8;
/*!40101 SET character_set_client = @saved_cs_client */;

--
-- Dumping data for table `admin_preferences_transfer_types`
--

LOCK TABLES `admin_preferences_transfer_types` WRITE;
/*!40000 ALTER TABLE `admin_preferences_transfer_types` DISABLE KEYS */;
/*!40000 ALTER TABLE `admin_preferences_transfer_types` ENABLE KEYS */;
UNLOCK TABLES;

--
-- Table structure for table `admin_view_account_information`
--

DROP TABLE IF EXISTS `admin_view_account_information`;
/*!40101 SET @saved_cs_client     = @@character_set_client */;
/*!40101 SET character_set_client = utf8 */;
CREATE TABLE `admin_view_account_information` (
  `group_id` int(11) NOT NULL,
  `account_type_id` int(11) NOT NULL,
  KEY `FK374B1C701C7906A6` (`account_type_id`),
  KEY `FK374B1C703794D57D` (`group_id`),
  CONSTRAINT `FK374B1C703794D57D` FOREIGN KEY (`group_id`) REFERENCES `groups` (`id`),
  CONSTRAINT `FK374B1C701C7906A6` FOREIGN KEY (`account_type_id`) REFERENCES `account_types` (`id`)
) ENGINE=InnoDB DEFAULT CHARSET=utf8;
/*!40101 SET character_set_client = @saved_cs_client */;

--
-- Dumping data for table `admin_view_account_information`
--

LOCK TABLES `admin_view_account_information` WRITE;
/*!40000 ALTER TABLE `admin_view_account_information` DISABLE KEYS */;
INSERT INTO `admin_view_account_information` VALUES (1,1),(1,2),(1,3),(1,4),(2,1),(2,2),(2,3),(2,4);
/*!40000 ALTER TABLE `admin_view_account_information` ENABLE KEYS */;
UNLOCK TABLES;

--
-- Table structure for table `admin_view_connected_users_of`
--

DROP TABLE IF EXISTS `admin_view_connected_users_of`;
/*!40101 SET @saved_cs_client     = @@character_set_client */;
/*!40101 SET character_set_client = utf8 */;
CREATE TABLE `admin_view_connected_users_of` (
  `viewer_group_id` int(11) NOT NULL,
  `viewed_group_id` int(11) NOT NULL,
  KEY `FK79A22CE8049090A` (`viewer_group_id`),
  KEY `FK79A22CE2444D958` (`viewed_group_id`),
  CONSTRAINT `FK79A22CE2444D958` FOREIGN KEY (`viewed_group_id`) REFERENCES `groups` (`id`),
  CONSTRAINT `FK79A22CE8049090A` FOREIGN KEY (`viewer_group_id`) REFERENCES `groups` (`id`)
) ENGINE=InnoDB DEFAULT CHARSET=utf8;
/*!40101 SET character_set_client = @saved_cs_client */;

--
-- Dumping data for table `admin_view_connected_users_of`
--

LOCK TABLES `admin_view_connected_users_of` WRITE;
/*!40000 ALTER TABLE `admin_view_connected_users_of` DISABLE KEYS */;
INSERT INTO `admin_view_connected_users_of` VALUES (1,1),(1,2),(2,1),(2,2);
/*!40000 ALTER TABLE `admin_view_connected_users_of` ENABLE KEYS */;
UNLOCK TABLES;

--
-- Table structure for table `ads`
--

DROP TABLE IF EXISTS `ads`;
/*!40101 SET @saved_cs_client     = @@character_set_client */;
/*!40101 SET character_set_client = utf8 */;
CREATE TABLE `ads` (
  `id` int(11) NOT NULL AUTO_INCREMENT,
  `category_id` int(11) DEFAULT NULL,
  `owner_id` int(11) NOT NULL,
  `permanent` bit(1) NOT NULL,
  `external_publication` bit(1) NOT NULL,
  `title` varchar(100) NOT NULL,
  `trade_type` varchar(1) NOT NULL,
  `currency_id` int(11) DEFAULT NULL,
  `price` decimal(15,6) DEFAULT NULL,
  `publication_start` date DEFAULT NULL,
  `publication_end` date DEFAULT NULL,
  `description` longtext,
  `delete_date` date DEFAULT NULL,
  `creation_date` date DEFAULT NULL,
  `is_html` bit(1) NOT NULL,
  `members_notified` bit(1) NOT NULL,
  PRIMARY KEY (`id`),
  KEY `FK178B0C0E7F6FA` (`currency_id`),
  KEY `FK178B03D73A7A3` (`category_id`),
  KEY `FK178B0FE01A09E` (`owner_id`),
  CONSTRAINT `FK178B0FE01A09E` FOREIGN KEY (`owner_id`) REFERENCES `members` (`id`),
  CONSTRAINT `FK178B03D73A7A3` FOREIGN KEY (`category_id`) REFERENCES `ad_categories` (`id`),
  CONSTRAINT `FK178B0C0E7F6FA` FOREIGN KEY (`currency_id`) REFERENCES `currencies` (`id`)
) ENGINE=InnoDB DEFAULT CHARSET=utf8;
/*!40101 SET character_set_client = @saved_cs_client */;

--
-- Dumping data for table `ads`
--

LOCK TABLES `ads` WRITE;
/*!40000 ALTER TABLE `ads` DISABLE KEYS */;
/*!40000 ALTER TABLE `ads` ENABLE KEYS */;
UNLOCK TABLES;

--
-- Table structure for table `alerts`
--

DROP TABLE IF EXISTS `alerts`;
/*!40101 SET @saved_cs_client     = @@character_set_client */;
/*!40101 SET character_set_client = utf8 */;
CREATE TABLE `alerts` (
  `id` int(11) NOT NULL AUTO_INCREMENT,
  `subclass` varchar(1) NOT NULL,
  `removed` bit(1) NOT NULL,
  `msg_key` varchar(255) NOT NULL,
  `arg0` varchar(255) DEFAULT NULL,
  `arg1` varchar(255) DEFAULT NULL,
  `arg2` varchar(255) DEFAULT NULL,
  `arg3` varchar(255) DEFAULT NULL,
  `arg4` varchar(255) DEFAULT NULL,
  `date` datetime NOT NULL,
  `member_id` int(11) DEFAULT NULL,
  PRIMARY KEY (`id`),
  KEY `FKABA7A297EAE0AB57` (`member_id`),
  CONSTRAINT `FKABA7A297EAE0AB57` FOREIGN KEY (`member_id`) REFERENCES `members` (`id`)
) ENGINE=InnoDB AUTO_INCREMENT=10 DEFAULT CHARSET=utf8;
/*!40101 SET character_set_client = @saved_cs_client */;

--
-- Dumping data for table `alerts`
--

LOCK TABLES `alerts` WRITE;
/*!40000 ALTER TABLE `alerts` DISABLE KEYS */;
INSERT INTO `alerts` VALUES (1,'S','\0','alert.system.applicationRestarted','robertombp2',NULL,NULL,NULL,NULL,'2013-12-14 18:15:39',NULL),(2,'S','\0','alert.system.applicationShutdown','robertombp2',NULL,NULL,NULL,NULL,'2013-12-15 00:20:27',NULL),(3,'S','\0','alert.system.applicationRestarted','robertombp2',NULL,NULL,NULL,NULL,'2013-12-15 00:20:34',NULL),(4,'S','\0','alert.system.applicationShutdown','robertombp2',NULL,NULL,NULL,NULL,'2013-12-15 02:04:04',NULL),(5,'S','\0','alert.system.applicationRestarted','robertombp2',NULL,NULL,NULL,NULL,'2013-12-15 02:04:18',NULL),(6,'S','\0','alert.system.applicationShutdown','robertombp2',NULL,NULL,NULL,NULL,'2013-12-15 02:21:04',NULL),(7,'S','\0','alert.system.applicationRestarted','robertombp2',NULL,NULL,NULL,NULL,'2013-12-15 02:21:16',NULL),(8,'S','\0','alert.system.applicationShutdown','robertombp2',NULL,NULL,NULL,NULL,'2013-12-15 02:24:39',NULL),(9,'S','\0','alert.system.applicationRestarted','robertombp2',NULL,NULL,NULL,NULL,'2013-12-15 02:24:51',NULL);
/*!40000 ALTER TABLE `alerts` ENABLE KEYS */;
UNLOCK TABLES;

--
-- Table structure for table `amount_reservations`
--

DROP TABLE IF EXISTS `amount_reservations`;
/*!40101 SET @saved_cs_client     = @@character_set_client */;
/*!40101 SET character_set_client = utf8 */;
CREATE TABLE `amount_reservations` (
  `id` bigint(20) NOT NULL AUTO_INCREMENT,
  `subclass` varchar(1) NOT NULL,
  `account_id` int(11) NOT NULL,
  `date` datetime NOT NULL,
  `amount` decimal(15,6) DEFAULT NULL,
  `transfer_id` bigint(20) DEFAULT NULL,
  `transfer_authorization_id` bigint(20) DEFAULT NULL,
  `scheduled_payment_id` int(11) DEFAULT NULL,
  PRIMARY KEY (`id`),
  KEY `ix_amtres_account_date` (`account_id`,`date`),
  KEY `FKE0379EAEB3A79238` (`scheduled_payment_id`),
  KEY `FKE0379EAE2F78F3B3` (`transfer_id`),
  KEY `FKE0379EAE108D798A` (`transfer_authorization_id`),
  KEY `FKE0379EAE3317FFBA` (`account_id`),
  CONSTRAINT `FKE0379EAE3317FFBA` FOREIGN KEY (`account_id`) REFERENCES `accounts` (`id`),
  CONSTRAINT `FKE0379EAE108D798A` FOREIGN KEY (`transfer_authorization_id`) REFERENCES `transfer_authorizations` (`id`),
  CONSTRAINT `FKE0379EAE2F78F3B3` FOREIGN KEY (`transfer_id`) REFERENCES `transfers` (`id`),
  CONSTRAINT `FKE0379EAEB3A79238` FOREIGN KEY (`scheduled_payment_id`) REFERENCES `scheduled_payments` (`id`)
) ENGINE=InnoDB DEFAULT CHARSET=utf8;
/*!40101 SET character_set_client = @saved_cs_client */;

--
-- Dumping data for table `amount_reservations`
--

LOCK TABLES `amount_reservations` WRITE;
/*!40000 ALTER TABLE `amount_reservations` DISABLE KEYS */;
/*!40000 ALTER TABLE `amount_reservations` ENABLE KEYS */;
UNLOCK TABLES;

--
-- Table structure for table `application`
--

DROP TABLE IF EXISTS `application`;
/*!40101 SET @saved_cs_client     = @@character_set_client */;
/*!40101 SET character_set_client = utf8 */;
CREATE TABLE `application` (
  `id` int(11) NOT NULL AUTO_INCREMENT,
  `version` varchar(10) DEFAULT NULL,
  `online` bit(1) NOT NULL DEFAULT b'1',
  `account_status_enabled_since` date DEFAULT NULL,
  `password_hash` varchar(1) DEFAULT NULL,
  `last_index_rebuilding_time` datetime DEFAULT NULL,
  PRIMARY KEY (`id`)
) ENGINE=InnoDB AUTO_INCREMENT=2 DEFAULT CHARSET=utf8;
/*!40101 SET character_set_client = @saved_cs_client */;

--
-- Dumping data for table `application`
--

LOCK TABLES `application` WRITE;
/*!40000 ALTER TABLE `application` DISABLE KEYS */;
INSERT INTO `application` VALUES (1,'3.7.3','','2013-12-14','T',NULL);
/*!40000 ALTER TABLE `application` ENABLE KEYS */;
UNLOCK TABLES;

--
-- Table structure for table `authorization_levels`
--

DROP TABLE IF EXISTS `authorization_levels`;
/*!40101 SET @saved_cs_client     = @@character_set_client */;
/*!40101 SET character_set_client = utf8 */;
CREATE TABLE `authorization_levels` (
  `id` int(11) NOT NULL AUTO_INCREMENT,
  `level` int(11) NOT NULL,
  `amount` decimal(15,6) NOT NULL,
  `authorizer` varchar(1) NOT NULL,
  `type_id` int(11) NOT NULL,
  PRIMARY KEY (`id`),
  KEY `FK9AAA27F59D63275E` (`type_id`),
  CONSTRAINT `FK9AAA27F59D63275E` FOREIGN KEY (`type_id`) REFERENCES `transfer_types` (`id`)
) ENGINE=InnoDB DEFAULT CHARSET=utf8;
/*!40101 SET character_set_client = @saved_cs_client */;

--
-- Dumping data for table `authorization_levels`
--

LOCK TABLES `authorization_levels` WRITE;
/*!40000 ALTER TABLE `authorization_levels` DISABLE KEYS */;
/*!40000 ALTER TABLE `authorization_levels` ENABLE KEYS */;
UNLOCK TABLES;

--
-- Table structure for table `binary_files`
--

DROP TABLE IF EXISTS `binary_files`;
/*!40101 SET @saved_cs_client     = @@character_set_client */;
/*!40101 SET character_set_client = utf8 */;
CREATE TABLE `binary_files` (
  `id` int(11) NOT NULL AUTO_INCREMENT,
  `name` varchar(255) DEFAULT NULL,
  `content_type` varchar(100) NOT NULL,
  `size` int(11) NOT NULL,
  `last_modified` datetime NOT NULL,
  `contents` longblob NOT NULL,
  PRIMARY KEY (`id`)
) ENGINE=InnoDB DEFAULT CHARSET=utf8;
/*!40101 SET character_set_client = @saved_cs_client */;

--
-- Dumping data for table `binary_files`
--

LOCK TABLES `binary_files` WRITE;
/*!40000 ALTER TABLE `binary_files` DISABLE KEYS */;
/*!40000 ALTER TABLE `binary_files` ENABLE KEYS */;
UNLOCK TABLES;

--
-- Table structure for table `broker_commission_contracts`
--

DROP TABLE IF EXISTS `broker_commission_contracts`;
/*!40101 SET @saved_cs_client     = @@character_set_client */;
/*!40101 SET character_set_client = utf8 */;
CREATE TABLE `broker_commission_contracts` (
  `id` int(11) NOT NULL AUTO_INCREMENT,
  `brokering_id` int(11) DEFAULT NULL,
  `broker_commission_id` int(11) DEFAULT NULL,
  `amount_value` decimal(15,6) NOT NULL,
  `amount_type` char(1) NOT NULL,
  `start_date` date NOT NULL,
  `end_date` date DEFAULT NULL,
  `status` varchar(1) NOT NULL,
  `cancelled_by_id` int(11) DEFAULT NULL,
  `status_before_suspension` varchar(1) DEFAULT NULL,
  PRIMARY KEY (`id`),
  KEY `FK1AEDD3F3F7069BBE` (`broker_commission_id`),
  KEY `FK1AEDD3F397ECA054` (`cancelled_by_id`),
  KEY `FK1AEDD3F3F096D933` (`brokering_id`),
  CONSTRAINT `FK1AEDD3F3F096D933` FOREIGN KEY (`brokering_id`) REFERENCES `brokerings` (`id`),
  CONSTRAINT `FK1AEDD3F397ECA054` FOREIGN KEY (`cancelled_by_id`) REFERENCES `members` (`id`),
  CONSTRAINT `FK1AEDD3F3F7069BBE` FOREIGN KEY (`broker_commission_id`) REFERENCES `transaction_fees` (`id`)
) ENGINE=InnoDB DEFAULT CHARSET=utf8;
/*!40101 SET character_set_client = @saved_cs_client */;

--
-- Dumping data for table `broker_commission_contracts`
--

LOCK TABLES `broker_commission_contracts` WRITE;
/*!40000 ALTER TABLE `broker_commission_contracts` DISABLE KEYS */;
/*!40000 ALTER TABLE `broker_commission_contracts` ENABLE KEYS */;
UNLOCK TABLES;

--
-- Table structure for table `broker_conversion_simulation_transfer_types`
--

DROP TABLE IF EXISTS `broker_conversion_simulation_transfer_types`;
/*!40101 SET @saved_cs_client     = @@character_set_client */;
/*!40101 SET character_set_client = utf8 */;
CREATE TABLE `broker_conversion_simulation_transfer_types` (
  `group_id` int(11) NOT NULL,
  `transfer_type_id` int(11) NOT NULL,
  KEY `FKA32CA71AA4766B0A` (`transfer_type_id`),
  KEY `FKA32CA71A85B3A90F` (`group_id`),
  CONSTRAINT `FKA32CA71A85B3A90F` FOREIGN KEY (`group_id`) REFERENCES `groups` (`id`),
  CONSTRAINT `FKA32CA71AA4766B0A` FOREIGN KEY (`transfer_type_id`) REFERENCES `transfer_types` (`id`)
) ENGINE=InnoDB DEFAULT CHARSET=utf8;
/*!40101 SET character_set_client = @saved_cs_client */;

--
-- Dumping data for table `broker_conversion_simulation_transfer_types`
--

LOCK TABLES `broker_conversion_simulation_transfer_types` WRITE;
/*!40000 ALTER TABLE `broker_conversion_simulation_transfer_types` DISABLE KEYS */;
/*!40000 ALTER TABLE `broker_conversion_simulation_transfer_types` ENABLE KEYS */;
UNLOCK TABLES;

--
-- Table structure for table `broker_groups_create_member_record_types`
--

DROP TABLE IF EXISTS `broker_groups_create_member_record_types`;
/*!40101 SET @saved_cs_client     = @@character_set_client */;
/*!40101 SET character_set_client = utf8 */;
CREATE TABLE `broker_groups_create_member_record_types` (
  `group_id` int(11) NOT NULL,
  `member_record_type_id` int(11) NOT NULL,
  KEY `FKA9B20B32E46288C5` (`member_record_type_id`),
  KEY `FKA9B20B3285B3A90F` (`group_id`),
  CONSTRAINT `FKA9B20B3285B3A90F` FOREIGN KEY (`group_id`) REFERENCES `groups` (`id`),
  CONSTRAINT `FKA9B20B32E46288C5` FOREIGN KEY (`member_record_type_id`) REFERENCES `member_record_types` (`id`)
) ENGINE=InnoDB DEFAULT CHARSET=utf8;
/*!40101 SET character_set_client = @saved_cs_client */;

--
-- Dumping data for table `broker_groups_create_member_record_types`
--

LOCK TABLES `broker_groups_create_member_record_types` WRITE;
/*!40000 ALTER TABLE `broker_groups_create_member_record_types` DISABLE KEYS */;
INSERT INTO `broker_groups_create_member_record_types` VALUES (9,1);
/*!40000 ALTER TABLE `broker_groups_create_member_record_types` ENABLE KEYS */;
UNLOCK TABLES;

--
-- Table structure for table `broker_groups_delete_member_record_types`
--

DROP TABLE IF EXISTS `broker_groups_delete_member_record_types`;
/*!40101 SET @saved_cs_client     = @@character_set_client */;
/*!40101 SET character_set_client = utf8 */;
CREATE TABLE `broker_groups_delete_member_record_types` (
  `group_id` int(11) NOT NULL,
  `member_record_type_id` int(11) NOT NULL,
  KEY `FK1E8C261E46288C5` (`member_record_type_id`),
  KEY `FK1E8C26185B3A90F` (`group_id`),
  CONSTRAINT `FK1E8C26185B3A90F` FOREIGN KEY (`group_id`) REFERENCES `groups` (`id`),
  CONSTRAINT `FK1E8C261E46288C5` FOREIGN KEY (`member_record_type_id`) REFERENCES `member_record_types` (`id`)
) ENGINE=InnoDB DEFAULT CHARSET=utf8;
/*!40101 SET character_set_client = @saved_cs_client */;

--
-- Dumping data for table `broker_groups_delete_member_record_types`
--

LOCK TABLES `broker_groups_delete_member_record_types` WRITE;
/*!40000 ALTER TABLE `broker_groups_delete_member_record_types` DISABLE KEYS */;
/*!40000 ALTER TABLE `broker_groups_delete_member_record_types` ENABLE KEYS */;
UNLOCK TABLES;

--
-- Table structure for table `broker_groups_documents`
--

DROP TABLE IF EXISTS `broker_groups_documents`;
/*!40101 SET @saved_cs_client     = @@character_set_client */;
/*!40101 SET character_set_client = utf8 */;
CREATE TABLE `broker_groups_documents` (
  `group_id` int(11) NOT NULL,
  `document_id` int(11) NOT NULL,
  KEY `FK81E65B3D6DB8FB3` (`document_id`),
  KEY `FK81E65B385B3A90F` (`group_id`),
  CONSTRAINT `FK81E65B385B3A90F` FOREIGN KEY (`group_id`) REFERENCES `groups` (`id`),
  CONSTRAINT `FK81E65B3D6DB8FB3` FOREIGN KEY (`document_id`) REFERENCES `documents` (`id`)
) ENGINE=InnoDB DEFAULT CHARSET=utf8;
/*!40101 SET character_set_client = @saved_cs_client */;

--
-- Dumping data for table `broker_groups_documents`
--

LOCK TABLES `broker_groups_documents` WRITE;
/*!40000 ALTER TABLE `broker_groups_documents` DISABLE KEYS */;
/*!40000 ALTER TABLE `broker_groups_documents` ENABLE KEYS */;
UNLOCK TABLES;

--
-- Table structure for table `broker_groups_member_record_types`
--

DROP TABLE IF EXISTS `broker_groups_member_record_types`;
/*!40101 SET @saved_cs_client     = @@character_set_client */;
/*!40101 SET character_set_client = utf8 */;
CREATE TABLE `broker_groups_member_record_types` (
  `group_id` int(11) NOT NULL,
  `member_record_type_id` int(11) NOT NULL,
  KEY `FK19FC25CBE46288C5` (`member_record_type_id`),
  KEY `FK19FC25CB85B3A90F` (`group_id`),
  CONSTRAINT `FK19FC25CB85B3A90F` FOREIGN KEY (`group_id`) REFERENCES `groups` (`id`),
  CONSTRAINT `FK19FC25CBE46288C5` FOREIGN KEY (`member_record_type_id`) REFERENCES `member_record_types` (`id`)
) ENGINE=InnoDB DEFAULT CHARSET=utf8;
/*!40101 SET character_set_client = @saved_cs_client */;

--
-- Dumping data for table `broker_groups_member_record_types`
--

LOCK TABLES `broker_groups_member_record_types` WRITE;
/*!40000 ALTER TABLE `broker_groups_member_record_types` DISABLE KEYS */;
INSERT INTO `broker_groups_member_record_types` VALUES (9,1);
/*!40000 ALTER TABLE `broker_groups_member_record_types` ENABLE KEYS */;
UNLOCK TABLES;

--
-- Table structure for table `broker_groups_modify_member_record_types`
--

DROP TABLE IF EXISTS `broker_groups_modify_member_record_types`;
/*!40101 SET @saved_cs_client     = @@character_set_client */;
/*!40101 SET character_set_client = utf8 */;
CREATE TABLE `broker_groups_modify_member_record_types` (
  `group_id` int(11) NOT NULL,
  `member_record_type_id` int(11) NOT NULL,
  KEY `FK25CC97F0E46288C5` (`member_record_type_id`),
  KEY `FK25CC97F085B3A90F` (`group_id`),
  CONSTRAINT `FK25CC97F085B3A90F` FOREIGN KEY (`group_id`) REFERENCES `groups` (`id`),
  CONSTRAINT `FK25CC97F0E46288C5` FOREIGN KEY (`member_record_type_id`) REFERENCES `member_record_types` (`id`)
) ENGINE=InnoDB DEFAULT CHARSET=utf8;
/*!40101 SET character_set_client = @saved_cs_client */;

--
-- Dumping data for table `broker_groups_modify_member_record_types`
--

LOCK TABLES `broker_groups_modify_member_record_types` WRITE;
/*!40000 ALTER TABLE `broker_groups_modify_member_record_types` DISABLE KEYS */;
/*!40000 ALTER TABLE `broker_groups_modify_member_record_types` ENABLE KEYS */;
UNLOCK TABLES;

--
-- Table structure for table `broker_groups_possible_initial_groups`
--

DROP TABLE IF EXISTS `broker_groups_possible_initial_groups`;
/*!40101 SET @saved_cs_client     = @@character_set_client */;
/*!40101 SET character_set_client = utf8 */;
CREATE TABLE `broker_groups_possible_initial_groups` (
  `possible_initial_group_id` int(11) NOT NULL,
  `group_id` int(11) NOT NULL,
  KEY `FK3DAD1F7885B3A90F` (`group_id`),
  KEY `FK3DAD1F782703D697` (`possible_initial_group_id`),
  CONSTRAINT `FK3DAD1F782703D697` FOREIGN KEY (`possible_initial_group_id`) REFERENCES `groups` (`id`),
  CONSTRAINT `FK3DAD1F7885B3A90F` FOREIGN KEY (`group_id`) REFERENCES `groups` (`id`)
) ENGINE=InnoDB DEFAULT CHARSET=utf8;
/*!40101 SET character_set_client = @saved_cs_client */;

--
-- Dumping data for table `broker_groups_possible_initial_groups`
--

LOCK TABLES `broker_groups_possible_initial_groups` WRITE;
/*!40000 ALTER TABLE `broker_groups_possible_initial_groups` DISABLE KEYS */;
INSERT INTO `broker_groups_possible_initial_groups` VALUES (5,9);
/*!40000 ALTER TABLE `broker_groups_possible_initial_groups` ENABLE KEYS */;
UNLOCK TABLES;

--
-- Table structure for table `broker_groups_transaction_fees`
--

DROP TABLE IF EXISTS `broker_groups_transaction_fees`;
/*!40101 SET @saved_cs_client     = @@character_set_client */;
/*!40101 SET character_set_client = utf8 */;
CREATE TABLE `broker_groups_transaction_fees` (
  `transaction_fee_id` int(11) NOT NULL,
  `group_id` int(11) NOT NULL,
  KEY `FK8E3E931385B3A90F` (`group_id`),
  KEY `FK8E3E9313CA99FDAA` (`transaction_fee_id`),
  CONSTRAINT `FK8E3E9313CA99FDAA` FOREIGN KEY (`transaction_fee_id`) REFERENCES `transaction_fees` (`id`),
  CONSTRAINT `FK8E3E931385B3A90F` FOREIGN KEY (`group_id`) REFERENCES `groups` (`id`)
) ENGINE=InnoDB DEFAULT CHARSET=utf8;
/*!40101 SET character_set_client = @saved_cs_client */;

--
-- Dumping data for table `broker_groups_transaction_fees`
--

LOCK TABLES `broker_groups_transaction_fees` WRITE;
/*!40000 ALTER TABLE `broker_groups_transaction_fees` DISABLE KEYS */;
/*!40000 ALTER TABLE `broker_groups_transaction_fees` ENABLE KEYS */;
UNLOCK TABLES;

--
-- Table structure for table `brokering_commission_status`
--

DROP TABLE IF EXISTS `brokering_commission_status`;
/*!40101 SET @saved_cs_client     = @@character_set_client */;
/*!40101 SET character_set_client = utf8 */;
CREATE TABLE `brokering_commission_status` (
  `id` int(11) NOT NULL AUTO_INCREMENT,
  `brokering_id` int(11) DEFAULT NULL,
  `broker_commission_id` int(11) DEFAULT NULL,
  `when_apply` varchar(1) NOT NULL,
  `amount` decimal(15,6) NOT NULL,
  `amount_type` char(1) NOT NULL,
  `start_date` date NOT NULL,
  `end_date` date DEFAULT NULL,
  `creation_date` datetime DEFAULT NULL,
  `expiry_date` date DEFAULT NULL,
  `max_count` int(11) DEFAULT NULL,
  `total_count` int(11) NOT NULL DEFAULT '0',
  `total_amount` decimal(21,6) NOT NULL DEFAULT '0.000000',
  PRIMARY KEY (`id`),
  KEY `FK1E5A2870F7069BBE` (`broker_commission_id`),
  KEY `FK1E5A2870F096D933` (`brokering_id`),
  CONSTRAINT `FK1E5A2870F096D933` FOREIGN KEY (`brokering_id`) REFERENCES `brokerings` (`id`),
  CONSTRAINT `FK1E5A2870F7069BBE` FOREIGN KEY (`broker_commission_id`) REFERENCES `transaction_fees` (`id`)
) ENGINE=InnoDB AUTO_INCREMENT=2 DEFAULT CHARSET=utf8;
/*!40101 SET character_set_client = @saved_cs_client */;

--
-- Dumping data for table `brokering_commission_status`
--

LOCK TABLES `brokering_commission_status` WRITE;
/*!40000 ALTER TABLE `brokering_commission_status` DISABLE KEYS */;
INSERT INTO `brokering_commission_status` VALUES (1,1,2,'C','2.500000','P','2013-12-15',NULL,'2013-12-15 03:15:37',NULL,20,0,'0.000000');
/*!40000 ALTER TABLE `brokering_commission_status` ENABLE KEYS */;
UNLOCK TABLES;

--
-- Table structure for table `brokerings`
--

DROP TABLE IF EXISTS `brokerings`;
/*!40101 SET @saved_cs_client     = @@character_set_client */;
/*!40101 SET character_set_client = utf8 */;
CREATE TABLE `brokerings` (
  `id` int(11) NOT NULL AUTO_INCREMENT,
  `broker_id` int(11) NOT NULL,
  `brokered_id` int(11) NOT NULL,
  `start_date` datetime NOT NULL,
  `end_date` datetime DEFAULT NULL,
  PRIMARY KEY (`id`),
  KEY `FK6445482A4B8741B8` (`broker_id`),
  KEY `FK6445482ABF06B6F9` (`brokered_id`),
  CONSTRAINT `FK6445482ABF06B6F9` FOREIGN KEY (`brokered_id`) REFERENCES `members` (`id`),
  CONSTRAINT `FK6445482A4B8741B8` FOREIGN KEY (`broker_id`) REFERENCES `members` (`id`)
) ENGINE=InnoDB AUTO_INCREMENT=2 DEFAULT CHARSET=utf8;
/*!40101 SET character_set_client = @saved_cs_client */;

--
-- Dumping data for table `brokerings`
--

LOCK TABLES `brokerings` WRITE;
/*!40000 ALTER TABLE `brokerings` DISABLE KEYS */;
INSERT INTO `brokerings` VALUES (1,3,2,'2013-12-15 03:15:37',NULL);
/*!40000 ALTER TABLE `brokerings` ENABLE KEYS */;
UNLOCK TABLES;

--
-- Table structure for table `can_view_message_categories`
--

DROP TABLE IF EXISTS `can_view_message_categories`;
/*!40101 SET @saved_cs_client     = @@character_set_client */;
/*!40101 SET character_set_client = utf8 */;
CREATE TABLE `can_view_message_categories` (
  `group_id` int(11) NOT NULL,
  `category_id` int(11) NOT NULL,
  KEY `FKDFC12DBF3F6F4BDC` (`category_id`),
  KEY `FKDFC12DBF659B479` (`group_id`),
  CONSTRAINT `FKDFC12DBF659B479` FOREIGN KEY (`group_id`) REFERENCES `groups` (`id`),
  CONSTRAINT `FKDFC12DBF3F6F4BDC` FOREIGN KEY (`category_id`) REFERENCES `message_categories` (`id`)
) ENGINE=InnoDB DEFAULT CHARSET=utf8;
/*!40101 SET character_set_client = @saved_cs_client */;

--
-- Dumping data for table `can_view_message_categories`
--

LOCK TABLES `can_view_message_categories` WRITE;
/*!40000 ALTER TABLE `can_view_message_categories` DISABLE KEYS */;
INSERT INTO `can_view_message_categories` VALUES (1,1),(1,2),(1,3),(2,1),(2,2),(2,3),(9,1),(9,2),(9,3),(5,2),(5,3),(5,1);
/*!40000 ALTER TABLE `can_view_message_categories` ENABLE KEYS */;
UNLOCK TABLES;

--
-- Table structure for table `card_logs`
--

DROP TABLE IF EXISTS `card_logs`;
/*!40101 SET @saved_cs_client     = @@character_set_client */;
/*!40101 SET character_set_client = utf8 */;
CREATE TABLE `card_logs` (
  `id` int(11) NOT NULL AUTO_INCREMENT,
  `date` datetime DEFAULT NULL,
  `status` varchar(1) NOT NULL,
  `card_id` int(11) NOT NULL,
  `by_id` int(11) DEFAULT NULL,
  PRIMARY KEY (`id`),
  KEY `FKF1616D7E2B1214C2` (`by_id`),
  KEY `FKF1616D7E293F7A45` (`card_id`),
  CONSTRAINT `FKF1616D7E293F7A45` FOREIGN KEY (`card_id`) REFERENCES `cards` (`id`),
  CONSTRAINT `FKF1616D7E2B1214C2` FOREIGN KEY (`by_id`) REFERENCES `members` (`id`)
) ENGINE=InnoDB DEFAULT CHARSET=utf8;
/*!40101 SET character_set_client = @saved_cs_client */;

--
-- Dumping data for table `card_logs`
--

LOCK TABLES `card_logs` WRITE;
/*!40000 ALTER TABLE `card_logs` DISABLE KEYS */;
/*!40000 ALTER TABLE `card_logs` ENABLE KEYS */;
UNLOCK TABLES;

--
-- Table structure for table `card_types`
--

DROP TABLE IF EXISTS `card_types`;
/*!40101 SET @saved_cs_client     = @@character_set_client */;
/*!40101 SET character_set_client = utf8 */;
CREATE TABLE `card_types` (
  `id` int(11) NOT NULL AUTO_INCREMENT,
  `name` varchar(100) NOT NULL,
  `card_format_number` varchar(56) DEFAULT NULL,
  `default_expiration_number` int(11) DEFAULT NULL,
  `default_expiration_field` int(11) DEFAULT NULL,
  `card_security_code` varchar(1) DEFAULT NULL,
  `show_card_security_code` bit(1) NOT NULL DEFAULT b'0',
  `ignore_day_in_expiration_date` bit(1) NOT NULL DEFAULT b'0',
  `min_card_security_code_length` int(11) DEFAULT NULL,
  `max_card_security_code_length` int(11) DEFAULT NULL,
  `security_code_block_time_number` int(11) DEFAULT NULL,
  `security_code_block_time_field` int(11) DEFAULT NULL,
  `max_security_code_tries` int(11) DEFAULT NULL,
  PRIMARY KEY (`id`)
) ENGINE=InnoDB DEFAULT CHARSET=utf8;
/*!40101 SET character_set_client = @saved_cs_client */;

--
-- Dumping data for table `card_types`
--

LOCK TABLES `card_types` WRITE;
/*!40000 ALTER TABLE `card_types` DISABLE KEYS */;
/*!40000 ALTER TABLE `card_types` ENABLE KEYS */;
UNLOCK TABLES;

--
-- Table structure for table `cards`
--

DROP TABLE IF EXISTS `cards`;
/*!40101 SET @saved_cs_client     = @@character_set_client */;
/*!40101 SET character_set_client = utf8 */;
CREATE TABLE `cards` (
  `id` int(11) NOT NULL AUTO_INCREMENT,
  `card_type_id` int(11) NOT NULL,
  `card_number` decimal(19,0) DEFAULT NULL,
  `card_security_code` varchar(64) DEFAULT NULL,
  `creation_date` datetime DEFAULT NULL,
  `activation_date` datetime DEFAULT NULL,
  `expiration_date` date DEFAULT NULL,
  `card_security_code_blocked_until` datetime DEFAULT NULL,
  `owner_id` int(11) NOT NULL,
  `status` varchar(1) NOT NULL,
  PRIMARY KEY (`id`),
  UNIQUE KEY `card_number` (`card_number`),
  KEY `FK5A0E763FE01A09E` (`owner_id`),
  KEY `FK5A0E7638595CD86` (`card_type_id`),
  CONSTRAINT `FK5A0E7638595CD86` FOREIGN KEY (`card_type_id`) REFERENCES `card_types` (`id`),
  CONSTRAINT `FK5A0E763FE01A09E` FOREIGN KEY (`owner_id`) REFERENCES `members` (`id`)
) ENGINE=InnoDB DEFAULT CHARSET=utf8;
/*!40101 SET character_set_client = @saved_cs_client */;

--
-- Dumping data for table `cards`
--

LOCK TABLES `cards` WRITE;
/*!40000 ALTER TABLE `cards` DISABLE KEYS */;
/*!40000 ALTER TABLE `cards` ENABLE KEYS */;
UNLOCK TABLES;

--
-- Table structure for table `certification_logs`
--

DROP TABLE IF EXISTS `certification_logs`;
/*!40101 SET @saved_cs_client     = @@character_set_client */;
/*!40101 SET character_set_client = utf8 */;
CREATE TABLE `certification_logs` (
  `id` int(11) NOT NULL AUTO_INCREMENT,
  `date` datetime NOT NULL,
  `status` varchar(2) NOT NULL,
  `certification_id` int(11) NOT NULL,
  `by_id` int(11) DEFAULT NULL,
  PRIMARY KEY (`id`),
  KEY `FK75720E142B1214C2` (`by_id`),
  KEY `FK75720E14205CEC57` (`certification_id`),
  CONSTRAINT `FK75720E14205CEC57` FOREIGN KEY (`certification_id`) REFERENCES `certifications` (`id`),
  CONSTRAINT `FK75720E142B1214C2` FOREIGN KEY (`by_id`) REFERENCES `members` (`id`)
) ENGINE=InnoDB DEFAULT CHARSET=utf8;
/*!40101 SET character_set_client = @saved_cs_client */;

--
-- Dumping data for table `certification_logs`
--

LOCK TABLES `certification_logs` WRITE;
/*!40000 ALTER TABLE `certification_logs` DISABLE KEYS */;
/*!40000 ALTER TABLE `certification_logs` ENABLE KEYS */;
UNLOCK TABLES;

--
-- Table structure for table `certifications`
--

DROP TABLE IF EXISTS `certifications`;
/*!40101 SET @saved_cs_client     = @@character_set_client */;
/*!40101 SET character_set_client = utf8 */;
CREATE TABLE `certifications` (
  `id` int(11) NOT NULL AUTO_INCREMENT,
  `amount` decimal(15,6) NOT NULL,
  `begin_date` date DEFAULT NULL,
  `end_date` date DEFAULT NULL,
  `status` varchar(2) NOT NULL,
  `guarantee_type_id` int(11) NOT NULL,
  `buyer_id` int(11) NOT NULL,
  `issuer_id` int(11) NOT NULL,
  PRIMARY KEY (`id`),
  KEY `FK591542F9608B319E` (`buyer_id`),
  KEY `FK591542F99383E848` (`guarantee_type_id`),
  KEY `FK591542F9A5F0DAD8` (`issuer_id`),
  CONSTRAINT `FK591542F9A5F0DAD8` FOREIGN KEY (`issuer_id`) REFERENCES `members` (`id`),
  CONSTRAINT `FK591542F9608B319E` FOREIGN KEY (`buyer_id`) REFERENCES `members` (`id`),
  CONSTRAINT `FK591542F99383E848` FOREIGN KEY (`guarantee_type_id`) REFERENCES `guarantee_types` (`id`)
) ENGINE=InnoDB DEFAULT CHARSET=utf8;
/*!40101 SET character_set_client = @saved_cs_client */;

--
-- Dumping data for table `certifications`
--

LOCK TABLES `certifications` WRITE;
/*!40000 ALTER TABLE `certifications` DISABLE KEYS */;
/*!40000 ALTER TABLE `certifications` ENABLE KEYS */;
UNLOCK TABLES;

--
-- Table structure for table `channels`
--

DROP TABLE IF EXISTS `channels`;
/*!40101 SET @saved_cs_client     = @@character_set_client */;
/*!40101 SET character_set_client = utf8 */;
CREATE TABLE `channels` (
  `id` int(11) NOT NULL AUTO_INCREMENT,
  `internal_name` varchar(50) NOT NULL,
  `display_name` varchar(100) NOT NULL,
  `credentials` varchar(1) NOT NULL,
  `pmt_req_ws_url` varchar(200) DEFAULT NULL,
  PRIMARY KEY (`id`),
  UNIQUE KEY `internal_name` (`internal_name`)
) ENGINE=InnoDB AUTO_INCREMENT=8 DEFAULT CHARSET=utf8;
/*!40101 SET character_set_client = @saved_cs_client */;

--
-- Dumping data for table `channels`
--

LOCK TABLES `channels` WRITE;
/*!40000 ALTER TABLE `channels` DISABLE KEYS */;
INSERT INTO `channels` VALUES (1,'web','Main web access','D',NULL),(2,'rest','Mobile phone application','D',NULL),(3,'wap2','WAP 2 access','D',NULL),(4,'wap1','WAP 1 access','D',NULL),(5,'webshop','Webshop payments','D',NULL),(6,'posweb','Posweb payments','P',NULL),(7,'pos','POS','P',NULL);
/*!40000 ALTER TABLE `channels` ENABLE KEYS */;
UNLOCK TABLES;

--
-- Table structure for table `channels_principals`
--

DROP TABLE IF EXISTS `channels_principals`;
/*!40101 SET @saved_cs_client     = @@character_set_client */;
/*!40101 SET character_set_client = utf8 */;
CREATE TABLE `channels_principals` (
  `id` int(11) NOT NULL AUTO_INCREMENT,
  `channel_id` int(11) NOT NULL,
  `principal` varchar(1) NOT NULL,
  `custom_field_id` int(11) DEFAULT NULL,
  `is_default` bit(1) NOT NULL,
  PRIMARY KEY (`id`),
  KEY `FKDABC45D47514938B` (`custom_field_id`),
  KEY `FKDABC45D49B71D578` (`channel_id`),
  CONSTRAINT `FKDABC45D49B71D578` FOREIGN KEY (`channel_id`) REFERENCES `channels` (`id`),
  CONSTRAINT `FKDABC45D47514938B` FOREIGN KEY (`custom_field_id`) REFERENCES `custom_fields` (`id`)
) ENGINE=InnoDB DEFAULT CHARSET=utf8;
/*!40101 SET character_set_client = @saved_cs_client */;

--
-- Dumping data for table `channels_principals`
--

LOCK TABLES `channels_principals` WRITE;
/*!40000 ALTER TABLE `channels_principals` DISABLE KEYS */;
/*!40000 ALTER TABLE `channels_principals` ENABLE KEYS */;
UNLOCK TABLES;

--
-- Table structure for table `closed_account_balances`
--

DROP TABLE IF EXISTS `closed_account_balances`;
/*!40101 SET @saved_cs_client     = @@character_set_client */;
/*!40101 SET character_set_client = utf8 */;
CREATE TABLE `closed_account_balances` (
  `id` bigint(20) NOT NULL AUTO_INCREMENT,
  `account_id` int(11) NOT NULL,
  `date` date NOT NULL,
  `balance` decimal(21,6) NOT NULL DEFAULT '0.000000',
  `reserved` decimal(21,6) NOT NULL DEFAULT '0.000000',
  PRIMARY KEY (`id`),
  KEY `ix_cldacctbal_account_date` (`account_id`,`date`),
  KEY `FK8FF83D5C3317FFBA` (`account_id`),
  CONSTRAINT `FK8FF83D5C3317FFBA` FOREIGN KEY (`account_id`) REFERENCES `accounts` (`id`)
) ENGINE=InnoDB DEFAULT CHARSET=utf8;
/*!40101 SET character_set_client = @saved_cs_client */;

--
-- Dumping data for table `closed_account_balances`
--

LOCK TABLES `closed_account_balances` WRITE;
/*!40000 ALTER TABLE `closed_account_balances` DISABLE KEYS */;
/*!40000 ALTER TABLE `closed_account_balances` ENABLE KEYS */;
UNLOCK TABLES;

--
-- Table structure for table `contacts`
--

DROP TABLE IF EXISTS `contacts`;
/*!40101 SET @saved_cs_client     = @@character_set_client */;
/*!40101 SET character_set_client = utf8 */;
CREATE TABLE `contacts` (
  `id` int(11) NOT NULL AUTO_INCREMENT,
  `owner_id` int(11) NOT NULL,
  `contact_id` int(11) NOT NULL,
  `notes` longtext,
  PRIMARY KEY (`id`),
  UNIQUE KEY `owner_id` (`owner_id`,`contact_id`),
  KEY `FKDE2D6053A3365C11` (`contact_id`),
  KEY `FKDE2D6053FE01A09E` (`owner_id`),
  CONSTRAINT `FKDE2D6053FE01A09E` FOREIGN KEY (`owner_id`) REFERENCES `members` (`id`),
  CONSTRAINT `FKDE2D6053A3365C11` FOREIGN KEY (`contact_id`) REFERENCES `members` (`id`)
) ENGINE=InnoDB DEFAULT CHARSET=utf8;
/*!40101 SET character_set_client = @saved_cs_client */;

--
-- Dumping data for table `contacts`
--

LOCK TABLES `contacts` WRITE;
/*!40000 ALTER TABLE `contacts` DISABLE KEYS */;
/*!40000 ALTER TABLE `contacts` ENABLE KEYS */;
UNLOCK TABLES;

--
-- Table structure for table `currencies`
--

DROP TABLE IF EXISTS `currencies`;
/*!40101 SET @saved_cs_client     = @@character_set_client */;
/*!40101 SET character_set_client = utf8 */;
CREATE TABLE `currencies` (
  `id` int(11) NOT NULL AUTO_INCREMENT,
  `name` varchar(100) NOT NULL,
  `symbol` varchar(20) NOT NULL,
  `pattern` varchar(30) NOT NULL,
  `description` longtext,
  `a_rate_params_id` int(11) DEFAULT NULL,
  `d_rate_params_id` int(11) DEFAULT NULL,
  `i_rate_params_id` int(11) DEFAULT NULL,
  PRIMARY KEY (`id`),
  KEY `FKBF10006FD5E3649E` (`d_rate_params_id`),
  KEY `FKBF10006F239B8C3E` (`a_rate_params_id`),
  KEY `FKBF10006FFF05CD3E` (`i_rate_params_id`),
  CONSTRAINT `FKBF10006FFF05CD3E` FOREIGN KEY (`i_rate_params_id`) REFERENCES `rate_parameters` (`id`),
  CONSTRAINT `FKBF10006F239B8C3E` FOREIGN KEY (`a_rate_params_id`) REFERENCES `rate_parameters` (`id`),
  CONSTRAINT `FKBF10006FD5E3649E` FOREIGN KEY (`d_rate_params_id`) REFERENCES `rate_parameters` (`id`)
) ENGINE=InnoDB AUTO_INCREMENT=4 DEFAULT CHARSET=utf8;
/*!40101 SET character_set_client = @saved_cs_client */;

--
-- Dumping data for table `currencies`
--

LOCK TABLES `currencies` WRITE;
/*!40000 ALTER TABLE `currencies` DISABLE KEYS */;
INSERT INTO `currencies` VALUES (1,'US Dollar','USD','$#amount#',NULL,NULL,NULL,NULL),(2,'Brazilian Real','BRL','R$#amount#',NULL,NULL,NULL,NULL),(3,'Points','Points','#amount# points',NULL,NULL,NULL,NULL);
/*!40000 ALTER TABLE `currencies` ENABLE KEYS */;
UNLOCK TABLES;

--
-- Table structure for table `custom_field_possible_values`
--

DROP TABLE IF EXISTS `custom_field_possible_values`;
/*!40101 SET @saved_cs_client     = @@character_set_client */;
/*!40101 SET character_set_client = utf8 */;
CREATE TABLE `custom_field_possible_values` (
  `id` int(11) NOT NULL AUTO_INCREMENT,
  `field_id` int(11) DEFAULT NULL,
  `parent_id` int(11) DEFAULT NULL,
  `value` varchar(255) NOT NULL,
  `is_enabled` bit(1) NOT NULL DEFAULT b'1',
  `is_default` bit(1) NOT NULL DEFAULT b'0',
  PRIMARY KEY (`id`),
  UNIQUE KEY `field_id` (`field_id`,`parent_id`,`value`),
  KEY `FK8C2BD41DB0A99719` (`parent_id`),
  KEY `FK8C2BD41DD6C28FF7` (`field_id`),
  CONSTRAINT `FK8C2BD41DD6C28FF7` FOREIGN KEY (`field_id`) REFERENCES `custom_fields` (`id`),
  CONSTRAINT `FK8C2BD41DB0A99719` FOREIGN KEY (`parent_id`) REFERENCES `custom_field_possible_values` (`id`)
) ENGINE=InnoDB AUTO_INCREMENT=4 DEFAULT CHARSET=utf8;
/*!40101 SET character_set_client = @saved_cs_client */;

--
-- Dumping data for table `custom_field_possible_values`
--

LOCK TABLES `custom_field_possible_values` WRITE;
/*!40000 ALTER TABLE `custom_field_possible_values` DISABLE KEYS */;
INSERT INTO `custom_field_possible_values` VALUES (1,2,NULL,'Male','','\0'),(2,2,NULL,'Female','','\0'),(3,6,NULL,'Example area','','\0');
/*!40000 ALTER TABLE `custom_field_possible_values` ENABLE KEYS */;
UNLOCK TABLES;

--
-- Table structure for table `custom_field_values`
--

DROP TABLE IF EXISTS `custom_field_values`;
/*!40101 SET @saved_cs_client     = @@character_set_client */;
/*!40101 SET character_set_client = utf8 */;
CREATE TABLE `custom_field_values` (
  `id` int(11) NOT NULL AUTO_INCREMENT,
  `subclass` varchar(10) NOT NULL,
  `field_id` int(11) DEFAULT NULL,
  `string_value` varchar(4000) DEFAULT NULL,
  `possible_value_id` int(11) DEFAULT NULL,
  `member_value_id` int(11) DEFAULT NULL,
  `member_id` int(11) DEFAULT NULL,
  `pending_member_id` int(11) DEFAULT NULL,
  `imported_member_id` int(11) DEFAULT NULL,
  `member_hidden` bit(1) NOT NULL DEFAULT b'0',
  `admin_id` int(11) DEFAULT NULL,
  `operator_id` int(11) DEFAULT NULL,
  `ad_id` int(11) DEFAULT NULL,
  `scheduled_payment_id` int(11) DEFAULT NULL,
  `transfer_id` bigint(20) DEFAULT NULL,
  `invoice_id` int(11) DEFAULT NULL,
  `guarantee_id` int(11) DEFAULT NULL,
  `loan_group_id` int(11) DEFAULT NULL,
  `member_record_id` int(11) DEFAULT NULL,
  `imported_ad_id` int(11) DEFAULT NULL,
  `imported_member_record_id` int(11) DEFAULT NULL,
  PRIMARY KEY (`id`),
  KEY `ix_string_value` (`string_value`(255)),
  KEY `FK8AE18A15B3A79238` (`scheduled_payment_id`),
  KEY `FK8AE18A152F78F3B3` (`transfer_id`),
  KEY `FK8AE18A1529C0E817` (`guarantee_id`),
  KEY `FK8AE18A1573D9F3D7` (`operator_id`),
  KEY `FK8AE18A15EA75B58B` (`imported_member_record_id`),
  KEY `FK8AE18A15D6C28FF7` (`field_id`),
  KEY `FK8AE18A15CA915C00` (`possible_value_id`),
  KEY `FK8AE18A15EAE0AB57` (`member_id`),
  KEY `FK8AE18A15629CF4CC` (`pending_member_id`),
  KEY `FK8AE18A15CAF74240` (`ad_id`),
  KEY `FK8AE18A15B1DE9525` (`member_value_id`),
  KEY `FK8AE18A15E9B959A1` (`invoice_id`),
  KEY `FK8AE18A15D2DEA05B` (`admin_id`),
  KEY `FK8AE18A15726DC538` (`member_record_id`),
  KEY `FK8AE18A1554774F2E` (`loan_group_id`),
  KEY `FK8AE18A15A71C13E9` (`imported_ad_id`),
  KEY `FK8AE18A1581B2B280` (`imported_member_id`),
  CONSTRAINT `FK8AE18A1581B2B280` FOREIGN KEY (`imported_member_id`) REFERENCES `imported_members` (`id`),
  CONSTRAINT `FK8AE18A1529C0E817` FOREIGN KEY (`guarantee_id`) REFERENCES `guarantees` (`id`),
  CONSTRAINT `FK8AE18A152F78F3B3` FOREIGN KEY (`transfer_id`) REFERENCES `transfers` (`id`),
  CONSTRAINT `FK8AE18A1554774F2E` FOREIGN KEY (`loan_group_id`) REFERENCES `loan_groups` (`id`),
  CONSTRAINT `FK8AE18A15629CF4CC` FOREIGN KEY (`pending_member_id`) REFERENCES `pending_members` (`id`),
  CONSTRAINT `FK8AE18A15726DC538` FOREIGN KEY (`member_record_id`) REFERENCES `member_records` (`id`),
  CONSTRAINT `FK8AE18A1573D9F3D7` FOREIGN KEY (`operator_id`) REFERENCES `members` (`id`),
  CONSTRAINT `FK8AE18A15A71C13E9` FOREIGN KEY (`imported_ad_id`) REFERENCES `imported_ads` (`id`),
  CONSTRAINT `FK8AE18A15B1DE9525` FOREIGN KEY (`member_value_id`) REFERENCES `members` (`id`),
  CONSTRAINT `FK8AE18A15B3A79238` FOREIGN KEY (`scheduled_payment_id`) REFERENCES `scheduled_payments` (`id`),
  CONSTRAINT `FK8AE18A15CA915C00` FOREIGN KEY (`possible_value_id`) REFERENCES `custom_field_possible_values` (`id`),
  CONSTRAINT `FK8AE18A15CAF74240` FOREIGN KEY (`ad_id`) REFERENCES `ads` (`id`),
  CONSTRAINT `FK8AE18A15D2DEA05B` FOREIGN KEY (`admin_id`) REFERENCES `members` (`id`),
  CONSTRAINT `FK8AE18A15D6C28FF7` FOREIGN KEY (`field_id`) REFERENCES `custom_fields` (`id`),
  CONSTRAINT `FK8AE18A15E9B959A1` FOREIGN KEY (`invoice_id`) REFERENCES `invoices` (`id`),
  CONSTRAINT `FK8AE18A15EA75B58B` FOREIGN KEY (`imported_member_record_id`) REFERENCES `imported_member_records` (`id`),
  CONSTRAINT `FK8AE18A15EAE0AB57` FOREIGN KEY (`member_id`) REFERENCES `members` (`id`)
) ENGINE=InnoDB AUTO_INCREMENT=31 DEFAULT CHARSET=utf8;
/*!40101 SET character_set_client = @saved_cs_client */;

--
-- Dumping data for table `custom_field_values`
--

LOCK TABLES `custom_field_values` WRITE;
/*!40000 ALTER TABLE `custom_field_values` DISABLE KEYS */;
INSERT INTO `custom_field_values` VALUES (1,'member',1,'02/03/1981',NULL,NULL,2,NULL,NULL,'\0',NULL,NULL,NULL,NULL,NULL,NULL,NULL,NULL,NULL,NULL,NULL),(2,'member',2,NULL,1,NULL,2,NULL,NULL,'\0',NULL,NULL,NULL,NULL,NULL,NULL,NULL,NULL,NULL,NULL,NULL),(3,'member',3,'4959 SW 33rd Way',NULL,NULL,2,NULL,NULL,'\0',NULL,NULL,NULL,NULL,NULL,NULL,NULL,NULL,NULL,NULL,NULL),(4,'member',4,'33312',NULL,NULL,2,NULL,NULL,'\0',NULL,NULL,NULL,NULL,NULL,NULL,NULL,NULL,NULL,NULL,NULL),(5,'member',5,'Hollywood',NULL,NULL,2,NULL,NULL,'\0',NULL,NULL,NULL,NULL,NULL,NULL,NULL,NULL,NULL,NULL,NULL),(6,'member',6,NULL,NULL,NULL,2,NULL,NULL,'\0',NULL,NULL,NULL,NULL,NULL,NULL,NULL,NULL,NULL,NULL,NULL),(7,'member',7,'305-349-3387',NULL,NULL,2,NULL,NULL,'\0',NULL,NULL,NULL,NULL,NULL,NULL,NULL,NULL,NULL,NULL,NULL),(8,'member',8,'305-342-2557',NULL,NULL,2,NULL,NULL,'\0',NULL,NULL,NULL,NULL,NULL,NULL,NULL,NULL,NULL,NULL,NULL),(9,'member',9,NULL,NULL,NULL,2,NULL,NULL,'\0',NULL,NULL,NULL,NULL,NULL,NULL,NULL,NULL,NULL,NULL,NULL),(10,'member',10,NULL,NULL,NULL,2,NULL,NULL,'\0',NULL,NULL,NULL,NULL,NULL,NULL,NULL,NULL,NULL,NULL,NULL),(21,'member',1,'15/12/2013',NULL,NULL,3,NULL,NULL,'\0',NULL,NULL,NULL,NULL,NULL,NULL,NULL,NULL,NULL,NULL,NULL),(22,'member',2,NULL,1,NULL,3,NULL,NULL,'\0',NULL,NULL,NULL,NULL,NULL,NULL,NULL,NULL,NULL,NULL,NULL),(23,'member',3,NULL,NULL,NULL,3,NULL,NULL,'\0',NULL,NULL,NULL,NULL,NULL,NULL,NULL,NULL,NULL,NULL,NULL),(24,'member',4,NULL,NULL,NULL,3,NULL,NULL,'\0',NULL,NULL,NULL,NULL,NULL,NULL,NULL,NULL,NULL,NULL,NULL),(25,'member',5,NULL,NULL,NULL,3,NULL,NULL,'\0',NULL,NULL,NULL,NULL,NULL,NULL,NULL,NULL,NULL,NULL,NULL),(26,'member',6,NULL,NULL,NULL,3,NULL,NULL,'\0',NULL,NULL,NULL,NULL,NULL,NULL,NULL,NULL,NULL,NULL,NULL),(27,'member',7,NULL,NULL,NULL,3,NULL,NULL,'\0',NULL,NULL,NULL,NULL,NULL,NULL,NULL,NULL,NULL,NULL,NULL),(28,'member',8,NULL,NULL,NULL,3,NULL,NULL,'\0',NULL,NULL,NULL,NULL,NULL,NULL,NULL,NULL,NULL,NULL,NULL),(29,'member',9,NULL,NULL,NULL,3,NULL,NULL,'\0',NULL,NULL,NULL,NULL,NULL,NULL,NULL,NULL,NULL,NULL,NULL),(30,'member',10,NULL,NULL,NULL,3,NULL,NULL,'\0',NULL,NULL,NULL,NULL,NULL,NULL,NULL,NULL,NULL,NULL,NULL);
/*!40000 ALTER TABLE `custom_field_values` ENABLE KEYS */;
UNLOCK TABLES;

--
-- Table structure for table `custom_fields`
--

DROP TABLE IF EXISTS `custom_fields`;
/*!40101 SET @saved_cs_client     = @@character_set_client */;
/*!40101 SET character_set_client = utf8 */;
CREATE TABLE `custom_fields` (
  `id` int(11) NOT NULL AUTO_INCREMENT,
  `subclass` varchar(10) NOT NULL,
  `internal_name` varchar(50) NOT NULL,
  `name` varchar(100) NOT NULL,
  `order_number` smallint(6) NOT NULL,
  `type` varchar(10) NOT NULL,
  `control` varchar(10) NOT NULL,
  `size` varchar(1) DEFAULT NULL,
  `val_required` bit(1) NOT NULL,
  `val_unique` bit(1) NOT NULL,
  `val_min_length` smallint(6) DEFAULT NULL,
  `val_max_length` smallint(6) DEFAULT NULL,
  `val_class` varchar(256) DEFAULT NULL,
  `all_selected_label` varchar(100) DEFAULT NULL,
  `pattern` varchar(100) DEFAULT NULL,
  `description` longtext,
  `parent_id` int(11) DEFAULT NULL,
  `member_visibility_access` varchar(1) DEFAULT NULL,
  `member_update_access` varchar(1) DEFAULT NULL,
  `member_search_access` varchar(1) DEFAULT NULL,
  `member_loan_search_access` varchar(1) DEFAULT NULL,
  `member_ad_search_access` varchar(1) DEFAULT NULL,
  `member_can_hide` bit(1) NOT NULL DEFAULT b'0',
  `member_show_in_print` bit(1) NOT NULL DEFAULT b'0',
  `member_indexing` varchar(1) DEFAULT NULL,
  `member_id` int(11) DEFAULT NULL,
  `operator_visibility` varchar(1) DEFAULT NULL,
  `ad_show_in_search` bit(1) NOT NULL DEFAULT b'0',
  `ad_indexed` bit(1) NOT NULL DEFAULT b'0',
  `ad_visibility` varchar(1) DEFAULT NULL,
  `transfer_type_id` int(11) DEFAULT NULL,
  `payment_enabled` bit(1) NOT NULL DEFAULT b'1',
  `payment_search_access` varchar(1) DEFAULT NULL,
  `payment_list_access` varchar(1) DEFAULT NULL,
  `loan_group_show_in_search` bit(1) NOT NULL DEFAULT b'0',
  `member_record_type_id` int(11) DEFAULT NULL,
  `record_show_in_search` bit(1) NOT NULL DEFAULT b'0',
  `record_show_in_list` bit(1) NOT NULL DEFAULT b'0',
  `record_broker_access` varchar(1) DEFAULT NULL,
  PRIMARY KEY (`id`),
  KEY `FK2EE15F47E46288C5` (`member_record_type_id`),
  KEY `FK2EE15F47EAE0AB57` (`member_id`),
  KEY `FK2EE15F47A4766B0A` (`transfer_type_id`),
  KEY `FK2EE15F478988CA47` (`parent_id`),
  CONSTRAINT `FK2EE15F478988CA47` FOREIGN KEY (`parent_id`) REFERENCES `custom_fields` (`id`),
  CONSTRAINT `FK2EE15F47A4766B0A` FOREIGN KEY (`transfer_type_id`) REFERENCES `transfer_types` (`id`),
  CONSTRAINT `FK2EE15F47E46288C5` FOREIGN KEY (`member_record_type_id`) REFERENCES `member_record_types` (`id`),
  CONSTRAINT `FK2EE15F47EAE0AB57` FOREIGN KEY (`member_id`) REFERENCES `members` (`id`)
) ENGINE=InnoDB AUTO_INCREMENT=14 DEFAULT CHARSET=utf8;
/*!40101 SET character_set_client = @saved_cs_client */;

--
-- Dumping data for table `custom_fields`
--

LOCK TABLES `custom_fields` WRITE;
/*!40000 ALTER TABLE `custom_fields` DISABLE KEYS */;
INSERT INTO `custom_fields` VALUES (1,'member','birthday','Birthday',0,'date','text','S','\0','\0',NULL,NULL,NULL,NULL,NULL,NULL,NULL,'O','M','N','N','N','','','N',NULL,NULL,'\0','\0',NULL,NULL,'',NULL,NULL,'\0',NULL,'\0','\0',NULL),(2,'member','gender','Gender',1,'enum','radio','L','\0','\0',NULL,NULL,NULL,NULL,NULL,NULL,NULL,'O','M','N','N','N','','','N',NULL,NULL,'\0','\0',NULL,NULL,'',NULL,NULL,'\0',NULL,'\0','\0',NULL),(3,'member','address','Address',2,'string','text','L','\0','\0',NULL,NULL,NULL,NULL,NULL,NULL,NULL,'O','M','N','N','N','','','A',NULL,NULL,'\0','\0',NULL,NULL,'',NULL,NULL,'\0',NULL,'\0','\0',NULL),(4,'member','postalCode','Postal code',3,'string','text','L','\0','\0',NULL,NULL,NULL,NULL,NULL,NULL,NULL,'O','M','N','N','N','','','N',NULL,NULL,'\0','\0',NULL,NULL,'',NULL,NULL,'\0',NULL,'\0','\0',NULL),(5,'member','city','City',4,'string','text','L','\0','\0',NULL,NULL,NULL,NULL,NULL,NULL,NULL,'O','M','N','N','N','','','A',NULL,NULL,'\0','\0',NULL,NULL,'',NULL,NULL,'\0',NULL,'\0','\0',NULL),(6,'member','area','Area',5,'enum','select','D','\0','\0',NULL,NULL,NULL,NULL,NULL,NULL,NULL,'O','M','N','N','N','','','A',NULL,NULL,'\0','\0',NULL,NULL,'',NULL,NULL,'\0',NULL,'\0','\0',NULL),(7,'member','phone','Phone',6,'string','text','L','\0','\0',NULL,NULL,NULL,NULL,NULL,NULL,NULL,'O','M','N','N','N','','','N',NULL,NULL,'\0','\0',NULL,NULL,'',NULL,NULL,'\0',NULL,'\0','\0',NULL),(8,'member','mobilePhone','Mobile phone',7,'string','text','L','\0','',NULL,NULL,NULL,NULL,NULL,NULL,NULL,'O','M','N','N','N','','','N',NULL,NULL,'\0','\0',NULL,NULL,'',NULL,NULL,'\0',NULL,'\0','\0',NULL),(9,'member','fax','Fax',8,'string','text','L','\0','\0',NULL,NULL,NULL,NULL,NULL,NULL,NULL,'O','M','N','N','N','','','N',NULL,NULL,'\0','\0',NULL,NULL,'',NULL,NULL,'\0',NULL,'\0','\0',NULL),(10,'member','url','Url',9,'url','text','L','\0','\0',NULL,NULL,NULL,NULL,NULL,NULL,NULL,'O','M','N','N','N','','','N',NULL,NULL,'\0','\0',NULL,NULL,'',NULL,NULL,'\0',NULL,'\0','\0',NULL),(11,'pmt','identifier','Identifier',0,'string','text','S','\0','\0',NULL,NULL,NULL,NULL,NULL,NULL,NULL,NULL,NULL,NULL,NULL,NULL,'\0','\0',NULL,NULL,NULL,'\0','\0',NULL,22,'','F','N','\0',NULL,'\0','\0',NULL),(12,'record','comments','Comments',0,'string','textarea','F','','\0',NULL,NULL,NULL,NULL,NULL,'Remark comments',NULL,NULL,NULL,NULL,NULL,NULL,'\0','\0',NULL,NULL,NULL,'\0','\0',NULL,NULL,'',NULL,NULL,'\0',1,'\0','','E'),(13,'member','Broker','Branch',10,'member','member','D','','\0',0,0,NULL,NULL,NULL,'Branch association',NULL,'R','R','B','N','N','\0','','N',NULL,NULL,'\0','\0',NULL,NULL,'',NULL,NULL,'\0',NULL,'\0','\0',NULL);
/*!40000 ALTER TABLE `custom_fields` ENABLE KEYS */;
UNLOCK TABLES;

--
-- Table structure for table `default_broker_commissions`
--

DROP TABLE IF EXISTS `default_broker_commissions`;
/*!40101 SET @saved_cs_client     = @@character_set_client */;
/*!40101 SET character_set_client = utf8 */;
CREATE TABLE `default_broker_commissions` (
  `id` int(11) NOT NULL AUTO_INCREMENT,
  `broker_id` int(11) DEFAULT NULL,
  `broker_commission_id` int(11) DEFAULT NULL,
  `amount` decimal(15,6) NOT NULL,
  `amount_type` char(1) NOT NULL,
  `when_apply` varchar(1) NOT NULL,
  `when_count` int(11) DEFAULT NULL,
  `set_by_broker` bit(1) DEFAULT NULL,
  `suspended` bit(1) DEFAULT NULL,
  PRIMARY KEY (`id`),
  KEY `FK88481840F7069BBE` (`broker_commission_id`),
  KEY `FK884818404B8741B8` (`broker_id`),
  CONSTRAINT `FK884818404B8741B8` FOREIGN KEY (`broker_id`) REFERENCES `members` (`id`),
  CONSTRAINT `FK88481840F7069BBE` FOREIGN KEY (`broker_commission_id`) REFERENCES `transaction_fees` (`id`)
) ENGINE=InnoDB DEFAULT CHARSET=utf8;
/*!40101 SET character_set_client = @saved_cs_client */;

--
-- Dumping data for table `default_broker_commissions`
--

LOCK TABLES `default_broker_commissions` WRITE;
/*!40000 ALTER TABLE `default_broker_commissions` DISABLE KEYS */;
/*!40000 ALTER TABLE `default_broker_commissions` ENABLE KEYS */;
UNLOCK TABLES;

--
-- Table structure for table `documents`
--

DROP TABLE IF EXISTS `documents`;
/*!40101 SET @saved_cs_client     = @@character_set_client */;
/*!40101 SET character_set_client = utf8 */;
CREATE TABLE `documents` (
  `id` int(11) NOT NULL AUTO_INCREMENT,
  `subclass` varchar(1) NOT NULL,
  `name` varchar(100) NOT NULL,
  `description` longtext,
  `document_page_id` int(11) DEFAULT NULL,
  `form_page_id` int(11) DEFAULT NULL,
  `binary_file_id` int(11) DEFAULT NULL,
  `member_id` int(11) DEFAULT NULL,
  `visibility` varchar(1) DEFAULT NULL,
  PRIMARY KEY (`id`),
  KEY `FK383D52B8EAE0AB57` (`member_id`),
  KEY `FK383D52B8FF98BF58` (`binary_file_id`),
  KEY `FK383D52B8F4C05F3` (`form_page_id`),
  KEY `FK383D52B81EB6834A` (`document_page_id`),
  CONSTRAINT `FK383D52B81EB6834A` FOREIGN KEY (`document_page_id`) REFERENCES `files` (`id`),
  CONSTRAINT `FK383D52B8EAE0AB57` FOREIGN KEY (`member_id`) REFERENCES `members` (`id`),
  CONSTRAINT `FK383D52B8F4C05F3` FOREIGN KEY (`form_page_id`) REFERENCES `files` (`id`),
  CONSTRAINT `FK383D52B8FF98BF58` FOREIGN KEY (`binary_file_id`) REFERENCES `binary_files` (`id`)
) ENGINE=InnoDB DEFAULT CHARSET=utf8;
/*!40101 SET character_set_client = @saved_cs_client */;

--
-- Dumping data for table `documents`
--

LOCK TABLES `documents` WRITE;
/*!40000 ALTER TABLE `documents` DISABLE KEYS */;
/*!40000 ALTER TABLE `documents` ENABLE KEYS */;
UNLOCK TABLES;

--
-- Table structure for table `error_log_entries`
--

DROP TABLE IF EXISTS `error_log_entries`;
/*!40101 SET @saved_cs_client     = @@character_set_client */;
/*!40101 SET character_set_client = utf8 */;
CREATE TABLE `error_log_entries` (
  `id` int(11) NOT NULL AUTO_INCREMENT,
  `date` datetime NOT NULL,
  `path` varchar(200) NOT NULL,
  `removed` bit(1) NOT NULL,
  `logged_user_id` int(11) DEFAULT NULL,
  `stack_trace` longtext,
  PRIMARY KEY (`id`),
  KEY `FKDBACAEDE2EB5623F` (`logged_user_id`),
  CONSTRAINT `FKDBACAEDE2EB5623F` FOREIGN KEY (`logged_user_id`) REFERENCES `users` (`id`)
) ENGINE=InnoDB DEFAULT CHARSET=utf8;
/*!40101 SET character_set_client = @saved_cs_client */;

--
-- Dumping data for table `error_log_entries`
--

LOCK TABLES `error_log_entries` WRITE;
/*!40000 ALTER TABLE `error_log_entries` DISABLE KEYS */;
/*!40000 ALTER TABLE `error_log_entries` ENABLE KEYS */;
UNLOCK TABLES;

--
-- Table structure for table `error_log_entry_parameters`
--

DROP TABLE IF EXISTS `error_log_entry_parameters`;
/*!40101 SET @saved_cs_client     = @@character_set_client */;
/*!40101 SET character_set_client = utf8 */;
CREATE TABLE `error_log_entry_parameters` (
  `error_log_entry_id` int(11) NOT NULL,
  `value` longtext,
  `name` varchar(100) NOT NULL,
  PRIMARY KEY (`error_log_entry_id`,`name`),
  KEY `FKA47F4149820A7941` (`error_log_entry_id`),
  CONSTRAINT `FKA47F4149820A7941` FOREIGN KEY (`error_log_entry_id`) REFERENCES `error_log_entries` (`id`)
) ENGINE=InnoDB DEFAULT CHARSET=utf8;
/*!40101 SET character_set_client = @saved_cs_client */;

--
-- Dumping data for table `error_log_entry_parameters`
--

LOCK TABLES `error_log_entry_parameters` WRITE;
/*!40000 ALTER TABLE `error_log_entry_parameters` DISABLE KEYS */;
/*!40000 ALTER TABLE `error_log_entry_parameters` ENABLE KEYS */;
UNLOCK TABLES;

--
-- Table structure for table `external_accounts`
--

DROP TABLE IF EXISTS `external_accounts`;
/*!40101 SET @saved_cs_client     = @@character_set_client */;
/*!40101 SET character_set_client = utf8 */;
CREATE TABLE `external_accounts` (
  `id` int(11) NOT NULL AUTO_INCREMENT,
  `name` varchar(50) NOT NULL,
  `description` longtext,
  `member_account_id` int(11) NOT NULL,
  `system_account_id` int(11) NOT NULL,
  `file_mapping_id` int(11) DEFAULT NULL,
  PRIMARY KEY (`id`),
  KEY `FKE7A59DDAF865E9E2` (`file_mapping_id`),
  KEY `FKE7A59DDA99B38EF5` (`system_account_id`),
  KEY `FKE7A59DDAE6699C5F` (`member_account_id`),
  CONSTRAINT `FKE7A59DDAE6699C5F` FOREIGN KEY (`member_account_id`) REFERENCES `account_types` (`id`),
  CONSTRAINT `FKE7A59DDA99B38EF5` FOREIGN KEY (`system_account_id`) REFERENCES `account_types` (`id`),
  CONSTRAINT `FKE7A59DDAF865E9E2` FOREIGN KEY (`file_mapping_id`) REFERENCES `file_mappings` (`id`)
) ENGINE=InnoDB DEFAULT CHARSET=utf8;
/*!40101 SET character_set_client = @saved_cs_client */;

--
-- Dumping data for table `external_accounts`
--

LOCK TABLES `external_accounts` WRITE;
/*!40000 ALTER TABLE `external_accounts` DISABLE KEYS */;
/*!40000 ALTER TABLE `external_accounts` ENABLE KEYS */;
UNLOCK TABLES;

--
-- Table structure for table `external_transfer_imports`
--

DROP TABLE IF EXISTS `external_transfer_imports`;
/*!40101 SET @saved_cs_client     = @@character_set_client */;
/*!40101 SET character_set_client = utf8 */;
CREATE TABLE `external_transfer_imports` (
  `id` int(11) NOT NULL AUTO_INCREMENT,
  `date` datetime NOT NULL,
  `by_id` int(11) NOT NULL,
  `account_id` int(11) NOT NULL,
  PRIMARY KEY (`id`),
  KEY `FK60B0F30E123F9A53` (`by_id`),
  KEY `FK60B0F30EEAEDFACC` (`account_id`),
  CONSTRAINT `FK60B0F30EEAEDFACC` FOREIGN KEY (`account_id`) REFERENCES `external_accounts` (`id`),
  CONSTRAINT `FK60B0F30E123F9A53` FOREIGN KEY (`by_id`) REFERENCES `members` (`id`)
) ENGINE=InnoDB DEFAULT CHARSET=utf8;
/*!40101 SET character_set_client = @saved_cs_client */;

--
-- Dumping data for table `external_transfer_imports`
--

LOCK TABLES `external_transfer_imports` WRITE;
/*!40000 ALTER TABLE `external_transfer_imports` DISABLE KEYS */;
/*!40000 ALTER TABLE `external_transfer_imports` ENABLE KEYS */;
UNLOCK TABLES;

--
-- Table structure for table `external_transfer_types`
--

DROP TABLE IF EXISTS `external_transfer_types`;
/*!40101 SET @saved_cs_client     = @@character_set_client */;
/*!40101 SET character_set_client = utf8 */;
CREATE TABLE `external_transfer_types` (
  `id` int(11) NOT NULL AUTO_INCREMENT,
  `account_id` int(11) NOT NULL,
  `code` varchar(20) NOT NULL,
  `name` varchar(50) NOT NULL,
  `action` varchar(1) NOT NULL,
  `transfer_type_id` int(11) DEFAULT NULL,
  `description` longtext,
  PRIMARY KEY (`id`),
  UNIQUE KEY `account_id` (`account_id`,`code`),
  KEY `FK20F3219A4766B0A` (`transfer_type_id`),
  KEY `FK20F3219EAEDFACC` (`account_id`),
  CONSTRAINT `FK20F3219EAEDFACC` FOREIGN KEY (`account_id`) REFERENCES `external_accounts` (`id`),
  CONSTRAINT `FK20F3219A4766B0A` FOREIGN KEY (`transfer_type_id`) REFERENCES `transfer_types` (`id`)
) ENGINE=InnoDB DEFAULT CHARSET=utf8;
/*!40101 SET character_set_client = @saved_cs_client */;

--
-- Dumping data for table `external_transfer_types`
--

LOCK TABLES `external_transfer_types` WRITE;
/*!40000 ALTER TABLE `external_transfer_types` DISABLE KEYS */;
/*!40000 ALTER TABLE `external_transfer_types` ENABLE KEYS */;
UNLOCK TABLES;

--
-- Table structure for table `external_transfers`
--

DROP TABLE IF EXISTS `external_transfers`;
/*!40101 SET @saved_cs_client     = @@character_set_client */;
/*!40101 SET character_set_client = utf8 */;
CREATE TABLE `external_transfers` (
  `id` int(11) NOT NULL AUTO_INCREMENT,
  `status` varchar(1) NOT NULL,
  `date` date DEFAULT NULL,
  `amount` decimal(15,6) DEFAULT NULL,
  `description` longtext,
  `line_number` int(11) DEFAULT NULL,
  `comments` longtext,
  `account_id` int(11) NOT NULL,
  `type_id` int(11) DEFAULT NULL,
  `import_id` int(11) DEFAULT NULL,
  `member_id` int(11) DEFAULT NULL,
  PRIMARY KEY (`id`),
  KEY `FKB8B2A274EAE0AB57` (`member_id`),
  KEY `FKB8B2A2743C9C4AF3` (`import_id`),
  KEY `FKB8B2A274EAEDFACC` (`account_id`),
  KEY `FKB8B2A274D64E2913` (`type_id`),
  CONSTRAINT `FKB8B2A274D64E2913` FOREIGN KEY (`type_id`) REFERENCES `external_transfer_types` (`id`),
  CONSTRAINT `FKB8B2A2743C9C4AF3` FOREIGN KEY (`import_id`) REFERENCES `external_transfer_imports` (`id`),
  CONSTRAINT `FKB8B2A274EAE0AB57` FOREIGN KEY (`member_id`) REFERENCES `members` (`id`),
  CONSTRAINT `FKB8B2A274EAEDFACC` FOREIGN KEY (`account_id`) REFERENCES `external_accounts` (`id`)
) ENGINE=InnoDB DEFAULT CHARSET=utf8;
/*!40101 SET character_set_client = @saved_cs_client */;

--
-- Dumping data for table `external_transfers`
--

LOCK TABLES `external_transfers` WRITE;
/*!40000 ALTER TABLE `external_transfers` DISABLE KEYS */;
/*!40000 ALTER TABLE `external_transfers` ENABLE KEYS */;
UNLOCK TABLES;

--
-- Table structure for table `field_mappings`
--

DROP TABLE IF EXISTS `field_mappings`;
/*!40101 SET @saved_cs_client     = @@character_set_client */;
/*!40101 SET character_set_client = utf8 */;
CREATE TABLE `field_mappings` (
  `id` int(11) NOT NULL AUTO_INCREMENT,
  `order_index` int(11) NOT NULL,
  `name` varchar(50) NOT NULL,
  `field` varchar(2) NOT NULL,
  `file_mapping_id` int(11) NOT NULL,
  `member_field_id` int(11) DEFAULT NULL,
  PRIMARY KEY (`id`),
  KEY `FK295A0B0A141FB961` (`file_mapping_id`),
  KEY `FK295A0B0AF865E9E2` (`file_mapping_id`),
  KEY `FK295A0B0AACBA9282` (`member_field_id`),
  CONSTRAINT `FK295A0B0AACBA9282` FOREIGN KEY (`member_field_id`) REFERENCES `custom_fields` (`id`),
  CONSTRAINT `FK295A0B0A141FB961` FOREIGN KEY (`file_mapping_id`) REFERENCES `file_mappings` (`id`),
  CONSTRAINT `FK295A0B0AF865E9E2` FOREIGN KEY (`file_mapping_id`) REFERENCES `file_mappings` (`id`)
) ENGINE=InnoDB DEFAULT CHARSET=utf8;
/*!40101 SET character_set_client = @saved_cs_client */;

--
-- Dumping data for table `field_mappings`
--

LOCK TABLES `field_mappings` WRITE;
/*!40000 ALTER TABLE `field_mappings` DISABLE KEYS */;
/*!40000 ALTER TABLE `field_mappings` ENABLE KEYS */;
UNLOCK TABLES;

--
-- Table structure for table `file_mappings`
--

DROP TABLE IF EXISTS `file_mappings`;
/*!40101 SET @saved_cs_client     = @@character_set_client */;
/*!40101 SET character_set_client = utf8 */;
CREATE TABLE `file_mappings` (
  `id` int(11) NOT NULL AUTO_INCREMENT,
  `subclass` varchar(3) NOT NULL,
  `account_id` int(11) NOT NULL,
  `date_format` varchar(20) DEFAULT NULL,
  `number_format` varchar(1) DEFAULT NULL,
  `decimal_places` int(11) DEFAULT NULL,
  `decimal_separator` char(1) DEFAULT NULL,
  `negative_amount_value` varchar(50) DEFAULT NULL,
  `classname` varchar(255) DEFAULT NULL,
  `string_quote` char(1) DEFAULT NULL,
  `column_separator` char(1) DEFAULT NULL,
  `header_lines` int(11) DEFAULT NULL,
  PRIMARY KEY (`id`),
  KEY `FK7282A8C8EAEDFACC` (`account_id`),
  CONSTRAINT `FK7282A8C8EAEDFACC` FOREIGN KEY (`account_id`) REFERENCES `external_accounts` (`id`)
) ENGINE=InnoDB DEFAULT CHARSET=utf8;
/*!40101 SET character_set_client = @saved_cs_client */;

--
-- Dumping data for table `file_mappings`
--

LOCK TABLES `file_mappings` WRITE;
/*!40000 ALTER TABLE `file_mappings` DISABLE KEYS */;
/*!40000 ALTER TABLE `file_mappings` ENABLE KEYS */;
UNLOCK TABLES;

--
-- Table structure for table `files`
--

DROP TABLE IF EXISTS `files`;
/*!40101 SET @saved_cs_client     = @@character_set_client */;
/*!40101 SET character_set_client = utf8 */;
CREATE TABLE `files` (
  `id` int(11) NOT NULL AUTO_INCREMENT,
  `subclass` varchar(1) NOT NULL,
  `name` varchar(100) NOT NULL,
  `last_modified` datetime NOT NULL,
  `contents` longtext,
  `type` varchar(1) DEFAULT NULL,
  `group_id` int(11) DEFAULT NULL,
  `group_filter_id` int(11) DEFAULT NULL,
  `original_contents` longtext,
  `new_contents` longtext,
  `document_id` int(11) DEFAULT NULL,
  PRIMARY KEY (`id`),
  KEY `FK5CEBA77D6DB8FB3` (`document_id`),
  KEY `FK5CEBA779D46A867` (`group_filter_id`),
  KEY `FK5CEBA7725A5B3E8` (`group_id`),
  CONSTRAINT `FK5CEBA7725A5B3E8` FOREIGN KEY (`group_id`) REFERENCES `groups` (`id`),
  CONSTRAINT `FK5CEBA779D46A867` FOREIGN KEY (`group_filter_id`) REFERENCES `group_filters` (`id`),
  CONSTRAINT `FK5CEBA77D6DB8FB3` FOREIGN KEY (`document_id`) REFERENCES `documents` (`id`)
) ENGINE=InnoDB AUTO_INCREMENT=3 DEFAULT CHARSET=utf8;
/*!40101 SET character_set_client = @saved_cs_client */;

--
-- Dumping data for table `files`
--

LOCK TABLES `files` WRITE;
/*!40000 ALTER TABLE `files` DISABLE KEYS */;
INSERT INTO `files` VALUES (1,'c','posweb.css','2013-12-15 02:25:28','body, td, th, input, textarea, select, .tdHeaderTable, a {\n	font-size: 11pt;\n	margin: 0px;\n}\n\n.poswebBanner {\n	background: white url(posweb_header_background.jpg) repeat-x;\n	height: 129px;\n	margin-bottom: 50px;\n	position: relative;	\n}\n\n.poswebBannerText {\n	font-size:   10pt;\n	font-weight: bold;\n	color: white;\n	position: absolute;\n	bottom: 8px;\n	right: 10px;\n	display: inline;\n}\n\ntable.poswebLoginTable {\n	width: 		400px;\n	float:		none;\n}\n\ntable.poswebTopTable {\n	margin:			0px;\n	float:			none;\n}\n\ninput.button, input.ButtonDisabled, button {\n	font-size: 		10pt !important;\n	float: 			right;\n	margin-left: 	10px;\n	padding: 5px 10px;\n}\n\n.ieold button, .ieold .button, .ieold .linkButton, .ieold .ButtonDisabled {\n	padding: 2px 0px;\n}\n\ninput.poswebAction {\n	margin: 		6px;\n}\n\ninput.date {\n	width: 			115px !important;\n}\n\ntable.poswebRoot {\n	height: 		100%;\n	width: 			100%;\n}\ntable.poswebRoot>tr>td, table.poswebRoot>tbody>tr>td {\n	text-align: 	center;\n	vertical-align: center;\n}\n\nselect {\n	height: auto;\n}\n\n.tdHeaderTable {\n    font-size: 12pt;\n}','C',NULL,NULL,'body, td, th, input, textarea, select, .tdHeaderTable, a {\n	font-size: 11pt;\n	margin: 0px;\n}\n\n.poswebBanner {\n	background: white url(posweb_header_background.jpg) repeat-x;\n	height: 129px;\n	margin-bottom: 50px;\n	position: relative;	\n}\n\n.poswebBannerText {\n	font-size:   10pt;\n	font-weight: bold;\n	color: white;\n	position: absolute;\n	bottom: 8px;\n	right: 10px;\n	display: inline;\n}\n\ntable.poswebLoginTable {\n	width: 		400px;\n	float:		none;\n}\n\ntable.poswebTopTable {\n	margin:			0px;\n	float:			none;\n}\n\ninput.button, input.ButtonDisabled, button {\n	font-size: 		10pt !important;\n	float: 			right;\n	margin-left: 	10px;\n	padding: 5px 10px;\n}\n\n.ieold button, .ieold .button, .ieold .linkButton, .ieold .ButtonDisabled {\n	padding: 2px 0px;\n}\n\ninput.poswebAction {\n	margin: 		6px;\n}\n\ninput.date {\n	width: 			115px !important;\n}\n\ntable.poswebRoot {\n	height: 		100%;\n	width: 			100%;\n}\ntable.poswebRoot>tr>td, table.poswebRoot>tbody>tr>td {\n	text-align: 	center;\n	vertical-align: center;\n}\n\nselect {\n	height: auto;\n}\n\n.tdHeaderTable {\n    font-size: 12pt;    \n}',NULL,NULL),(2,'c','style.css','2013-12-15 02:25:28','/*\n* Green\n*/\n\n/*  --------------------------- Body ---------------------------*/\nbody, .bgBody {\n	margin-top:	    0px;\n	margin-left:    8px;\n	margin-right:   8px;\n	margin-bottom:  0px;\n	padding:        0px;\n	border:         0px;\n	font-family:    Liberation sans, Arial, Sans-serif;\n	font-size:	    9pt;\n	background: 	white;\n}\nbody.main {\n	background-color: #f5f5f5;\n	text-align: center;\n}\n\n.bodyPrint {\n	margin: 5px;\n	color:	black;\n}\n\n.bodyImage {\n	margin:     0px;\n	background: #F0F8FF;\n	overflow:   hidden;\n}\n\n/*  ---------------------- Global layout -----------------------*/\n\n/* Top-most table on the layout */\n.topTable {\n	width:  940px;\n}\n\n.topContainer {\n	margin: 16px auto;\n	width: 960px;\n}\n\n.topContainer>tr>td, .topContainer>tbody>tr>td {\n	border: 1px solid #dedede;\n	border-radius: 6px;\n	-moz-border-radius: 6px;\n	-webkit-border-radius: 6px;\n}\n.topContainerBorder {\n	border: 1px solid #c4c4c4;\n	border-radius: 6px;\n	-moz-border-radius: 6px;\n	-webkit-border-radius: 6px;\n	padding: 9px 9px 12px 9px;\n	background: white;\n	min-height: 600px;\n	overflow: auto;\n}\n.topBanner {\n	background: white url(top_background.jpg) no-repeat;\n	height: 129px;\n	margin-bottom: 10px;\n	position: relative;\n}\n.topBannerText {\n	font-size:   10pt;\n	font-weight: bold;\n	color: white;\n	font-weight: bold;\n	position: absolute;\n	bottom: 8px;\n	left: 10px;\n}\n.minHeight {\n	height: 500px;\n}\n\n.standaloneContents {\n	width: 			716px;\n	margin-left: 	auto;\n	margin-right: 	auto;\n}\n\n/* System header bar */\n.headerBar {\n	border:  0px;\n	margin:  0px;\n}\n\n/* Bar that shows the logged user */\n.loginDataBar {\n	background:				-moz-linear-gradient(center top, #FFFFFF, #FFFFFF 50%, #EDEDED 100%);\n	background:				-webkit-gradient(linear, center top, center bottom, color-stop(0%, #FFFFFF), color-stop(50%, #FFFFFF), color-stop(100%, #EDEDED));\n	border:					1px solid #CCCCCC;\n	overflow:				hidden;\n	padding-right:			7px;\n	padding-top:			3px;\n	padding-bottom:			3px;\n	line-height:			12px;\n	text-align:				right;\n	background-color:		#F7F7F7;\n	-moz-border-radius: 	4px;\n	-webkit-border-radius:	4px;\n	border-radius: 			4px;\n}\n\n/* Span that shows data on the logged user bar */\n.loginData {\n	font-weight:	bold;\n	font-size:		8pt;\n	color:			#3E3E3D;\n	font-family:    Liberation sans, Arial, Sans-serif;\n	padding-left:	5px;\n}\n\n/* Even rows on result lists */\n.ClassColor1 {\n	background-color: #ffffff;\n}\n\n/* Odd rows on result lists */\n.ClassColor2 {\n	background-color: #fffcf4;\n}\n\n/* Rows when the mouse is over it */\n.ClassColorSelected {\n	background-color: #ffeed7;\n	text-decoration: none;\n}\n\n.tdHeaderContents, .ClassColor1>td, .ClassColor2>td, .ClassColorSelected>td {\n	padding:    	4px 3px !important;\n	line-height: 	19px !important;\n}\n\n/* Messages that appear next to fields (like date format) */\n.fieldDecoration {\n	color: red !important;\n}\n\n/* Messages that appear at the bottom of the page */\n.footerNote {\n	font-weight: bold;\n	text-align:  center;\n	width:       100%;\n	color:       #3E3E3D;\n}\n\n/* Pagination text for search results */\n.pagination {\n}\n\n/* Pagination links */\n.paginationLink {\n	font-weight: bold;\n}\n\n/* Current page in pagination */\n.currentPage {\n	font-weight: bold;\n	color: red;\n}\n\n/* Contents on print windows */\n.printContent {\n	background-color: white;\n	border: none;\n}\n\n/* Title on print pages */\n.printTitle {\n	color:       black;\n	font-weight: bold;\n	font-size:   10pt;\n	text-align:  center;\n}\n\n/* Labels on print page */\n.printLabel {\n	color:       black;\n	font-weight: bold;\n	font-size:   9pt;\n	font-style:  italic;\n	text-align:  right;\n	vertical-align: top;\n}\n\n/* Column headers */\nth.printLabel {\n	text-align: center !important;\n}\n\n/* Data on print page */\n.printData {\n	color: black;\n	vertical-align: top;\n}\n\n/* Elements with border */\n.printBorder, .printBorder th, .printBorder td {\n	border: 1px solid black;\n	border-collapse: collapse;\n	padding: 1px 2px;\n}\n\n/*  -------------------------- Help ----------------------------*/\n\n.helpWindowBody {\n	margin:     0px;\n	cursor:     default;\n	background: #f9f9f9;\n}\n\n.helpWindowTable {\n	border:     0px;\n	width:      100%;\n	height:     100%;\n	background: #f9f9f9;\n}\n\n.helpWindowTableContent {\n	color:       navy;\n}\n\nbr.small {\n	font-size: 6px;\n}\n\n/*  ------------------------ Tables ----------------------------*/\n\n.defaultTable, .defaultTableCenter {\n	border:          0px;\n	border-spacing:  0px;\n	border-collapse: collapse;\n	padding:         0px;\n	width:	    	 100%;\n	empty-cells:     show;\n}\n\n.standAloneFixedWidth {\n	width:	    	 716px !important;\n}\n\n.bordered {\n	border-bottom:		1px solid #CCCCCC;\n	border-spacing:		0px;\n	border-collapse:	collapse;\n}\n\n.fullBordered {\n	border:				1px solid #CCCCCC;\n}\n\n.defaultTableCenter {\n	text-align: center;\n	vertical-align: middle;\n}\n\n.defaultTableContent, .defaultTableContentHidden {\n	width:					716px;\n	_width:					714px;\n	padding:				0px;\n	margin:					10px 0px 4px;\n	border-spacing:			0px;\n	float:					left;\n}\n\n.defaultTableContent {\n	border:					1px solid #006500;\n	border-radius:			4px 4px 4px 4px;\n	-moz-border-radius:		4px 4px 4px 4px;\n	-webkit-border-radius:	4px 4px 4px 4px;\n	box-shadow:				1px 3px 5px 1px rgba(0, 0, 0, 0.25);\n	-moz-box-shadow:		1px 3px 5px 1px rgba(0, 0, 0, 0.25);\n	-webkit-box-shadow:		1px 3px 5px 1px rgba(0, 0, 0, 0.25);\n}\n\n.standaloneContents .defaultTableContent, .standaloneContents .defaultTableContentHidden {\n	width: 100%;\n}\n\ntable.nested, table.nested.td, table.nested.th {\n	margin:          0px;\n	padding:         0px;\n	border-collapse: collapse;\n	border-spacing:  0px;\n}\n\nform {\n	display: inline;\n	margin:  0px;\n}\n\ntd, pre, legend {\n	font-family:    Liberation sans, Arial, Sans-serif;\n	font-size:		9pt;\n	color: 			#3E3E3D;\n}\n\npre {\n	display:inline;\n}\n\n\n.tdHeaderTable {\n	background-color:		#006500;\n	border-bottom: 			1px solid white;\n	border-radius:			3px 0px 0px 0px;\n	-moz-border-radius:		3px 0px 0px 0px;\n	-webkit-border-radius:	3px 0px 0px 0px;\n	color:					#FFFFFF;\n	padding-left:			10px;\n    padding-top:			7px;\n	padding-bottom:			7px;\n    vertical-align: 		top;\n	font-size:				10pt;\n	font-weight:			bold;\n	text-align:				left;\n}\n\n.tdHelpIcon {\n	background-color:		#006500;\n	border-bottom:			1px solid white;\n	border-radius:			0px 3px 0px 0px;\n	-moz-border-radius:		0px 3px 0px 0px;\n	-webkit-border-radius:	0px 3px 0px 0px;\n	padding-right:			9px;\n	padding-top: 			0px;\n    vertical-align: 		middle;\n}\n\n.ie .tdHelpIcon, .ie .tdHeaderTable {\n      border-top: none;\n}\n\n.tdHelpIcon img {\n	margin-left: 3px;\n}\n\n.innerBorder {\n}\n\n.bottomLeft {\n	height: 6px;\n}\n\n.bottomRight {\n	height: 6px;\n}\n\n.tdHeaderContents {\n	background-color:	#FFEED7;\n	color:				#3E3E3D;\n	text-align:			center;\n	border:				1px solid #FFFFFF;\n	font-family:    	Liberation sans, Arial, Sans-serif;\n	font-size:			9pt;\n	font-weight:		bold;\n}\n\n.tdContentTable {\n	padding: 8px;\n}\n\n.tdContentTableForms {\n	padding: 5px;\n}\n\n.tdContentTableLists {\n	padding: 1px;\n}\n\n.tdContentTableLists table {\n	border-spacing: 1px;\n}\n\n.tdContentTableForms table {\n	border-spacing: 3px;\n}\n\n.tdContentTableLists table td, .tdContentTableLists table th {\n	padding: 3px 4px;\n	line-height: 18px;\n}\n\n.tdContentTableForms table td, .tdContentTableForms table th {\n	padding-top: 3px;\n	padding-left: 2px;\n	padding-right: 2px;\n	padding-bottom: 3px;\n}\n\n.tdContents {\n	background:		transparent;\n	padding:		0px;\n	padding-left:	14px;\n	border:			none;\n	float:			left;\n	text-align:		left;\n	width: 			716px;\n	color: 			#3E3E3D;\n}\n\n.tdContentsStandalone {\n	text-align: 	left;\n	padding-left: 	0px;\n	width: 			100%;\n}\n\n.tdContentsCenter {\n	background:	    #FFFFFF;\n	text-align:     center;\n	vertical-align: middle;\n}\n\n.loadingMessage {\n	border:				#d15113 1px solid;\n	background-color: 	#FFF4E6;\n	color: 	        	#3E3E3D;\n	font-family:    	Liberation sans, Arial, Sans-serif;\n	font-size:      	9pt;\n	text-align:     	center;\n	padding:			0px 8px;\n	line-height:        20px;\n}\n\n.tablePrint {\n	width:	    	 100%;\n	border:          1px solid #808080;\n	border-spacing:  0px;\n	border-collapse: collapse;\n}\n\n.tdPrintHeader {\n	color:			 black;\n	font-weight:     bold;\n	text-align:      center;\n	vertical-align:  middle;\n	border:          1px solid #808080;\n	border-spacing:  0px;\n	border-collapse: collapse;\n}\n\n.tdPrintData {\n	color:			 black;\n	text-align:      left;\n	vertical-align:  middle;\n	border:          1px solid #808080;\n	border-spacing:  0px;\n	border-collapse: collapse;\n}\n\n.tdPrintDataBold {\n	color:			 black;\n	font-weight:     bold;\n	text-align:      left;\n	vertical-align:  middle;\n	border:          1px solid #808080;\n	border-spacing:  0px;\n	border-collapse: collapse;\n}\n\n/*  -------------------------- Menus ---------------------------*/\n\n.menuHolder {\n	border:			0px;\n	padding:		0px;\n	vertical-align:	top;\n	width:			210px !important;\n	float:          left;\n	margin-top:		10px;\n}\n\n/* move to top the same margin as .menu uses on to, so the first item won\'t be shifted */\n.menuContainer {\n	width:					210px;\n	border:					1px solid #006500;\n	border-radius:			4px 4px 4px 4px;\n	-moz-border-radius:		4px 4px 4px 4px;\n	-webkit-border-radius:	4px 4px 4px 4px;\n	box-shadow:				1px 3px 5px 1px rgba(0, 0, 0, 0.25);\n	-moz-box-shadow:		1px 3px 5px 1px rgba(0, 0, 0, 0.25);\n	-webkit-box-shadow:		1px 3px 5px 1px rgba(0, 0, 0, 0.25);\n	padding: 0;\n	text-align: left;\n	margin: 0px;\n}\n\n.menu, .menuHover {\n	width:				210px !important;\n	background-color:	#006500;\n	border-bottom: 		1px solid white;\n	margin: 			0px;\n	padding:  			0px;\n	overflow: 			hidden;\n	list-style: 		none;\n}\n\n.firstMenu, .firstMenuHover {\n	*margin-bottom: -3px;\n}\n\n.menuText {\n	padding-top: 	7px;\n	padding-bottom:	2px;\n	padding-left:	10px;\n	font-family:   	Liberation sans, Arial, Sans-serif;\n	color: 			#FFFFFF;\n	font-size: 		10pt;\n	font-weight:	bold;\n	display:		block;\n	height:			20px;\n}\n\n.menuBullet {\n	display:		none;\n}\n\n.subMenu, .subMenuHover {\n	background-color: 		white;\n	background-image: 		url(\'block.png\');\n	background-position: 	9px 4px;\n	background-repeat: 		no-repeat;\n	border:					none;\n	width: 				210px;\n	padding: 1px 0;\n}\n\n.subMenuText {\n	font-family:   	Liberation sans, Arial, Sans-serif;\n	color: 			#3E3E3D;\n	font-size:		10pt;\n	margin-left:	5px;\n	padding-top:	1px;\n	padding-bottom:	1px;\n	width: 			180px;\n	display:		inline-block;\n}\n\n.subMenuBullet {\n	height:				3px;\n	width:				3px;\n	background-color:	#006500;\n	margin:				9px 1px 3px 11px;\n	font-size:          1px;\n	display:			inline-block;\n	vertical-align:		top;\n}\n\n.menuHover .menuText, .firstMenuHover .menuText, .lastMenuHover .menuText {\n	background-color:	#00B300;\n}\n\n.subMenuHover .subMenuText {\n	text-decoration: underline;\n}\n\n.firstMenu, .firstMenuHover {\n	border-radius:			3px 3px 0px 0px;\n	-moz-border-radius:		3px 3px 0px 0px;\n	-webkit-border-radius:	3px 3px 0px 0px;\n}\n\n.lastMenu, .lastMenuHover {\n	border-bottom: none;\n	border-radius:			0px 0px 3px 3px;\n	-moz-border-radius:		0px 0px 3px 3px;\n	-webkit-border-radius:	0px 0px 3px 3px;\n}\n\n.subMenuContainer {\n	margin: 0px;\n	padding: 0px;\n	border-top: 1px solid white;\n}\n\n.firstSubMenu {\n	padding-top: 6px;\n}\n\n.lastSubMenu {\n	padding-bottom: 6px;\n}\n\n/*  -------------------------- Links ---------------------------*/\n\na {\n	text-decoration: none;\n	color:	    	 blue;\n}\n\na.default {\n	text-decoration: underline !important;\n	color:	    	 blue !important;\n}\n\na.linkList, a.profileLink, a.adminProfileLink, a.operatorProfileLink {\n	color: blue;\n}\n\na.linkList:hover, a.profileLink:hover, a.adminProfileLink:hover, a.operatorProfileLink:hover {\n	color: red;\n}\n\n\n/*  ----------------------- Form fields ------------------------*/\n\n/* Buttons */\nbutton, .button, .linkButton, .ButtonDisabled {\n\n	background:				-moz-linear-gradient(center top, #faf4e2 0%, #FDCE7E 100%);\n	background:             -webkit-linear-gradient(top,  #faf4e2 0%,#FDCE7E 100%);\n	background:				-webkit-gradient(linear, center top, center bottom, color-stop(0%, #faf4e2), color-stop(100%, #FDCE7E));\n	background-color:		#fcdca6;\n	border:					1px solid #EC9A38;\n	border-radius:			4px 4px 4px 4px;\n	-moz-border-radius:		4px 4px 4px 4px;\n	-webkit-border-radius:	4px 4px 4px 4px;\n	text-shadow: 			1px 1px 2px #faf4e2;\n	color:					#414141;\n	font-family:    		Liberation sans, Arial, Sans-serif;\n	font-size:				9pt;\n	font-weight:			normal;\n	cursor:					pointer;\n	padding: 				5px 10px;\n}\n\n.ieold button, .ieold .button, .ieold .linkButton, .ieold .ButtonDisabled {\n  padding: 1px 0px !important;\n}\n\n.ie button, .ie .button, .ie .linkButton, .ie .ButtonDisabled {\n  padding: 4px 8px;\n  filter: progid:DXImageTransform.Microsoft.gradient(startColorstr=\'#FAF4E2\', endColorstr=\'#FDCE7E\'); /* IE gradients */\n  background-color: transparent;\n}\n\n/* Disabled buttons */\n.ButtonDisabled {\n	background:				-moz-linear-gradient(center top, #FFFFFF, #DDDDDD 100%);\n	background:				-webkit-gradient(linear, center top, center bottom, color-stop(0%, #FFFFFF), color-stop(100%, #DDDDDD));\n	background-color:		#e9eef4;\n	color:					#888888;\n	border-color:			#cccccc;\n}\n\nbutton:hover, .button:hover, .linkButton:hover {\n	color:			#ff4800;\n	border:			1px solid #ff5b1a;\n}\n\n/* General inputs */\ninput, textarea, select, .radio, .printButton {\n	border: 		#CCCCCC 1px solid;\n	color: 			#3E3E3D;\n	font-family:   	Liberation sans, Arial, Sans-serif;\n	font-size: 		9pt;\n	font-weight:    normal;\n	margin: 		0px\n}\n\ninput, textarea, select, .radio, .checkbox, option {\n  background-color: white;\n}\n\n/* Hide mozilla inner button, when you click on virtual keyboard buttons it won\'t select the text*/\ninput::-moz-focus-inner {\n	border: none;\n}\n\n/* Select boxes */\nselect {\n	height: 22px;\n	background-color:white;\n	vertical-align: top;\n}\n\noption {\n	padding: 3px 6px 2px 2px;\n}\n\n/* Radios and checkboxes */\n.radio, .checkbox {\n	border: 1px solid #1e5180;\n}\n\n/* Enabled input boxes */\n.InputBoxEnabled {\n	background-color:	#FFFFFF;\n	color:				#3E3E3D;\n}\n\n/* Disabled input boxes */\n.InputBoxDisabled {\n	background-color:	#F5F5F5;\n	color: 				#3E3E3D;\n}\n\n/* Field sizes */\ninput.tiny, textarea.tiny, select.tiny {\n	width: 118px;\n}\ninput.small, textarea.small, select.small {\n	width: 168px;\n}\ninput.medium, textarea.medium, select.medium {\n	width: 218px;\n}\ninput.large, textarea.large, select.large {\n	width: 368px;\n}\ninput.full, textarea.full, select.full {\n	width: 98%;\n}\n\n/* Text fields padding */\ninput.tiny, textarea.tiny, input.small, textarea.small, input.medium, textarea.medium, input.large, textarea.large, input.full, textarea.full {\n	padding: 3px 2px;\n}\n\ninput {\n	padding: 3px 2px;\n}\n\n/* A div that looks like a field */\ndiv.fakeField, div.fakeFieldDisabled {\n	background-color:	#FFFFFF;\n	border:				#CCCCCC 1px solid;\n	color:				#3E3E3D;\n	font-family:    	Liberation sans, Arial, Sans-serif;\n	font-size:			9pt;\n	font-weight:		normal;\n	padding-left:		2px;\n	padding-right:		2px;\n	vertical-align:		top;\n	white-space:        normal;\n}\n\n/* A disabled div that looks like a field */\ndiv.fakeFieldDisabled {\n	background-color: #F5F5F5 !important;\n}\n\n/* Multi drop down definitions */\n.multiDropDownText {\n	color: 	     #3E3E3D;\n	font-family: Liberation sans, Arial, Sans-serif;\n	font-size: 	 9pt;\n}\n\n.multiDropDownLabel {\n	padding: 2px 4px 2px 0px !important;\n}\n\n\n.multiDropDown {\n	border: 	 1px solid #CCCCCC;\n	background:  white;\n	text-align: left;\n}\n\n.multiDropDownOption {\n	padding: 2px 2px 0px;\n}\n\n.multiDropDownDisabled {\n	border: 	 1px solid #CCCCCC;\n	background:  #F5F5F5;\n}\n\n.multiDropDownHover {\n	background:	#FFEED7;\n}\n\n/* Virtual keyboard definitions */\n.virtualKeyboardButton {\n	background:					-moz-linear-gradient(center top, #dce6f4 0%, #fcfefc 25%, #c4d6ec 100%);\n	background:					-webkit-gradient(linear, center top, center bottom, color-stop(0%, #dce6f4), color-stop(25%, #fcfefc), color-stop(100%, #c4d6ec));\n	background-color:			#dce6f4;\n	border:						1px solid #9CB3D8;\n	border-radius:				3px 3px 3px 3px;\n	-moz-border-radius:			3px 3px 3px 3px;\n	-webkit-border-radius:		3px 3px 3px 3px;\n	text-shadow: 				1px 1px 2px #faf4e2;\n	color: 	    				navy;\n	padding:					4px 4px 4px 4px;\n 	width:			            28px;\n   	margin:         		   	1px;\n   	cursor:            		   	pointer;\n}\n\n.ie .virtualKeyboardButton {\n	filter: progid:DXImageTransform.Microsoft.gradient(startColorstr=\'#dce6f4\', endColorstr=\'#fcfefc\'); /* IE gradients */\n  	background-color: transparent;\n\n}\n\n.virtualKeyboardButtonHover {\n	background-color:			#f4faff;\n	background:					-moz-linear-gradient(center top, #f4faff 0%, #ffffff 25%, #e1f3ff 100%);\n	background:					-webkit-gradient(linear, center top, center bottom, color-stop(0%, #f4faff), color-stop(25%, #ffffff), color-stop(100%, #e1f3ff));\n}\n\n.ie .virtualKeyboardButtonHover {\n	filter: progid:DXImageTransform.Microsoft.gradient(startColorstr=\'#f4faff\', endColorstr=\'#ffffff\'); /* IE gradients */\n  	background-color: transparent;\n}\n\n.virtualKeyboardContrastVeryLow {\n	color: #aac3db;\n}\n\n.virtualKeyboardContrastLow {\n	color: #90a5ba;\n}\n\n.virtualKeyboardContrastNormal {\n	color: #798b9c;\n}\n\n.virtualKeyboardContrastHigh {\n	color: #606e7b;\n}\n\n.virtualKeyboardContrastVeryHigh {\n	color: navy;\n}\n\n/* Fieldsets */\nfieldset {\n	border:	1px solid #008000;\n	margin:	5px 2px;\n}\n\n/* Fieldset legends */\nlegend {\n	font-weight: bold;\n	margin-left: 10px;\n}\n\n/* Labels on forms */\n.label {\n	text-align:     right;\n	font-weight:    bold;\n}\n\ntd.label {\n    padding-right:  4px !important;\n    padding-top: 7px !important;\n    padding-bottom: 7px !important;\n    vertical-align: top;\n}\nspan.label, span.lastLabel, span.inlineLabel {\n	font-weight: 	bold;\n	display: 		inline-block;\n}\n\nspan.label, span.lastLabel {\n	padding-top: 	3px !important;\n}\n\nspan.label, span.inlineLabel {\n	padding-right:	4px !important;\n}\n\n/* Labels that looks like headers */\n.headerLabel {\n	border: 			1px solid #FFFFFF;\n	background-color: 	#FFEED7;\n	color: 				#3E3E3D;\n	text-align:         right;\n	font-weight:        bold;\n    padding:            5px 5px 6px !important;\n}\n@-moz-document url-prefix() {\n    .headerLabel {\n        padding:            6px 5px 5px !important;\n    }\n}\n.headerField {\n	padding-left: 5px !important;\n}\n\n/* Decorated labels on forms */\n.decoratedLabel {\n	color:         red;\n	text-align:    right;\n	font-weight:   bold;\n	padding-right: 5px;\n}\n\n/* TDs that should be class label but have nested label spans */\n.nestedLabel {\n	text-align:    right;\n	padding-right: 0px;\n}\n\n/* Buttons on print pages */\n.printButton {\n	border:     black 1px solid;\n	color:      black;\n	background: #dddddd;\n}\n\n/* Horizontal rules */\nhr {\n	height:           0px;\n	border:           none;\n	border-top:       1px solid #008000;\n}\n\nhr.print {\n	height:           0px;\n	border:           none;\n	border-top:       1px solid black;\n}\n\n/* Image scroller (on profile or ad details) definitions */\n.imageContainer {\n	border:     1px solid #CCCCCC;\n	text-align: center;\n}\n\n.thumbnail {\n	margin: 1px;\n}\n\n.imageOnly {\n	margin: 0px !important;\n	padding: 0px !important;\n	border: none !important;\n}\n\n.imageContainer a {\n	color: #3E3E3D;\n	text-decoration: none;\n}\n\n.imageContainer a:hover {\n	color: red;\n}\n\n.imageIndex {\n}\n\n.imageRemove, .imageControls, .imageSetCaption, .imageDetails {\n	border-top: 1px solid #CCCCCC;\n}\n\n/* Image view popup definitions */\n.popupThumbnailContainer {\n	padding-top:    10px;\n	padding-bottom: 10px;\n	padding-left:   20px;\n	padding-right:  0px;\n	height:         80px;\n	width:          100%;\n	border-bottom:  1px solid #CCCCCC;\n	overflow:       auto;\n	overflow-y:     hidden;\n	text-align:     left;\n	white-space:    nowrap;\n}\n\n.popupThumbnail {\n	vertical-align: middle;\n	margin-right:   20px;\n}\n\n.popupImageContainer {\n	text-align:     center;\n	padding:        20px;\n	padding-bottom: 0px;\n}\n\n/* Autocompletion divs */\n.autoComplete {\n	position:         absolute;\n	background-color: white;\n	border: 	      1px solid #CCCCCC;\n	margin:           0px;\n	padding:          0px;\n	cursor:           default;\n	font-weight:      normal;\n	z-index: 		  1;\n}\n\n.autoComplete ul {\n	list-style-type: none;\n	margin:          0px;\n	padding:         0px;\n	overflow:        auto;\n	overflow-x:      hidden;\n}\n\n.autoComplete ul li {\n	background:  white;\n	color:       #3E3E3D;\n	white-space: nowrap;\n	text-align:  left;\n	padding:     2px;\n}\n\n.autoComplete ul li.selected {\n	background:	     #FFEED7;\n}\n\n.draggableList {\n	list-style-type:  none;\n	margin:           0px;\n	padding:          0px;\n	background-color: #F0F8FF;\n	border:           1px solid #CCCCCC;\n	padding-top:      10px;\n}\n\n.draggableList li {\n	margin-bottom:   10px;\n	cursor: move;\n}\n\n/*  ---------------- Page specific definitions -----------------*/\n\n/* Account history */\n\n.ClassColorCredit {\n	color: blue !important;\n}\n\n.ClassColorCredit a {\n	color: blue !important;\n}\n\n.ClassColorDebit {\n	color: red !important;\n}\n\n.ClassColorDebit a {\n	color: red !important;\n}\n\n\n/* Ad search */\n\n.productTitle, .productTitle a {\n	font-weight: bold;\n	color: red;\n	text-decoration: underline;\n}\n\n.productOwner {\n	font-weight: bold;\n	font-style: italic;\n}\n\n.productOwner a {\n	color:           blue;\n	text-decoration: underline;\n}\n\n.productDescription {\n}\n\nul.categoryLevel0 {\n	list-style-type: none;\n	margin-bottom: 10px;\n	padding-left: 20px;\n	margin-left: 0px;\n}\n\nul.categoryLevel1 {\n	list-style-type: square;\n	padding-left: 15px;\n	margin-bottom: 5px;\n	margin-left: 0px;\n}\n\nul.categoryLevel2 {\n	list-style-type: disc;\n	padding-left: 15px;\n	margin-left: 0px;\n}\n\nli.categoryLevel1 {\n	font-weight: bold;\n	padding-left: 0px;\n	color: #009a00;\n}\n\nli.categoryLevel2 {\n	font-weight: normal;\n	padding-left: 0px;\n	color: #009a00;\n}\n\nli.categoryLevel3 {\n	font-weight: normal;\n	padding-left: 0px;\n	color: #009a00;\n}\n\nspan.categoryLevel1Text, span.categoryLevel2Text, span.categoryLevel3Text {\n	color: #3E3E3D;\n}\n\nspan.categoryLevel1TextHover, span.categoryLevel2TextHover, span.categoryLevel3TextHover {\n	color: blue;\n	text-decoration: underline;\n}\n\nspan.categoryCountText{\n	color: #009a00;\n}\n\n/* Customized files list */\n.conflict {\n	color: red;\n}\n\n/* Messages */\n.unreadMessage {\n	font-weight: bold;\n}\n\n.readMessage {\n}\n\n.removedMessage {\n	font-style: italic;\n}\n\n.repliedMessage {\n}\n\ndiv.manualPage h1 {\n	font-size: 14pt;\n}\n\ndiv.manualPage h2 {\n	font-size: 12pt;\n}\n\ndiv.manualPage h3 {\n	font-size: 10pt;\n	margin: 0px;\n	padding: 0px;\n	margin-top: 20px;\n}\n\ndiv.manualPage a {\n	text-decoration: underline;\n	color: blue;\n}\n\na.manualLink {\n	color: #3E3E3D;\n}\n\na.manualLink:hover {\n	color: blue;\n	text-decoration: underline;\n}\n\n.alertNotification {\n	width: 		400px;\n	border: 	2px solid red;\n	padding: 	10px;\n	color: 		red;\n	font-size: 	11pt;\n}\n\nimg.quickAccessIcon {\n	border: none;\n	display: block;\n	margin-bottom: 5px;\n}\n\n.quickAccessLink {\n    background-color: white;\n    display: inline-block;\n    padding: 2px;\n    border: 1px solid white;\n    border-radius: 4px;\n    -moz-border-radius:	4px;\n	-webkit-border-radius: 4px;\n    width: 95%;\n}\n\n.quickAccessLink:hover {\n	background-color: #EBF2FA;\n	border: 1px solid #B0B0B0;\n}\n\n@media print {\n\n	.printButton {\n		display:none;\n	}\n}','C',NULL,NULL,'/*\n* Default light blue\n*/\n\n/*  --------------------------- Body ---------------------------*/\nbody, .bgBody {\n	margin-top:	    0px;\n	margin-left:    8px;\n	margin-right:   8px;\n	margin-bottom:  0px;\n	padding:        0px;\n	border:         0px;\n	font-family:    Liberation sans, Arial, Sans-serif;\n	font-size:	    9pt;\n	background: 	white;\n}\nbody.main {\n	background-color: #f5f5f5;\n	text-align: center;\n}\n\n.bodyPrint {\n	margin: 5px;\n	color:	black;\n}\n\n.bodyImage {\n	margin:     0px;\n	background: #F0F8FF;\n	overflow:   hidden;\n}\n\n/*  ---------------------- Global layout -----------------------*/\n\n/* Top-most table on the layout */\n.topTable {\n	width:  940px;\n}\n\n.topContainer {\n	margin: 16px auto;\n	width: 960px;\n}\n\n.topContainer>tr>td, .topContainer>tbody>tr>td {\n	border: 1px solid #dedede;\n	border-radius: 6px;\n	-moz-border-radius: 6px;\n	-webkit-border-radius: 6px;\n}\n.topContainerBorder {\n	border: 1px solid #c4c4c4;\n	border-radius: 6px;\n	-moz-border-radius: 6px;\n	-webkit-border-radius: 6px;\n	padding: 9px 9px 12px 9px;\n	background: white;\n	min-height: 600px;\n	overflow: auto;\n}\n.topBanner {\n	background: white url(top_background.jpg) no-repeat;\n	height: 129px;\n	margin-bottom: 10px;\n	position: relative;\n}\n.topBannerText {\n	font-size:   10pt;\n	font-weight: bold;\n	color: white;\n	position: absolute;\n	bottom: 8px;\n	left: 10px;\n}\n.minHeight {\n	height: 500px;\n}\n\n.standaloneContents {\n	width: 			716px;\n	margin-left: 	auto;\n	margin-right: 	auto;\n}\n\n/* System header bar */\n.headerBar {\n	border:  0px;\n	margin:  0px;\n}\n\n/* Bar that shows the logged user */\n.loginDataBar {\n	background:				-moz-linear-gradient(center top, #FFFFFF, #FFFFFF 50%, #EDEDED 100%);\n	background:				-webkit-gradient(linear, center top, center bottom, color-stop(0%, #FFFFFF), color-stop(50%, #FFFFFF), color-stop(100%, #EDEDED));\n	border:					1px solid #CCCCCC;\n	overflow:				hidden;\n	padding-right:			7px;\n	padding-top:			3px;\n	padding-bottom:			3px;\n	line-height:			12px;\n	text-align:				right;\n	background-color:		#F7F7F7;\n	-moz-border-radius: 	4px;\n	-webkit-border-radius:	4px;\n	border-radius: 			4px;\n}\n\n/* Span that shows data on the logged user bar */\n.loginData {\n	font-weight:	bold;\n	color:			#0067A3;\n	font-family:    Liberation sans, Arial, Sans-serif;\n	font-size:	    8pt;\n	padding-left:	5px;\n}\n\n/* Even rows on result lists */\n.ClassColor1 {\n	background-color: #ffffff;\n}\n\n/* Odd rows on result lists */\n.ClassColor2 {\n	background-color: #F1F7FE;\n}\n\n/* Rows when the mouse is over it */\n.ClassColorSelected {\n	background-color: #e5f0fe;\n	text-decoration: none;\n}\n\n.tdHeaderContents, .ClassColor1>td, .ClassColor2>td, .ClassColorSelected>td {\n	padding:    	4px 3px !important;\n	line-height: 	19px !important;\n}\n\n/* Messages that appear next to fields (like date format) */\n.fieldDecoration {\n	color: red !important;\n}\n\n/* Messages that appear at the bottom of the page */\n.footerNote {\n	font-weight: bold;\n	text-align:  center;\n	width:       100%;\n	color:       #0067a3;\n}\n\n/* Pagination text for search results */\n.pagination {\n}\n\n/* Pagination links */\n.paginationLink {\n	font-weight: bold;\n}\n\n/* Current page in pagination */\n.currentPage {\n	font-weight: bold;\n	color: red;\n}\n\n/* Contents on print windows */\n.printContent {\n	background-color: white;\n	border: none;\n}\n\n/* Title on print pages */\n.printTitle {\n	color:       black;\n	font-weight: bold;\n	font-size:   10pt;\n	text-align:  center;\n}\n\n/* Labels on print page */\n.printLabel {\n	color:       black;\n	font-weight: bold;\n	font-size:   9pt;\n	font-style:  italic;\n	text-align:  right;\n	vertical-align: top;\n}\n\n/* Column headers */\nth.printLabel {\n	text-align: center !important;\n}\n\n/* Data on print page */\n.printData {\n	color: black;\n	vertical-align: top;\n}\n\n/* Elements with border */\n.printBorder, .printBorder th, .printBorder td {\n	border: 1px solid black;\n	border-collapse: collapse;\n	padding: 1px 2px;\n}\n\n/*  -------------------------- Help ----------------------------*/\n\n.helpWindowBody {\n	margin:     0px;\n	cursor:     default;\n	background: #fff;\n}\n\n.helpWindowTable {\n	border:     0px;\n	width:      100%;\n	height:     100%;\n	background: #fff;\n}\n\n.helpWindowTableContent {\n	/*color:       navy;*/\n}\n\nbr.small {\n	font-size: 6px;\n}\n\n/*  ------------------------ Tables ----------------------------*/\n\n.defaultTable, .defaultTableCenter {\n	border:          0px;\n	border-spacing:  0px;\n	border-collapse: collapse;\n	padding:         0px;\n	width:	    	 100%;\n	empty-cells:     show;\n}\n\n.standAloneFixedWidth {\n	width:	    	 716px !important;\n}\n\n.bordered {\n	border-bottom:		1px solid #CCCCCC;\n	border-spacing:		0px;\n	border-collapse:	collapse;\n}\n\n.fullBordered {\n	border:				1px solid #CCCCCC;\n}\n\n.defaultTableCenter {\n	text-align: center;\n	vertical-align: middle;\n}\n\n.defaultTableContent, .defaultTableContentHidden {\n	width:					716px;\n	_width:					714px;\n	padding:				0px;\n	margin:					10px 0px 4px;\n	border-spacing:			0px;\n	float:					left;\n}\n\n.defaultTableContent {\n	border:					1px solid #CCCCCC;\n	border-radius:			4px 4px 4px 4px;\n	-moz-border-radius:		4px 4px 4px 4px;\n	-webkit-border-radius:	4px 4px 4px 4px;\n	box-shadow:				1px 3px 5px 1px rgba(0, 0, 0, 0.25);\n	-moz-box-shadow:		1px 3px 5px 1px rgba(0, 0, 0, 0.25);\n	-webkit-box-shadow:		1px 3px 5px 1px rgba(0, 0, 0, 0.25);\n}\n\n.standaloneContents .defaultTableContent, .standaloneContents .defaultTableContentHidden {\n	width: 100%;\n}\n\ntable.nested, table.nested.td, table.nested.th {\n	margin:          0px;\n	padding:         0px;\n	border-collapse: collapse;\n	border-spacing:  0px;\n}\n\nform {\n	display: inline;\n	margin:  0px;\n}\n\ntd, pre, legend {\n	color: 			#0067a3;\n	font-family:    Liberation sans, Arial, Sans-serif;\n	font-size:		9pt;\n}\n\npre {\n	display:inline;\n}\n\n\n.tdHeaderTable {\n	background-color:		#ebf2fa;\n	border-top: 			1px solid white;\n	border-bottom: 			1px solid #CCCCCC;\n	border-radius:			4px 0px 0px 0px;\n	-moz-border-radius:		4px 0px 0px 0px;\n	-webkit-border-radius:	4px 0px 0px 0px;\n	color:					#0067a3;\n	padding-left:			10px;\n    padding-top: 			7px;\n    padding-bottom:			7px;\n    vertical-align: 		top;\n	font-size:				10pt;\n	text-align:				left;\n}\n\n.tdHelpIcon {\n	background-color:		#ebf2fa;\n	border-top: 			1px solid white;\n	border-bottom:			1px solid #CCCCCC;\n	border-radius:			0px 4px 0px 0px;\n	-moz-border-radius:		0px 4px 0px 0px;\n	-webkit-border-radius:	0px 4px 0px 0px;\n	padding-right:			9px;\n	padding-top: 			0px;\n	vertical-align: 		middle;\n}\n\n.ie .tdHelpIcon, .ie .tdHeaderTable {\n      border-top: none;\n}\n\n.tdHelpIcon img {\n	margin-left: 3px;\n}\n\n.innerBorder {\n}\n\n.bottomLeft {\n	height: 6px;\n}\n\n.bottomRight {\n	height: 6px;\n}\n\n.tdHeaderContents {\n	background-color:	#F5F5F5;\n	color:				#0067a3;\n	text-align:			center;\n	border:				1px solid #FFFFFF;\n	font-weight:		bold;\n	font-size: 			9pt;\n}\n\n.tdContentTable {\n	padding: 8px;\n}\n\n.tdContentTableForms {\n	padding: 5px;\n}\n\n.tdContentTableLists {\n	padding: 1px;\n}\n\n.tdContentTableLists table {\n	border-spacing: 1px;\n}\n\n.tdContentTableForms table {\n	border-spacing: 3px;\n}\n\n.tdContentTableLists table td, .tdContentTableLists table th {\n	padding: 3px 4px;\n	line-height: 18px;\n}\n\n.tdContentTableForms table td, .tdContentTableForms table th {\n	padding-top: 3px;\n	padding-left: 2px;\n	padding-right: 2px;\n	padding-bottom: 3px;\n}\n\n.tdContents {\n	background:		transparent;\n	padding:		0px;\n	padding-left:	14px;\n	border:			none;\n	float:			left;\n	text-align:		left;\n	width: 			716px;\n	color: 			#0067a3;\n}\n\n.tdContentsStandalone {\n	text-align: 	left;\n	padding-left: 	0px;\n	width: 			100%;\n}\n\n.tdContentsCenter {\n	background:	    #FFFFFF;\n	text-align:     center;\n	vertical-align: middle;\n}\n\n.loadingMessage {\n	border:				#EC9A38 1px solid;\n	background-color: 	#FFF4E6;\n	color: 	        	#0067a3;\n	font-family:    	Liberation sans, Arial, Sans-serif;\n	font-size:      	9pt;\n	text-align:     	center;\n	padding:			0px 8px;\n	line-height:        20px;\n}\n\n.tablePrint {\n	width:	    	 100%;\n	border:          1px solid #808080;\n	border-spacing:  0px;\n	border-collapse: collapse;\n}\n\n.tdPrintHeader {\n	color:			 black;\n	font-weight:     bold;\n	text-align:      center;\n	vertical-align:  middle;\n	border:          1px solid #808080;\n	border-spacing:  0px;\n	border-collapse: collapse;\n}\n\n.tdPrintData {\n	color:			 black;\n	text-align:      left;\n	vertical-align:  middle;\n	border:          1px solid #808080;\n	border-spacing:  0px;\n	border-collapse: collapse;\n}\n\n.tdPrintDataBold {\n	color:			 black;\n	font-weight:     bold;\n	text-align:      left;\n	vertical-align:  middle;\n	border:          1px solid #808080;\n	border-spacing:  0px;\n	border-collapse: collapse;\n}\n\n/*  -------------------------- Menus ---------------------------*/\n\n.menuHolder {\n	border:			0px;\n	padding:		0px;\n	vertical-align:	top;\n	width:			210px !important;\n	float:          left;\n	margin-top:		10px;\n}\n\n/* move to top the same margin as .menu uses on to, so the first item won\'t be shifted */\n.menuContainer {\n	width:					210px;\n	border:					1px solid #CCCCCC;\n	border-radius:			4px 4px 4px 4px;\n	-moz-border-radius:		4px 4px 4px 4px;\n	-webkit-border-radius:	4px 4px 4px 4px;\n	box-shadow:				1px 3px 5px 1px rgba(0, 0, 0, 0.25);\n	-moz-box-shadow:		1px 3px 5px 1px rgba(0, 0, 0, 0.25);\n	-webkit-box-shadow:		1px 3px 5px 1px rgba(0, 0, 0, 0.25);\n	padding: 0;\n	text-align: left;\n	margin: 0px;\n}\n\n.menu, .menuHover {\n	width:				210px !important;\n	background-color:	#ebf2fa;\n	border-top:			1px solid white;\n	border-bottom: 		1px solid #CCCCCC;\n	margin: 			0px;\n	padding:  			0px;\n	overflow: 			hidden;\n	list-style: 		none;\n}\n\n.firstMenu, .firstMenuHover {\n	*margin-bottom: -3px;\n}\n\n.menuText {\n	padding-top: 	7px;\n	padding-bottom:	2px;\n	padding-left:	10px;\n	font-family:    Liberation sans, Arial, Sans-serif;\n	color: 			#0067a3;\n	font-size: 		10pt;\n	display:		block;\n	height:			20px;\n}\n\n.menuBullet {\n	display:		none;\n}\n\n.subMenu, .subMenuHover {\n	background-color: 	white;\n	border:				none;\n	list-style: 		none;\n	width: 				210px;\n	padding: 1px 0;\n}\n\n.subMenuText {\n	font-family:    Liberation sans, Arial, Sans-serif;\n	color: 			#0067a3;\n	font-size:		10pt;\n	margin-left:	5px;\n	padding-top:	1px;\n	padding-bottom:	1px;\n	width: 			160px;\n	display:		inline-block;\n}\n\n.subMenuBullet {\n	height:				3px;\n	width:				3px;\n	background-color:	#0075AD;\n	margin:				9px 1px 3px 11px;\n	font-size:          1px;\n	display:			inline-block;\n	vertical-align:		top;\n}\n\n.menuHover .menuText, .firstMenuHover .menuText, .lastMenuHover .menuText {\n	background: 		-moz-linear-gradient(center top, #fff4db 0%, #fff4db 20%, #FCE1A2 100%);\n	background:         -webkit-linear-gradient(top,  #fff4db 0%, #fff4db 20%, #FCE1A2 100%);\n	background:			-webkit-gradient(linear, center top, center bottom, color-stop(0%, #fff4db), color-stop(20%, #fff4db), color-stop(100%, #FCE1A2));\n	background-color:	#fff4db;\n}\n\n.ie .menuHover .menuText, .ie .firstMenuHover .menuText, .ie .lastMenuHover .menuText {\n	filter: progid:DXImageTransform.Microsoft.gradient(startColorstr=\'#fff4db\', endColorstr=\'#FCE1A2\'); /* IE gradients */\n  	background-color: transparent;\n\n}\n\n.subMenuHover .subMenuText {\n	text-decoration: underline;\n}\n\n.firstMenu, .firstMenuHover {\n	border-radius:			4px 4px 0px 0px;\n	-moz-border-radius:		4px 4px 0px 0px;\n	-webkit-border-radius:	4px 4px 0px 0px;\n}\n\n.lastMenu, .lastMenuHover {\n	border-bottom: none;\n	border-radius:			0px 0px 4px 4px;\n	-moz-border-radius:		0px 0px 4px 4px;\n	-webkit-border-radius:	0px 0px 4px 4px;\n}\n\n.subMenuContainer {\n	margin: 0px;\n	padding: 0px;\n	border-top: 1px solid #cccccc;\n}\n\n.firstSubMenu {\n	padding-top: 6px;\n}\n\n.lastSubMenu {\n	padding-bottom: 6px;\n}\n\n/*  -------------------------- Links ---------------------------*/\n\na {\n	text-decoration: none;\n	color:	    	 blue;\n}\n\na.default {\n	text-decoration: underline !important;\n	color:	    	 blue !important;\n}\n\na.linkList, a.profileLink, a.adminProfileLink, a.operatorProfileLink {\n	color: blue;\n}\n\na.linkList:hover, a.profileLink:hover, a.adminProfileLink:hover, a.operatorProfileLink:hover {\n	color: red;\n}\n\n\n/*  ----------------------- Form fields ------------------------*/\n\n/* Buttons */\nbutton, .button, .linkButton, .ButtonDisabled {\n\n	background:				-moz-linear-gradient(center top, #faf4e2 0%, #FDCE7E 100%);\n	background:             -webkit-linear-gradient(top,  #faf4e2 0%,#FDCE7E 100%);\n	background:				-webkit-gradient(linear, center top, center bottom, color-stop(0%, #faf4e2), color-stop(100%, #FDCE7E));\n	background-color:		#fcdca6;\n	border:					1px solid #EC9A38;\n	border-radius:			4px 4px 4px 4px;\n	-moz-border-radius:		4px 4px 4px 4px;\n	-webkit-border-radius:	4px 4px 4px 4px;\n	text-shadow: 			1px 1px 2px #faf4e2;\n	color:					#414141;\n	font-family:    		Liberation sans, Arial, Sans-serif;\n	font-size:				9pt;\n	font-weight:			normal;\n	cursor:					pointer;\n	padding: 				5px 10px;\n}\n\n.ieold button, .ieold .button, .ieold .linkButton, .ieold .ButtonDisabled {\n  padding: 1px 0px !important;\n}\n\n.ie button, .ie .button, .ie .linkButton, .ie .ButtonDisabled {\n  padding: 4px 8px;\n  filter: progid:DXImageTransform.Microsoft.gradient(startColorstr=\'#FAF4E2\', endColorstr=\'#FDCE7E\'); /* IE gradients */\n  background-color: transparent;\n}\n\n/* Disabled buttons */\n.ButtonDisabled {\n	background:				-moz-linear-gradient(center top, #FFFFFF, #DDDDDD 100%);\n	background:				-webkit-gradient(linear, center top, center bottom, color-stop(0%, #FFFFFF), color-stop(100%, #DDDDDD));\n	background-color:		#e9eef4;\n	color:					#888888;\n	border-color:			#cccccc;\n}\n\nbutton:hover, .button:hover, .linkButton:hover {\n	color:			#ff4800;\n	border:			1px solid #ff5b1a;\n}\n\n/* General inputs */\ninput, textarea, select, .radio, .printButton {\n	border: 		#CCCCCC 1px solid;\n	color: 			#0067a3;\n	font-family:    Liberation sans, Arial, Sans-serif;\n	font-size: 		9pt;\n	font-weight:    normal;\n	margin: 		0px;\n}\ninput, textarea, select, .radio, .checkbox, option {\n  background-color: white;\n}\n\n\n/* Hide mozilla inner button, when you click on virtual keyboard buttons it won\'t select the text*/\ninput::-moz-focus-inner {\n	border: none;\n}\n\n/* Select boxes */\nselect {\n	height: 22px;\n	background-color:white;\n	vertical-align: top;\n}\noption {\n	padding: 3px 6px 2px 2px;\n}\n\n/* Radios and checkboxes */\n.radio, .checkbox {\n	border: 1px solid #1e5180;\n}\n\n/* Enabled input boxes */\n.InputBoxEnabled {\n	background-color:	#FFFFFF;\n	color:				#0067a3;\n}\n\n/* Disabled input boxes */\n.InputBoxDisabled {\n	background-color:	#F5F5F5;\n	color: 				#0067a3;\n}\n\n/* Field sizes */\ninput.tiny, textarea.tiny, select.tiny {\n	width: 118px;\n}\ninput.small, textarea.small, select.small {\n	width: 168px;\n}\ninput.medium, textarea.medium, select.medium {\n	width: 218px;\n}\ninput.large, textarea.large, select.large {\n	width: 368px;\n}\ninput.full, textarea.full, select.full {\n	width: 98%;\n}\n\n/* Text fields padding */\ninput.tiny, textarea.tiny, input.small, textarea.small, input.medium, textarea.medium, input.large, textarea.large, input.full, textarea.full {\n	padding: 3px 2px;\n\n}\n\ninput {\n	padding: 3px 2px;\n}\n\n/* A div that looks like a field */\ndiv.fakeField, div.fakeFieldDisabled {\n	background-color:	#FFFFFF;\n	border:				#CCCCCC 1px solid;\n	color:				#0067a3;\n	font-family:    	Liberation sans, Arial, Sans-serif;\n	font-size:			9pt;\n	font-weight:		normal;\n	padding-left:		2px;\n	padding-right:		2px;\n	vertical-align:		top;\n	white-space:        normal;\n}\n\n/* A disabled div that looks like a field */\ndiv.fakeFieldDisabled {\n	background-color: #F5F5F5 !important;\n}\n\n/* Multi drop down definitions */\n.multiDropDownText {\n	color: 	     #0067a3;\n	font-family: Liberation sans, Arial, Sans-serif;\n	font-size: 	 9pt;\n}\n\n.multiDropDownLabel {\n	padding: 2px 4px 2px 0px !important;\n}\n\n.multiDropDown {\n	border: 	 1px solid #CCCCCC;\n	background:  white;\n	text-align: left;\n}\n\n.multiDropDownOption {\n	padding: 2px 2px 0px;\n}\n\n.multiDropDownDisabled {\n	border: 	 1px solid #CCCCCC;\n	background:  #F5F5F5;\n}\n\n.multiDropDownHover {\n	background:	#e5f0fe;\n}\n\n/* Virtual keyboard definitions */\n.virtualKeyboardButton {\n	background:					-moz-linear-gradient(center top, #dce6f4 0%, #fcfefc 25%, #c4d6ec 100%);\n	background:					-webkit-gradient(linear, center top, center bottom, color-stop(0%, #dce6f4), color-stop(25%, #fcfefc), color-stop(100%, #c4d6ec));\n	background-color:			#dce6f4;\n	border:						1px solid #9CB3D8;\n	border-radius:				3px 3px 3px 3px;\n	-moz-border-radius:			3px 3px 3px 3px;\n	-webkit-border-radius:		3px 3px 3px 3px;\n	text-shadow: 				1px 1px 2px #faf4e2;\n	color: 	    				navy;\n	padding:					4px 4px 4px 4px;\n 	width:			            28px;\n   	margin:         		   	1px;\n   	cursor:            		   	pointer;\n}\n\n.ie .virtualKeyboardButton {\n	filter: progid:DXImageTransform.Microsoft.gradient(startColorstr=\'#dce6f4\', endColorstr=\'#fcfefc\'); /* IE gradients */\n  	background-color: transparent;\n\n}\n\n.virtualKeyboardButtonHover {\n	background-color:			#f4faff;\n	background:					-moz-linear-gradient(center top, #f4faff 0%, #ffffff 25%, #e1f3ff 100%);\n	background:					-webkit-gradient(linear, center top, center bottom, color-stop(0%, #f4faff), color-stop(25%, #ffffff), color-stop(100%, #e1f3ff));\n}\n\n.ie .virtualKeyboardButtonHover {\n	filter: progid:DXImageTransform.Microsoft.gradient(startColorstr=\'#f4faff\', endColorstr=\'#ffffff\'); /* IE gradients */\n  	background-color: transparent;\n}\n\n.virtualKeyboardContrastVeryLow {\n	color: #aac3db;\n}\n\n.virtualKeyboardContrastLow {\n	color: #90a5ba;\n}\n\n.virtualKeyboardContrastNormal {\n	color: #798b9c;\n}\n\n.virtualKeyboardContrastHigh {\n	color: #606e7b;\n}\n\n.virtualKeyboardContrastVeryHigh {\n	color: navy;\n}\n\n/* Fieldsets */\nfieldset {\n	border:	1px solid #9ab8d5;\n	margin:	5px 2px;\n}\n\n/* Fieldset legends */\nlegend {\n	font-weight: bold;\n	margin-left: 10px;\n}\n\n/* Labels on forms */\n.label {\n	text-align:     right;\n	font-weight:    bold;\n}\n\ntd.label {\n	padding-right:  4px !important;\n    padding-top: 7px !important;\n    padding-bottom: 7px !important;\n    vertical-align: top;\n}\n\nspan.label, span.lastLabel, span.inlineLabel {\n	font-weight: 	bold;\n	display: 		inline-block;\n}\n\nspan.label, span.lastLabel {\n	padding-top: 	3px !important;\n}\n\nspan.label, span.inlineLabel {\n	padding-right:	4px !important;\n}\n\n/* Labels that looks like headers */\n.headerLabel {\n	border: 			1px solid #FFFFFF;\n	background-color: 	#F5F5F5;\n	color: 				#0067a3;\n	text-align:         right;\n	font-weight:        bold;\n	padding:			5px 5px 6px !important;\n}\n@-moz-document url-prefix() {\n	.headerLabel {\n		padding:			6px 5px 5px !important;\n	}\n}\n.headerField {\n	padding-left: 5px !important;\n}\n\n/* Decorated labels on forms */\n.decoratedLabel {\n	color:         red;\n	text-align:    right;\n	font-weight:   bold;\n	padding-right: 5px;\n}\n\n/* TDs that should be class label but have nested label spans */\n.nestedLabel {\n	text-align:    right;\n	padding-right: 0px;\n}\n\n/* Buttons on print pages */\n.printButton {\n	border:     black 1px solid;\n	color:      black;\n	background: #dddddd;\n}\n\n/* Horizontal rules */\nhr {\n	height:           0px;\n	border:           none;\n	border-top:       1px solid #9ab8d5;\n}\n\nhr.print {\n	height:           0px;\n	border:           none;\n	border-top:       1px solid black;\n}\n\n/* Image scroller (on profile or ad details) definitions */\n.imageContainer {\n	border:     1px solid #CCCCCC;\n	text-align: center;\n}\n\n.thumbnail {\n	margin: 1px;\n}\n\n.imageOnly {\n	margin: 0px !important;\n	padding: 0px !important;\n	border: none !important;\n}\n\n.imageContainer a {\n	color: #0067a3;\n	text-decoration: none;\n}\n\n.imageContainer a:hover {\n	color: red;\n}\n\n.imageIndex {\n}\n\n.imageRemove, .imageControls, .imageSetCaption, .imageDetails {\n	border-top: 1px solid #CCCCCC;\n}\n\n/* Image view popup definitions */\n.popupThumbnailContainer {\n	padding-top:    10px;\n	padding-bottom: 10px;\n	padding-left:   20px;\n	padding-right:  0px;\n	height:         80px;\n	width:          100%;\n	border-bottom:  1px solid #CCCCCC;\n	overflow:       auto;\n	overflow-y:     hidden;\n	text-align:     left;\n	white-space:    nowrap;\n}\n\n.popupThumbnail {\n	vertical-align: middle;\n	margin-right:   20px;\n}\n\n.popupImageContainer {\n	text-align:     center;\n	padding:        20px;\n	padding-bottom: 0px;\n}\n\n/* Autocompletion divs */\n.autoComplete {\n	position:         absolute;\n	background-color: white;\n	border: 	      1px solid #CCCCCC;\n	margin:           0px;\n	padding:          0px;\n	cursor:           default;\n	font-weight:      normal;\n	z-index: 		  1;\n}\n\n.autoComplete ul {\n	list-style-type: none;\n	margin:          0px;\n	padding:         0px;\n	overflow:        auto;\n	overflow-x:      hidden;\n}\n\n.autoComplete ul li {\n	background:  white;\n	color:       #0067a3;\n	white-space: nowrap;\n	text-align:  left;\n	padding:     2px;\n}\n\n.autoComplete ul li.selected {\n	background:	     #e5f0fe;\n}\n\n.draggableList {\n	list-style-type:  none;\n	margin:           0px;\n	padding:          0px;\n	background-color: #F0F8FF;\n	border:           1px solid #CCCCCC;\n	padding-top:      10px;\n}\n\n.draggableList li {\n	margin-bottom:   10px;\n	cursor: move;\n}\n\n/*  ---------------- Page specific definitions -----------------*/\n\n/* Account history */\n\n.ClassColorCredit {\n	color: blue !important;\n}\n\n.ClassColorCredit a {\n	color: blue !important;\n}\n\n.ClassColorDebit {\n	color: red !important;\n}\n\n.ClassColorDebit a {\n	color: red !important;\n}\n\n\n/* Ad search */\n\n.productTitle, .productTitle a {\n	font-weight: bold;\n	color: red;\n	text-decoration: underline;\n}\n\n.productOwner {\n	font-weight: bold;\n	font-style: italic;\n}\n\n.productOwner a {\n	color:           blue;\n	text-decoration: underline;\n}\n\n.productDescription {\n}\n\nul.categoryLevel0 {\n	list-style-type: none;\n	margin-bottom: 10px;\n	padding-left: 20px;\n	margin-left: 0px;\n}\n\nul.categoryLevel1 {\n	list-style-type: square;\n	padding-left: 15px;\n	margin-bottom: 5px;\n	margin-left: 0px;\n}\n\nul.categoryLevel2 {\n	list-style-type: disc;\n	padding-left: 15px;\n	margin-left: 0px;\n}\n\nli.categoryLevel1 {\n	font-weight: bold;\n	padding-left: 0px;\n	color: #658DCF;\n}\n\nli.categoryLevel2 {\n	font-weight: normal;\n	padding-left: 0px;\n	color: #658DCF;\n}\n\nli.categoryLevel3 {\n	font-weight: normal;\n	padding-left: 0px;\n	color: #658DCF;\n}\n\nspan.categoryLevel1Text, span.categoryLevel2Text, span.categoryLevel3Text {\n	color: #0067a3;\n}\n\nspan.categoryLevel1TextHover, span.categoryLevel2TextHover, span.categoryLevel3TextHover {\n	color: blue;\n	text-decoration: underline;\n}\n\nspan.categoryCountText{\n	color: #658dcf;\n}\n\n/* Customized files list */\n.conflict {\n	color: red;\n}\n\n/* Messages */\n.unreadMessage {\n	font-weight: bold;\n}\n\n.readMessage {\n}\n\n.removedMessage {\n	font-style: italic;\n}\n\n.repliedMessage {\n}\n\ndiv.manualPage h1 {\n	font-size: 14pt;\n}\n\ndiv.manualPage h2 {\n	font-size: 12pt;\n}\n\ndiv.manualPage h3 {\n	font-size: 10pt;\n	margin: 0px;\n	padding: 0px;\n	margin-top: 20px;\n}\n\ndiv.manualPage a {\n	text-decoration: underline;\n	color: blue;\n}\n\na.manualLink {\n	color: #0067a3;\n}\n\na.manualLink:hover {\n	color: blue;\n	text-decoration: underline;\n}\n\n.alertNotification {\n	width: 		400px;\n	border: 	2px solid red;\n	padding: 	10px;\n	color: 		red;\n	font-size: 	11pt;\n}\n\nimg.quickAccessIcon {\n	border: none;\n	display: block;\n	margin-bottom: 5px;\n}\n\n.quickAccessLink {\n    background-color: white;\n    display: inline-block;\n    padding: 2px;\n    border: 1px solid white;\n    border-radius: 4px;\n    -moz-border-radius:	4px;\n	-webkit-border-radius: 4px;\n    width: 95%;\n}\n\n.quickAccessLink:hover {\n	background-color: #EBF2FA;\n	border: 1px solid #B0B0B0;\n}\n\n@media print {\n\n	.printButton {\n		display:none;\n	}\n}',NULL,NULL);
/*!40000 ALTER TABLE `files` ENABLE KEYS */;
UNLOCK TABLES;

--
-- Table structure for table `group_broker_account_information_permissions`
--

DROP TABLE IF EXISTS `group_broker_account_information_permissions`;
/*!40101 SET @saved_cs_client     = @@character_set_client */;
/*!40101 SET character_set_client = utf8 */;
CREATE TABLE `group_broker_account_information_permissions` (
  `owner_group_id` int(11) NOT NULL,
  `account_type_id` int(11) NOT NULL,
  KEY `FKE9668F39461D0C55` (`account_type_id`),
  KEY `FKE9668F392E6F411B` (`owner_group_id`),
  CONSTRAINT `FKE9668F392E6F411B` FOREIGN KEY (`owner_group_id`) REFERENCES `groups` (`id`),
  CONSTRAINT `FKE9668F39461D0C55` FOREIGN KEY (`account_type_id`) REFERENCES `account_types` (`id`)
) ENGINE=InnoDB DEFAULT CHARSET=utf8;
/*!40101 SET character_set_client = @saved_cs_client */;

--
-- Dumping data for table `group_broker_account_information_permissions`
--

LOCK TABLES `group_broker_account_information_permissions` WRITE;
/*!40000 ALTER TABLE `group_broker_account_information_permissions` DISABLE KEYS */;
/*!40000 ALTER TABLE `group_broker_account_information_permissions` ENABLE KEYS */;
UNLOCK TABLES;

--
-- Table structure for table `group_buy_with_payment_obligations_from`
--

DROP TABLE IF EXISTS `group_buy_with_payment_obligations_from`;
/*!40101 SET @saved_cs_client     = @@character_set_client */;
/*!40101 SET character_set_client = utf8 */;
CREATE TABLE `group_buy_with_payment_obligations_from` (
  `owner_group_id` int(11) NOT NULL,
  `related_group_id` int(11) NOT NULL,
  KEY `FKD0447BADF0E43C82` (`related_group_id`),
  KEY `FKD0447BAD5D14BEFA` (`owner_group_id`),
  CONSTRAINT `FKD0447BAD5D14BEFA` FOREIGN KEY (`owner_group_id`) REFERENCES `groups` (`id`),
  CONSTRAINT `FKD0447BADF0E43C82` FOREIGN KEY (`related_group_id`) REFERENCES `groups` (`id`)
) ENGINE=InnoDB DEFAULT CHARSET=utf8;
/*!40101 SET character_set_client = @saved_cs_client */;

--
-- Dumping data for table `group_buy_with_payment_obligations_from`
--

LOCK TABLES `group_buy_with_payment_obligations_from` WRITE;
/*!40000 ALTER TABLE `group_buy_with_payment_obligations_from` DISABLE KEYS */;
/*!40000 ALTER TABLE `group_buy_with_payment_obligations_from` ENABLE KEYS */;
UNLOCK TABLES;

--
-- Table structure for table `group_filters`
--

DROP TABLE IF EXISTS `group_filters`;
/*!40101 SET @saved_cs_client     = @@character_set_client */;
/*!40101 SET character_set_client = utf8 */;
CREATE TABLE `group_filters` (
  `id` int(11) NOT NULL AUTO_INCREMENT,
  `name` varchar(100) NOT NULL,
  `login_page_name` varchar(20) DEFAULT NULL,
  `root_url` varchar(100) DEFAULT NULL,
  `container_url` varchar(100) DEFAULT NULL,
  `description` longtext,
  `show_in_profile` bit(1) NOT NULL,
  PRIMARY KEY (`id`),
  KEY `ix_login_page_name` (`login_page_name`)
) ENGINE=InnoDB DEFAULT CHARSET=utf8;
/*!40101 SET character_set_client = @saved_cs_client */;

--
-- Dumping data for table `group_filters`
--

LOCK TABLES `group_filters` WRITE;
/*!40000 ALTER TABLE `group_filters` DISABLE KEYS */;
/*!40000 ALTER TABLE `group_filters` ENABLE KEYS */;
UNLOCK TABLES;

--
-- Table structure for table `group_filters_groups`
--

DROP TABLE IF EXISTS `group_filters_groups`;
/*!40101 SET @saved_cs_client     = @@character_set_client */;
/*!40101 SET character_set_client = utf8 */;
CREATE TABLE `group_filters_groups` (
  `group_id` int(11) NOT NULL,
  `group_filter_id` int(11) NOT NULL,
  KEY `FKDB149C589D46A867` (`group_filter_id`),
  KEY `FKDB149C58B45926EE` (`group_id`),
  KEY `FKDB149C5825A5B3E8` (`group_id`),
  CONSTRAINT `FKDB149C5825A5B3E8` FOREIGN KEY (`group_id`) REFERENCES `groups` (`id`),
  CONSTRAINT `FKDB149C589D46A867` FOREIGN KEY (`group_filter_id`) REFERENCES `group_filters` (`id`),
  CONSTRAINT `FKDB149C58B45926EE` FOREIGN KEY (`group_id`) REFERENCES `groups` (`id`)
) ENGINE=InnoDB DEFAULT CHARSET=utf8;
/*!40101 SET character_set_client = @saved_cs_client */;

--
-- Dumping data for table `group_filters_groups`
--

LOCK TABLES `group_filters_groups` WRITE;
/*!40000 ALTER TABLE `group_filters_groups` DISABLE KEYS */;
/*!40000 ALTER TABLE `group_filters_groups` ENABLE KEYS */;
UNLOCK TABLES;

--
-- Table structure for table `group_filters_viewable_by`
--

DROP TABLE IF EXISTS `group_filters_viewable_by`;
/*!40101 SET @saved_cs_client     = @@character_set_client */;
/*!40101 SET character_set_client = utf8 */;
CREATE TABLE `group_filters_viewable_by` (
  `group_id` int(11) NOT NULL,
  `group_filter_id` int(11) NOT NULL,
  KEY `FKB32047139D46A867` (`group_filter_id`),
  KEY `FKB3204713B45926EE` (`group_id`),
  CONSTRAINT `FKB3204713B45926EE` FOREIGN KEY (`group_id`) REFERENCES `groups` (`id`),
  CONSTRAINT `FKB32047139D46A867` FOREIGN KEY (`group_filter_id`) REFERENCES `group_filters` (`id`)
) ENGINE=InnoDB DEFAULT CHARSET=utf8;
/*!40101 SET character_set_client = @saved_cs_client */;

--
-- Dumping data for table `group_filters_viewable_by`
--

LOCK TABLES `group_filters_viewable_by` WRITE;
/*!40000 ALTER TABLE `group_filters_viewable_by` DISABLE KEYS */;
/*!40000 ALTER TABLE `group_filters_viewable_by` ENABLE KEYS */;
UNLOCK TABLES;

--
-- Table structure for table `group_guarantee_types`
--

DROP TABLE IF EXISTS `group_guarantee_types`;
/*!40101 SET @saved_cs_client     = @@character_set_client */;
/*!40101 SET character_set_client = utf8 */;
CREATE TABLE `group_guarantee_types` (
  `group_id` int(11) NOT NULL,
  `guarantee_type_id` int(11) NOT NULL,
  KEY `FK7D9DE2429383E848` (`guarantee_type_id`),
  KEY `FK7D9DE24225A5B3E8` (`group_id`),
  CONSTRAINT `FK7D9DE24225A5B3E8` FOREIGN KEY (`group_id`) REFERENCES `groups` (`id`),
  CONSTRAINT `FK7D9DE2429383E848` FOREIGN KEY (`guarantee_type_id`) REFERENCES `guarantee_types` (`id`)
) ENGINE=InnoDB DEFAULT CHARSET=utf8;
/*!40101 SET character_set_client = @saved_cs_client */;

--
-- Dumping data for table `group_guarantee_types`
--

LOCK TABLES `group_guarantee_types` WRITE;
/*!40000 ALTER TABLE `group_guarantee_types` DISABLE KEYS */;
/*!40000 ALTER TABLE `group_guarantee_types` ENABLE KEYS */;
UNLOCK TABLES;

--
-- Table structure for table `group_history_logs`
--

DROP TABLE IF EXISTS `group_history_logs`;
/*!40101 SET @saved_cs_client     = @@character_set_client */;
/*!40101 SET character_set_client = utf8 */;
CREATE TABLE `group_history_logs` (
  `id` int(11) NOT NULL AUTO_INCREMENT,
  `element_id` int(11) NOT NULL,
  `group_id` int(11) NOT NULL,
  `start_date` datetime NOT NULL,
  `end_date` datetime DEFAULT NULL,
  PRIMARY KEY (`id`),
  KEY `FKC08E903A47C8C3FD` (`element_id`),
  KEY `FKC08E903A25A5B3E8` (`group_id`),
  CONSTRAINT `FKC08E903A25A5B3E8` FOREIGN KEY (`group_id`) REFERENCES `groups` (`id`),
  CONSTRAINT `FKC08E903A47C8C3FD` FOREIGN KEY (`element_id`) REFERENCES `members` (`id`)
) ENGINE=InnoDB AUTO_INCREMENT=6 DEFAULT CHARSET=utf8;
/*!40101 SET character_set_client = @saved_cs_client */;

--
-- Dumping data for table `group_history_logs`
--

LOCK TABLES `group_history_logs` WRITE;
/*!40000 ALTER TABLE `group_history_logs` DISABLE KEYS */;
INSERT INTO `group_history_logs` VALUES (1,2,6,'2013-12-15 00:36:12','2013-12-15 00:37:32'),(2,2,5,'2013-12-15 00:37:32',NULL),(3,3,6,'2013-12-15 03:08:55','2013-12-15 03:11:01'),(4,3,9,'2013-12-15 03:11:01',NULL),(5,4,12,'2013-12-15 03:35:56',NULL);
/*!40000 ALTER TABLE `group_history_logs` ENABLE KEYS */;
UNLOCK TABLES;

--
-- Table structure for table `group_issue_certification_to`
--

DROP TABLE IF EXISTS `group_issue_certification_to`;
/*!40101 SET @saved_cs_client     = @@character_set_client */;
/*!40101 SET character_set_client = utf8 */;
CREATE TABLE `group_issue_certification_to` (
  `owner_group_id` int(11) NOT NULL,
  `related_group_id` int(11) NOT NULL,
  KEY `FK32219C86F0E43C82` (`related_group_id`),
  KEY `FK32219C865D14BEFA` (`owner_group_id`),
  CONSTRAINT `FK32219C865D14BEFA` FOREIGN KEY (`owner_group_id`) REFERENCES `groups` (`id`),
  CONSTRAINT `FK32219C86F0E43C82` FOREIGN KEY (`related_group_id`) REFERENCES `groups` (`id`)
) ENGINE=InnoDB DEFAULT CHARSET=utf8;
/*!40101 SET character_set_client = @saved_cs_client */;

--
-- Dumping data for table `group_issue_certification_to`
--

LOCK TABLES `group_issue_certification_to` WRITE;
/*!40000 ALTER TABLE `group_issue_certification_to` DISABLE KEYS */;
/*!40000 ALTER TABLE `group_issue_certification_to` ENABLE KEYS */;
UNLOCK TABLES;

--
-- Table structure for table `group_operator_account_information_permissions`
--

DROP TABLE IF EXISTS `group_operator_account_information_permissions`;
/*!40101 SET @saved_cs_client     = @@character_set_client */;
/*!40101 SET character_set_client = utf8 */;
CREATE TABLE `group_operator_account_information_permissions` (
  `owner_group_id` int(11) NOT NULL,
  `account_type_id` int(11) NOT NULL,
  KEY `FKE831E404461D0C55` (`account_type_id`),
  KEY `FKE831E404CB78BB0` (`owner_group_id`),
  CONSTRAINT `FKE831E404CB78BB0` FOREIGN KEY (`owner_group_id`) REFERENCES `groups` (`id`),
  CONSTRAINT `FKE831E404461D0C55` FOREIGN KEY (`account_type_id`) REFERENCES `account_types` (`id`)
) ENGINE=InnoDB DEFAULT CHARSET=utf8;
/*!40101 SET character_set_client = @saved_cs_client */;

--
-- Dumping data for table `group_operator_account_information_permissions`
--

LOCK TABLES `group_operator_account_information_permissions` WRITE;
/*!40000 ALTER TABLE `group_operator_account_information_permissions` DISABLE KEYS */;
INSERT INTO `group_operator_account_information_permissions` VALUES (12,5);
/*!40000 ALTER TABLE `group_operator_account_information_permissions` ENABLE KEYS */;
UNLOCK TABLES;

--
-- Table structure for table `group_view_account_information_permissions`
--

DROP TABLE IF EXISTS `group_view_account_information_permissions`;
/*!40101 SET @saved_cs_client     = @@character_set_client */;
/*!40101 SET character_set_client = utf8 */;
CREATE TABLE `group_view_account_information_permissions` (
  `owner_group_id` int(11) NOT NULL,
  `account_type_id` int(11) NOT NULL,
  KEY `FK25619205461D0C55` (`account_type_id`),
  KEY `FK256192055D14BEFA` (`owner_group_id`),
  CONSTRAINT `FK256192055D14BEFA` FOREIGN KEY (`owner_group_id`) REFERENCES `groups` (`id`),
  CONSTRAINT `FK25619205461D0C55` FOREIGN KEY (`account_type_id`) REFERENCES `account_types` (`id`)
) ENGINE=InnoDB DEFAULT CHARSET=utf8;
/*!40101 SET character_set_client = @saved_cs_client */;

--
-- Dumping data for table `group_view_account_information_permissions`
--

LOCK TABLES `group_view_account_information_permissions` WRITE;
/*!40000 ALTER TABLE `group_view_account_information_permissions` DISABLE KEYS */;
/*!40000 ALTER TABLE `group_view_account_information_permissions` ENABLE KEYS */;
UNLOCK TABLES;

--
-- Table structure for table `group_view_ads_permissions`
--

DROP TABLE IF EXISTS `group_view_ads_permissions`;
/*!40101 SET @saved_cs_client     = @@character_set_client */;
/*!40101 SET character_set_client = utf8 */;
CREATE TABLE `group_view_ads_permissions` (
  `owner_group_id` int(11) NOT NULL,
  `related_group_id` int(11) NOT NULL,
  KEY `FKBBD1639BF0E43C82` (`related_group_id`),
  KEY `FKBBD1639B5D14BEFA` (`owner_group_id`),
  CONSTRAINT `FKBBD1639B5D14BEFA` FOREIGN KEY (`owner_group_id`) REFERENCES `groups` (`id`),
  CONSTRAINT `FKBBD1639BF0E43C82` FOREIGN KEY (`related_group_id`) REFERENCES `groups` (`id`)
) ENGINE=InnoDB DEFAULT CHARSET=utf8;
/*!40101 SET character_set_client = @saved_cs_client */;

--
-- Dumping data for table `group_view_ads_permissions`
--

LOCK TABLES `group_view_ads_permissions` WRITE;
/*!40000 ALTER TABLE `group_view_ads_permissions` DISABLE KEYS */;
INSERT INTO `group_view_ads_permissions` VALUES (9,5),(9,9);
/*!40000 ALTER TABLE `group_view_ads_permissions` ENABLE KEYS */;
UNLOCK TABLES;

--
-- Table structure for table `group_view_profile_permissions`
--

DROP TABLE IF EXISTS `group_view_profile_permissions`;
/*!40101 SET @saved_cs_client     = @@character_set_client */;
/*!40101 SET character_set_client = utf8 */;
CREATE TABLE `group_view_profile_permissions` (
  `owner_group_id` int(11) NOT NULL,
  `related_group_id` int(11) NOT NULL,
  KEY `FK58BF4414F0E43C82` (`related_group_id`),
  KEY `FK58BF44145D14BEFA` (`owner_group_id`),
  CONSTRAINT `FK58BF44145D14BEFA` FOREIGN KEY (`owner_group_id`) REFERENCES `groups` (`id`),
  CONSTRAINT `FK58BF4414F0E43C82` FOREIGN KEY (`related_group_id`) REFERENCES `groups` (`id`)
) ENGINE=InnoDB DEFAULT CHARSET=utf8;
/*!40101 SET character_set_client = @saved_cs_client */;

--
-- Dumping data for table `group_view_profile_permissions`
--

LOCK TABLES `group_view_profile_permissions` WRITE;
/*!40000 ALTER TABLE `group_view_profile_permissions` DISABLE KEYS */;
INSERT INTO `group_view_profile_permissions` VALUES (9,5),(9,9),(5,9),(5,5);
/*!40000 ALTER TABLE `group_view_profile_permissions` ENABLE KEYS */;
UNLOCK TABLES;

--
-- Table structure for table `groups`
--

DROP TABLE IF EXISTS `groups`;
/*!40101 SET @saved_cs_client     = @@character_set_client */;
/*!40101 SET character_set_client = utf8 */;
CREATE TABLE `groups` (
  `id` int(11) NOT NULL AUTO_INCREMENT,
  `subclass` varchar(1) NOT NULL,
  `status` varchar(1) NOT NULL,
  `name` varchar(100) NOT NULL,
  `description` longtext,
  `max_password_tries` int(11) DEFAULT NULL,
  `min_password_length` int(11) DEFAULT NULL,
  `max_password_length` int(11) DEFAULT NULL,
  `password_policy` varchar(1) NOT NULL,
  `deactivation_number` int(11) DEFAULT NULL,
  `deactivation_field` int(11) DEFAULT NULL,
  `password_expiration_number` int(11) DEFAULT NULL,
  `password_expiration_field` int(11) DEFAULT NULL,
  `transaction_password` varchar(1) DEFAULT NULL,
  `transaction_password_length` int(11) NOT NULL DEFAULT '4',
  `max_tp_tries` int(11) NOT NULL,
  `hide_currency_on_pmt` bit(1) NOT NULL,
  `root_url` varchar(100) DEFAULT NULL,
  `login_page_name` varchar(20) DEFAULT NULL,
  `container_url` varchar(100) DEFAULT NULL,
  `sms_charge_transfer_type_id` int(11) DEFAULT NULL,
  `sms_charge_amount` decimal(15,6) DEFAULT NULL,
  `sms_free_count` int(11) NOT NULL DEFAULT '0',
  `sms_additional_charged_count` int(11) NOT NULL DEFAULT '1',
  `sms_additional_charged_period_number` int(11) DEFAULT NULL,
  `sms_additional_charged_period_field` int(11) DEFAULT NULL,
  `sms_show_free_threshold` int(11) NOT NULL DEFAULT '50',
  `sms_context_class_name` varchar(255) DEFAULT NULL,
  `member_max_images_per_member` int(11) DEFAULT NULL,
  `member_max_ads_per_member` int(11) DEFAULT NULL,
  `member_max_ad_description_size` int(11) NOT NULL DEFAULT '2048',
  `member_max_ad_images_per_member` int(11) NOT NULL DEFAULT '3',
  `member_default_ad_publication_number` int(11) DEFAULT NULL,
  `member_default_ad_publication_field` int(11) DEFAULT NULL,
  `member_max_ad_publication_number` int(11) DEFAULT NULL,
  `member_max_ad_publication_field` int(11) DEFAULT NULL,
  `member_enable_permanent_ads` bit(1) NOT NULL DEFAULT b'0',
  `member_show_posweb_pmt_dsc` bit(1) NOT NULL DEFAULT b'0',
  `member_external_ad_publication` varchar(1) DEFAULT NULL,
  `member_send_password_by_email` bit(1) NOT NULL DEFAULT b'0',
  `member_view_loans_by_group` bit(1) NOT NULL DEFAULT b'0',
  `member_repay_loan_by_group` bit(1) NOT NULL DEFAULT b'0',
  `member_max_scheduling_payments` int(11) NOT NULL DEFAULT '0',
  `member_max_scheduling_period_number` int(11) DEFAULT NULL,
  `member_max_scheduling_period_field` int(11) DEFAULT NULL,
  `min_pin_length` int(11) DEFAULT NULL,
  `max_pin_length` int(11) DEFAULT NULL,
  `member_max_pin_tries` int(11) DEFAULT NULL,
  `member_pin_block_number` int(11) DEFAULT NULL,
  `member_pin_block_field` int(11) DEFAULT NULL,
  `member_expire_number` int(11) DEFAULT NULL,
  `member_expire_field` int(11) DEFAULT NULL,
  `member_max_pos_scheduling_payments` int(11) NOT NULL DEFAULT '0',
  `member_number_of_copies` int(11) NOT NULL DEFAULT '0',
  `member_result_page_size` int(11) NOT NULL DEFAULT '0',
  `member_allow_make_payment` bit(1) NOT NULL DEFAULT b'0',
  `member_expire_group_id` int(11) DEFAULT NULL,
  `member_active` bit(1) NOT NULL DEFAULT b'0',
  `initial_group_show` varchar(100) DEFAULT NULL,
  `initial_group` bit(1) NOT NULL DEFAULT b'0',
  `member_default_allow_charging_sms` bit(1) NOT NULL DEFAULT b'0',
  `member_default_accept_free_mailing` bit(1) NOT NULL DEFAULT b'0',
  `member_default_accept_paid_mailing` bit(1) NOT NULL DEFAULT b'0',
  `registration_agreement_id` int(11) DEFAULT NULL,
  `card_type_id` int(11) DEFAULT NULL,
  `member_id` int(11) DEFAULT NULL,
  PRIMARY KEY (`id`),
  KEY `ix_login_page_name` (`login_page_name`),
  KEY `FKB63DD9D4EAE0AB57` (`member_id`),
  KEY `FKB63DD9D433E01D0A` (`registration_agreement_id`),
  KEY `FKB63DD9D4935D704F` (`sms_charge_transfer_type_id`),
  KEY `FKB63DD9D46061A69` (`member_expire_group_id`),
  KEY `FKB63DD9D48595CD86` (`card_type_id`),
  CONSTRAINT `FKB63DD9D48595CD86` FOREIGN KEY (`card_type_id`) REFERENCES `card_types` (`id`),
  CONSTRAINT `FKB63DD9D433E01D0A` FOREIGN KEY (`registration_agreement_id`) REFERENCES `registration_agreements` (`id`),
  CONSTRAINT `FKB63DD9D46061A69` FOREIGN KEY (`member_expire_group_id`) REFERENCES `groups` (`id`),
  CONSTRAINT `FKB63DD9D4935D704F` FOREIGN KEY (`sms_charge_transfer_type_id`) REFERENCES `transfer_types` (`id`),
  CONSTRAINT `FKB63DD9D4EAE0AB57` FOREIGN KEY (`member_id`) REFERENCES `members` (`id`)
) ENGINE=InnoDB AUTO_INCREMENT=13 DEFAULT CHARSET=utf8;
/*!40101 SET character_set_client = @saved_cs_client */;

--
-- Dumping data for table `groups`
--

LOCK TABLES `groups` WRITE;
/*!40000 ALTER TABLE `groups` DISABLE KEYS */;
INSERT INTO `groups` VALUES (1,'A','N','System administrators','Administrators with full permission on the system',3,4,12,'N',10,12,0,2,'N',4,3,'\0',NULL,NULL,NULL,NULL,NULL,0,1,NULL,NULL,50,NULL,NULL,NULL,2048,3,NULL,NULL,NULL,NULL,'\0','\0',NULL,'\0','\0','\0',0,NULL,NULL,NULL,NULL,NULL,NULL,NULL,NULL,NULL,0,0,0,'\0',NULL,'\0',NULL,'\0','\0','\0','\0',NULL,NULL,NULL),(2,'A','N','Account administrators','Administrators with permissions for account operations',3,4,12,'N',10,12,0,2,'N',4,3,'\0',NULL,NULL,NULL,NULL,NULL,0,1,NULL,NULL,50,NULL,NULL,NULL,2048,3,NULL,NULL,NULL,NULL,'\0','\0',NULL,'\0','\0','\0',0,NULL,NULL,NULL,NULL,NULL,NULL,NULL,NULL,NULL,0,0,0,'\0',NULL,'\0',NULL,'\0','\0','\0','\0',NULL,NULL,NULL),(3,'A','N','Disabled administrators','Administrators with no permissions',3,4,12,'N',10,12,0,2,'N',4,3,'\0',NULL,NULL,NULL,NULL,NULL,0,1,NULL,NULL,50,NULL,NULL,NULL,2048,3,NULL,NULL,NULL,NULL,'\0','\0',NULL,'\0','\0','\0',0,NULL,NULL,NULL,NULL,NULL,NULL,NULL,NULL,NULL,0,0,0,'\0',NULL,'\0',NULL,'\0','\0','\0','\0',NULL,NULL,NULL),(4,'A','R','Removed administrators','Administrators that were removed',3,4,12,'N',10,12,0,2,'N',4,3,'\0',NULL,NULL,NULL,NULL,NULL,0,1,NULL,NULL,50,NULL,NULL,NULL,2048,3,NULL,NULL,NULL,NULL,'\0','\0',NULL,'\0','\0','\0',0,NULL,NULL,NULL,NULL,NULL,NULL,NULL,NULL,NULL,0,0,0,'\0',NULL,'\0',NULL,'\0','\0','\0','\0',NULL,NULL,NULL),(5,'M','N','Full members','Members with all permissions',3,4,12,'N',10,12,0,2,'N',4,3,'\0',NULL,NULL,NULL,NULL,NULL,0,0,NULL,NULL,0,NULL,3,0,2048,3,1,2,3,2,'\0','\0','D','','','',36,3,1,4,4,0,NULL,NULL,0,5,6,2,5,'\0',NULL,'',NULL,'\0','\0','\0','\0',NULL,NULL,NULL),(6,'M','N','Inactive members','Members awaiting change to an active group',3,4,12,'N',10,12,0,2,'N',4,3,'\0',NULL,NULL,NULL,NULL,NULL,0,0,NULL,NULL,0,NULL,3,10,2048,3,1,2,3,2,'\0','\0','D','','','',0,NULL,NULL,4,4,0,NULL,NULL,0,5,6,2,5,'\0',NULL,'\0',NULL,'','\0','\0','\0',1,NULL,NULL),(7,'M','N','Disabled members','Members with no permissions',3,4,12,'N',10,12,0,2,'N',4,3,'\0',NULL,NULL,NULL,NULL,NULL,0,1,1,2,50,NULL,3,10,2048,3,1,2,3,2,'','\0','E','','','',36,3,1,4,4,3,1,5,NULL,NULL,6,2,5,'\0',NULL,'\0',NULL,'\0','\0','\0','\0',NULL,NULL,NULL),(8,'M','R','Removed members','Members that were removed from the system',3,4,12,'N',10,12,0,2,'N',4,3,'\0',NULL,NULL,NULL,NULL,NULL,0,1,1,2,50,NULL,3,10,2048,3,1,2,3,2,'','\0','E','','','',36,3,1,4,4,3,1,5,NULL,NULL,6,2,5,'\0',NULL,'\0',NULL,'\0','\0','\0','\0',NULL,NULL,NULL),(9,'B','N','Full brokers','Brokers with all permissions',3,4,12,'N',10,12,0,2,'N',4,3,'\0',NULL,NULL,NULL,NULL,NULL,0,0,NULL,NULL,0,NULL,3,10,2048,3,1,2,3,2,'','\0','E','','','',36,3,1,4,4,0,NULL,NULL,0,5,6,2,5,'\0',NULL,'',NULL,'\0','\0','\0','\0',NULL,NULL,NULL),(10,'B','N','Disabled brokers','Brokers with no permissions',3,4,12,'N',10,12,0,2,'N',4,3,'\0',NULL,NULL,NULL,NULL,NULL,0,1,1,2,50,NULL,3,10,2048,3,1,2,3,2,'','\0','E','','','',36,3,1,4,4,3,1,5,NULL,NULL,6,2,5,'\0',NULL,'\0',NULL,'\0','\0','\0','\0',NULL,NULL,NULL),(11,'B','R','Removed brokers','Brokers that were removed from the system',3,4,12,'N',10,12,0,2,'N',4,3,'\0',NULL,NULL,NULL,NULL,NULL,0,1,1,2,50,NULL,3,10,2048,3,1,2,3,2,'','\0','E','','','',36,3,1,4,4,3,1,5,NULL,NULL,6,2,5,'\0',NULL,'\0',NULL,'\0','\0','\0','\0',NULL,NULL,NULL),(12,'O','N','My Ops',NULL,3,4,12,'N',10,12,0,2,'N',4,3,'\0',NULL,NULL,NULL,NULL,NULL,0,1,NULL,NULL,50,NULL,NULL,NULL,2048,3,NULL,NULL,NULL,NULL,'\0','\0',NULL,'\0','\0','\0',0,NULL,NULL,NULL,NULL,NULL,NULL,NULL,NULL,NULL,0,0,0,'\0',NULL,'\0',NULL,'\0','\0','\0','\0',NULL,NULL,2);
/*!40000 ALTER TABLE `groups` ENABLE KEYS */;
UNLOCK TABLES;

--
-- Table structure for table `groups_account_fees`
--

DROP TABLE IF EXISTS `groups_account_fees`;
/*!40101 SET @saved_cs_client     = @@character_set_client */;
/*!40101 SET character_set_client = utf8 */;
CREATE TABLE `groups_account_fees` (
  `group_id` int(11) NOT NULL,
  `account_fee_id` int(11) NOT NULL,
  KEY `FKE41C910ADA75B281` (`account_fee_id`),
  KEY `FKE41C910AB45926EE` (`group_id`),
  CONSTRAINT `FKE41C910AB45926EE` FOREIGN KEY (`group_id`) REFERENCES `groups` (`id`),
  CONSTRAINT `FKE41C910ADA75B281` FOREIGN KEY (`account_fee_id`) REFERENCES `account_fees` (`id`)
) ENGINE=InnoDB DEFAULT CHARSET=utf8;
/*!40101 SET character_set_client = @saved_cs_client */;

--
-- Dumping data for table `groups_account_fees`
--

LOCK TABLES `groups_account_fees` WRITE;
/*!40000 ALTER TABLE `groups_account_fees` DISABLE KEYS */;
INSERT INTO `groups_account_fees` VALUES (5,1),(9,1),(5,2),(9,2),(5,3);
/*!40000 ALTER TABLE `groups_account_fees` ENABLE KEYS */;
UNLOCK TABLES;

--
-- Table structure for table `groups_channels`
--

DROP TABLE IF EXISTS `groups_channels`;
/*!40101 SET @saved_cs_client     = @@character_set_client */;
/*!40101 SET character_set_client = utf8 */;
CREATE TABLE `groups_channels` (
  `channel_id` int(11) NOT NULL,
  `group_id` int(11) NOT NULL,
  KEY `FKE6E149DBB45926EE` (`group_id`),
  KEY `FKE6E149DB9B71D578` (`channel_id`),
  CONSTRAINT `FKE6E149DB9B71D578` FOREIGN KEY (`channel_id`) REFERENCES `channels` (`id`),
  CONSTRAINT `FKE6E149DBB45926EE` FOREIGN KEY (`group_id`) REFERENCES `groups` (`id`)
) ENGINE=InnoDB DEFAULT CHARSET=utf8;
/*!40101 SET character_set_client = @saved_cs_client */;

--
-- Dumping data for table `groups_channels`
--

LOCK TABLES `groups_channels` WRITE;
/*!40000 ALTER TABLE `groups_channels` DISABLE KEYS */;
INSERT INTO `groups_channels` VALUES (1,9),(2,9),(3,9),(1,6),(1,5),(2,5),(3,5);
/*!40000 ALTER TABLE `groups_channels` ENABLE KEYS */;
UNLOCK TABLES;

--
-- Table structure for table `groups_chargeback_transfer_types`
--

DROP TABLE IF EXISTS `groups_chargeback_transfer_types`;
/*!40101 SET @saved_cs_client     = @@character_set_client */;
/*!40101 SET character_set_client = utf8 */;
CREATE TABLE `groups_chargeback_transfer_types` (
  `group_id` int(11) NOT NULL,
  `transfer_type_id` int(11) NOT NULL,
  KEY `FK895D5F9EA4766B0A` (`transfer_type_id`),
  KEY `FK895D5F9E659B479` (`group_id`),
  CONSTRAINT `FK895D5F9E659B479` FOREIGN KEY (`group_id`) REFERENCES `groups` (`id`),
  CONSTRAINT `FK895D5F9EA4766B0A` FOREIGN KEY (`transfer_type_id`) REFERENCES `transfer_types` (`id`)
) ENGINE=InnoDB DEFAULT CHARSET=utf8;
/*!40101 SET character_set_client = @saved_cs_client */;

--
-- Dumping data for table `groups_chargeback_transfer_types`
--

LOCK TABLES `groups_chargeback_transfer_types` WRITE;
/*!40000 ALTER TABLE `groups_chargeback_transfer_types` DISABLE KEYS */;
/*!40000 ALTER TABLE `groups_chargeback_transfer_types` ENABLE KEYS */;
UNLOCK TABLES;

--
-- Table structure for table `groups_conversion_simulation_transfer_types`
--

DROP TABLE IF EXISTS `groups_conversion_simulation_transfer_types`;
/*!40101 SET @saved_cs_client     = @@character_set_client */;
/*!40101 SET character_set_client = utf8 */;
CREATE TABLE `groups_conversion_simulation_transfer_types` (
  `group_id` int(11) NOT NULL,
  `transfer_type_id` int(11) NOT NULL,
  KEY `FK88FC75FFA4766B0A` (`transfer_type_id`),
  KEY `FK88FC75FF25A5B3E8` (`group_id`),
  CONSTRAINT `FK88FC75FF25A5B3E8` FOREIGN KEY (`group_id`) REFERENCES `groups` (`id`),
  CONSTRAINT `FK88FC75FFA4766B0A` FOREIGN KEY (`transfer_type_id`) REFERENCES `transfer_types` (`id`)
) ENGINE=InnoDB DEFAULT CHARSET=utf8;
/*!40101 SET character_set_client = @saved_cs_client */;

--
-- Dumping data for table `groups_conversion_simulation_transfer_types`
--

LOCK TABLES `groups_conversion_simulation_transfer_types` WRITE;
/*!40000 ALTER TABLE `groups_conversion_simulation_transfer_types` DISABLE KEYS */;
/*!40000 ALTER TABLE `groups_conversion_simulation_transfer_types` ENABLE KEYS */;
UNLOCK TABLES;

--
-- Table structure for table `groups_default_channels`
--

DROP TABLE IF EXISTS `groups_default_channels`;
/*!40101 SET @saved_cs_client     = @@character_set_client */;
/*!40101 SET character_set_client = utf8 */;
CREATE TABLE `groups_default_channels` (
  `group_id` int(11) NOT NULL,
  `channel_id` int(11) NOT NULL,
  KEY `FK9B33E319B45926EE` (`group_id`),
  KEY `FK9B33E3199B71D578` (`channel_id`),
  CONSTRAINT `FK9B33E3199B71D578` FOREIGN KEY (`channel_id`) REFERENCES `channels` (`id`),
  CONSTRAINT `FK9B33E319B45926EE` FOREIGN KEY (`group_id`) REFERENCES `groups` (`id`)
) ENGINE=InnoDB DEFAULT CHARSET=utf8;
/*!40101 SET character_set_client = @saved_cs_client */;

--
-- Dumping data for table `groups_default_channels`
--

LOCK TABLES `groups_default_channels` WRITE;
/*!40000 ALTER TABLE `groups_default_channels` DISABLE KEYS */;
INSERT INTO `groups_default_channels` VALUES (9,1),(9,2),(9,3),(6,1),(5,1),(5,2),(5,3);
/*!40000 ALTER TABLE `groups_default_channels` ENABLE KEYS */;
UNLOCK TABLES;

--
-- Table structure for table `groups_documents`
--

DROP TABLE IF EXISTS `groups_documents`;
/*!40101 SET @saved_cs_client     = @@character_set_client */;
/*!40101 SET character_set_client = utf8 */;
CREATE TABLE `groups_documents` (
  `group_id` int(11) NOT NULL,
  `document_id` int(11) NOT NULL,
  KEY `FKD664EE0DD6DB8FB3` (`document_id`),
  KEY `FKD664EE0D659B479` (`group_id`),
  CONSTRAINT `FKD664EE0D659B479` FOREIGN KEY (`group_id`) REFERENCES `groups` (`id`),
  CONSTRAINT `FKD664EE0DD6DB8FB3` FOREIGN KEY (`document_id`) REFERENCES `documents` (`id`)
) ENGINE=InnoDB DEFAULT CHARSET=utf8;
/*!40101 SET character_set_client = @saved_cs_client */;

--
-- Dumping data for table `groups_documents`
--

LOCK TABLES `groups_documents` WRITE;
/*!40000 ALTER TABLE `groups_documents` DISABLE KEYS */;
/*!40000 ALTER TABLE `groups_documents` ENABLE KEYS */;
UNLOCK TABLES;

--
-- Table structure for table `groups_from_transaction_fees`
--

DROP TABLE IF EXISTS `groups_from_transaction_fees`;
/*!40101 SET @saved_cs_client     = @@character_set_client */;
/*!40101 SET character_set_client = utf8 */;
CREATE TABLE `groups_from_transaction_fees` (
  `group_id` int(11) NOT NULL,
  `transaction_fee_id` int(11) NOT NULL,
  KEY `FK39737E38B45926EE` (`group_id`),
  KEY `FK39737E38E969E40E` (`transaction_fee_id`),
  CONSTRAINT `FK39737E38E969E40E` FOREIGN KEY (`transaction_fee_id`) REFERENCES `transaction_fees` (`id`),
  CONSTRAINT `FK39737E38B45926EE` FOREIGN KEY (`group_id`) REFERENCES `groups` (`id`)
) ENGINE=InnoDB DEFAULT CHARSET=utf8;
/*!40101 SET character_set_client = @saved_cs_client */;

--
-- Dumping data for table `groups_from_transaction_fees`
--

LOCK TABLES `groups_from_transaction_fees` WRITE;
/*!40000 ALTER TABLE `groups_from_transaction_fees` DISABLE KEYS */;
/*!40000 ALTER TABLE `groups_from_transaction_fees` ENABLE KEYS */;
UNLOCK TABLES;

--
-- Table structure for table `groups_member_record_types`
--

DROP TABLE IF EXISTS `groups_member_record_types`;
/*!40101 SET @saved_cs_client     = @@character_set_client */;
/*!40101 SET character_set_client = utf8 */;
CREATE TABLE `groups_member_record_types` (
  `group_id` int(11) NOT NULL,
  `member_record_type_id` int(11) NOT NULL,
  KEY `FK201F85A5E46288C5` (`member_record_type_id`),
  KEY `FK201F85A525A5B3E8` (`group_id`),
  CONSTRAINT `FK201F85A525A5B3E8` FOREIGN KEY (`group_id`) REFERENCES `groups` (`id`),
  CONSTRAINT `FK201F85A5E46288C5` FOREIGN KEY (`member_record_type_id`) REFERENCES `member_record_types` (`id`)
) ENGINE=InnoDB DEFAULT CHARSET=utf8;
/*!40101 SET character_set_client = @saved_cs_client */;

--
-- Dumping data for table `groups_member_record_types`
--

LOCK TABLES `groups_member_record_types` WRITE;
/*!40000 ALTER TABLE `groups_member_record_types` DISABLE KEYS */;
INSERT INTO `groups_member_record_types` VALUES (1,1),(2,1),(3,1),(4,1),(5,1),(6,1),(7,1),(8,1),(9,1),(10,1),(11,1);
/*!40000 ALTER TABLE `groups_member_record_types` ENABLE KEYS */;
UNLOCK TABLES;

--
-- Table structure for table `groups_payment_filters`
--

DROP TABLE IF EXISTS `groups_payment_filters`;
/*!40101 SET @saved_cs_client     = @@character_set_client */;
/*!40101 SET character_set_client = utf8 */;
CREATE TABLE `groups_payment_filters` (
  `group_id` int(11) NOT NULL,
  `payment_filter_id` int(11) NOT NULL,
  KEY `FK413E1E5725A5B3E8` (`group_id`),
  KEY `FK413E1E57A78BAF2E` (`payment_filter_id`),
  CONSTRAINT `FK413E1E57A78BAF2E` FOREIGN KEY (`payment_filter_id`) REFERENCES `payment_filters` (`id`),
  CONSTRAINT `FK413E1E5725A5B3E8` FOREIGN KEY (`group_id`) REFERENCES `groups` (`id`)
) ENGINE=InnoDB DEFAULT CHARSET=utf8;
/*!40101 SET character_set_client = @saved_cs_client */;

--
-- Dumping data for table `groups_payment_filters`
--

LOCK TABLES `groups_payment_filters` WRITE;
/*!40000 ALTER TABLE `groups_payment_filters` DISABLE KEYS */;
INSERT INTO `groups_payment_filters` VALUES (5,1),(9,1),(5,2),(9,2),(5,3),(9,3),(5,4),(9,4),(5,5),(9,5),(5,6),(9,6),(1,7),(2,7),(1,8),(2,8),(1,9),(2,9),(1,10),(2,10),(1,11),(2,11),(1,12),(2,12),(1,13),(2,13),(1,14),(2,14),(1,15),(2,15),(1,16),(2,16),(1,17),(2,17),(1,18),(2,18),(1,19),(2,19),(1,20),(2,20),(1,21),(2,21),(1,22),(2,22),(1,23),(2,23),(1,24),(2,24),(1,25),(2,25),(1,26),(2,26);
/*!40000 ALTER TABLE `groups_payment_filters` ENABLE KEYS */;
UNLOCK TABLES;

--
-- Table structure for table `groups_request_payment_channels`
--

DROP TABLE IF EXISTS `groups_request_payment_channels`;
/*!40101 SET @saved_cs_client     = @@character_set_client */;
/*!40101 SET character_set_client = utf8 */;
CREATE TABLE `groups_request_payment_channels` (
  `group_id` int(11) NOT NULL,
  `channel_id` int(11) NOT NULL,
  KEY `FK2975B9A4B45926EE` (`group_id`),
  KEY `FK2975B9A49B71D578` (`channel_id`),
  CONSTRAINT `FK2975B9A49B71D578` FOREIGN KEY (`channel_id`) REFERENCES `channels` (`id`),
  CONSTRAINT `FK2975B9A4B45926EE` FOREIGN KEY (`group_id`) REFERENCES `groups` (`id`)
) ENGINE=InnoDB DEFAULT CHARSET=utf8;
/*!40101 SET character_set_client = @saved_cs_client */;

--
-- Dumping data for table `groups_request_payment_channels`
--

LOCK TABLES `groups_request_payment_channels` WRITE;
/*!40000 ALTER TABLE `groups_request_payment_channels` DISABLE KEYS */;
/*!40000 ALTER TABLE `groups_request_payment_channels` ENABLE KEYS */;
UNLOCK TABLES;

--
-- Table structure for table `groups_to_transaction_fees`
--

DROP TABLE IF EXISTS `groups_to_transaction_fees`;
/*!40101 SET @saved_cs_client     = @@character_set_client */;
/*!40101 SET character_set_client = utf8 */;
CREATE TABLE `groups_to_transaction_fees` (
  `group_id` int(11) NOT NULL,
  `transaction_fee_id` int(11) NOT NULL,
  KEY `FKBB60D4C7B45926EE` (`group_id`),
  KEY `FKBB60D4C7E969E40E` (`transaction_fee_id`),
  CONSTRAINT `FKBB60D4C7E969E40E` FOREIGN KEY (`transaction_fee_id`) REFERENCES `transaction_fees` (`id`),
  CONSTRAINT `FKBB60D4C7B45926EE` FOREIGN KEY (`group_id`) REFERENCES `groups` (`id`)
) ENGINE=InnoDB DEFAULT CHARSET=utf8;
/*!40101 SET character_set_client = @saved_cs_client */;

--
-- Dumping data for table `groups_to_transaction_fees`
--

LOCK TABLES `groups_to_transaction_fees` WRITE;
/*!40000 ALTER TABLE `groups_to_transaction_fees` DISABLE KEYS */;
/*!40000 ALTER TABLE `groups_to_transaction_fees` ENABLE KEYS */;
UNLOCK TABLES;

--
-- Table structure for table `groups_transfer_types`
--

DROP TABLE IF EXISTS `groups_transfer_types`;
/*!40101 SET @saved_cs_client     = @@character_set_client */;
/*!40101 SET character_set_client = utf8 */;
CREATE TABLE `groups_transfer_types` (
  `group_id` int(11) NOT NULL,
  `transfer_type_id` int(11) NOT NULL,
  KEY `FKA930C8F0A4766B0A` (`transfer_type_id`),
  KEY `FKA930C8F025A5B3E8` (`group_id`),
  CONSTRAINT `FKA930C8F025A5B3E8` FOREIGN KEY (`group_id`) REFERENCES `groups` (`id`),
  CONSTRAINT `FKA930C8F0A4766B0A` FOREIGN KEY (`transfer_type_id`) REFERENCES `transfer_types` (`id`)
) ENGINE=InnoDB DEFAULT CHARSET=utf8;
/*!40101 SET character_set_client = @saved_cs_client */;

--
-- Dumping data for table `groups_transfer_types`
--

LOCK TABLES `groups_transfer_types` WRITE;
/*!40000 ALTER TABLE `groups_transfer_types` DISABLE KEYS */;
INSERT INTO `groups_transfer_types` VALUES (1,1),(1,2),(1,3),(1,4),(1,5),(1,6),(1,7),(1,8),(1,9),(1,10),(1,11),(1,12),(1,14),(1,15),(1,16),(1,17),(1,22),(1,24),(9,13),(9,18),(9,19),(9,20),(9,29),(9,30),(5,30),(5,13),(5,29),(5,18),(5,20),(5,19);
/*!40000 ALTER TABLE `groups_transfer_types` ENABLE KEYS */;
UNLOCK TABLES;

--
-- Table structure for table `groups_transfer_types_as_member`
--

DROP TABLE IF EXISTS `groups_transfer_types_as_member`;
/*!40101 SET @saved_cs_client     = @@character_set_client */;
/*!40101 SET character_set_client = utf8 */;
CREATE TABLE `groups_transfer_types_as_member` (
  `group_id` int(11) NOT NULL,
  `transfer_type_id` int(11) NOT NULL,
  KEY `FKFC716B8A4766B0A` (`transfer_type_id`),
  KEY `FKFC716B825A5B3E8` (`group_id`),
  KEY `FKFC716B885B3A90F` (`group_id`),
  KEY `FKFC716B83794D57D` (`group_id`),
  CONSTRAINT `FKFC716B83794D57D` FOREIGN KEY (`group_id`) REFERENCES `groups` (`id`),
  CONSTRAINT `FKFC716B825A5B3E8` FOREIGN KEY (`group_id`) REFERENCES `groups` (`id`),
  CONSTRAINT `FKFC716B885B3A90F` FOREIGN KEY (`group_id`) REFERENCES `groups` (`id`),
  CONSTRAINT `FKFC716B8A4766B0A` FOREIGN KEY (`transfer_type_id`) REFERENCES `transfer_types` (`id`)
) ENGINE=InnoDB DEFAULT CHARSET=utf8;
/*!40101 SET character_set_client = @saved_cs_client */;

--
-- Dumping data for table `groups_transfer_types_as_member`
--

LOCK TABLES `groups_transfer_types_as_member` WRITE;
/*!40000 ALTER TABLE `groups_transfer_types_as_member` DISABLE KEYS */;
/*!40000 ALTER TABLE `groups_transfer_types_as_member` ENABLE KEYS */;
UNLOCK TABLES;

--
-- Table structure for table `guarantee_logs`
--

DROP TABLE IF EXISTS `guarantee_logs`;
/*!40101 SET @saved_cs_client     = @@character_set_client */;
/*!40101 SET character_set_client = utf8 */;
CREATE TABLE `guarantee_logs` (
  `id` int(11) NOT NULL AUTO_INCREMENT,
  `date` datetime NOT NULL,
  `status` varchar(2) NOT NULL,
  `guarantee_id` int(11) NOT NULL,
  `by_id` int(11) DEFAULT NULL,
  PRIMARY KEY (`id`),
  KEY `FK22595062B1214C2` (`by_id`),
  KEY `FK225950629C0E817` (`guarantee_id`),
  CONSTRAINT `FK225950629C0E817` FOREIGN KEY (`guarantee_id`) REFERENCES `guarantees` (`id`),
  CONSTRAINT `FK22595062B1214C2` FOREIGN KEY (`by_id`) REFERENCES `members` (`id`)
) ENGINE=InnoDB DEFAULT CHARSET=utf8;
/*!40101 SET character_set_client = @saved_cs_client */;

--
-- Dumping data for table `guarantee_logs`
--

LOCK TABLES `guarantee_logs` WRITE;
/*!40000 ALTER TABLE `guarantee_logs` DISABLE KEYS */;
/*!40000 ALTER TABLE `guarantee_logs` ENABLE KEYS */;
UNLOCK TABLES;

--
-- Table structure for table `guarantee_types`
--

DROP TABLE IF EXISTS `guarantee_types`;
/*!40101 SET @saved_cs_client     = @@character_set_client */;
/*!40101 SET character_set_client = utf8 */;
CREATE TABLE `guarantee_types` (
  `id` int(11) NOT NULL AUTO_INCREMENT,
  `name` varchar(100) NOT NULL,
  `description` longtext,
  `model` varchar(2) NOT NULL,
  `authorized_by` varchar(1) NOT NULL,
  `enabled` bit(1) NOT NULL,
  `pending_guarantee_expiration_number` int(11) DEFAULT NULL,
  `pending_guarantee_expiration_field` int(11) DEFAULT NULL,
  `payment_obligation_period_number` int(11) DEFAULT NULL,
  `payment_obligation_period_field` int(11) DEFAULT NULL,
  `credit_fee_payer` varchar(1) NOT NULL,
  `issue_fee_payer` varchar(1) NOT NULL,
  `currency_id` int(11) NOT NULL,
  `credit_fee` decimal(15,6) NOT NULL DEFAULT '0.000000',
  `credit_fee_type` varchar(1) NOT NULL,
  `credit_fee_readonly` bit(1) NOT NULL,
  `issue_fee` decimal(15,6) NOT NULL DEFAULT '0.000000',
  `issue_fee_type` varchar(1) NOT NULL,
  `issue_fee_readonly` bit(1) NOT NULL,
  `loan_transfer_type_id` int(11) NOT NULL,
  `credit_fee_transfer_type_id` int(11) DEFAULT NULL,
  `issue_fee_transfer_type_id` int(11) DEFAULT NULL,
  `forward_transfer_type_id` int(11) DEFAULT NULL,
  PRIMARY KEY (`id`),
  KEY `FK43027402C0E7F6FA` (`currency_id`),
  KEY `FK4302740234403429` (`credit_fee_transfer_type_id`),
  KEY `FK43027402D757D44` (`forward_transfer_type_id`),
  KEY `FK43027402B7718679` (`loan_transfer_type_id`),
  KEY `FK43027402907BA249` (`issue_fee_transfer_type_id`),
  CONSTRAINT `FK43027402907BA249` FOREIGN KEY (`issue_fee_transfer_type_id`) REFERENCES `transfer_types` (`id`),
  CONSTRAINT `FK4302740234403429` FOREIGN KEY (`credit_fee_transfer_type_id`) REFERENCES `transfer_types` (`id`),
  CONSTRAINT `FK43027402B7718679` FOREIGN KEY (`loan_transfer_type_id`) REFERENCES `transfer_types` (`id`),
  CONSTRAINT `FK43027402C0E7F6FA` FOREIGN KEY (`currency_id`) REFERENCES `currencies` (`id`),
  CONSTRAINT `FK43027402D757D44` FOREIGN KEY (`forward_transfer_type_id`) REFERENCES `transfer_types` (`id`)
) ENGINE=InnoDB DEFAULT CHARSET=utf8;
/*!40101 SET character_set_client = @saved_cs_client */;

--
-- Dumping data for table `guarantee_types`
--

LOCK TABLES `guarantee_types` WRITE;
/*!40000 ALTER TABLE `guarantee_types` DISABLE KEYS */;
/*!40000 ALTER TABLE `guarantee_types` ENABLE KEYS */;
UNLOCK TABLES;

--
-- Table structure for table `guarantees`
--

DROP TABLE IF EXISTS `guarantees`;
/*!40101 SET @saved_cs_client     = @@character_set_client */;
/*!40101 SET character_set_client = utf8 */;
CREATE TABLE `guarantees` (
  `id` int(11) NOT NULL AUTO_INCREMENT,
  `status` varchar(2) NOT NULL,
  `amount` decimal(15,6) NOT NULL,
  `credit_fee` decimal(15,6) DEFAULT '0.000000',
  `credit_fee_type` varchar(1) DEFAULT NULL,
  `issue_fee` decimal(15,6) DEFAULT '0.000000',
  `issue_fee_type` varchar(1) DEFAULT NULL,
  `begin_date` date DEFAULT NULL,
  `end_date` date DEFAULT NULL,
  `registration_date` datetime NOT NULL,
  `loan_id` int(11) DEFAULT NULL,
  `guarantee_type_id` int(11) NOT NULL,
  `certification_id` int(11) DEFAULT NULL,
  `buyer_id` int(11) NOT NULL,
  `seller_id` int(11) DEFAULT NULL,
  `issuer_id` int(11) NOT NULL,
  PRIMARY KEY (`id`),
  UNIQUE KEY `loan_id` (`loan_id`),
  KEY `FKA37612EB608B319E` (`buyer_id`),
  KEY `FKA37612EB9383E848` (`guarantee_type_id`),
  KEY `FKA37612EB40A58052` (`seller_id`),
  KEY `FKA37612EB205CEC57` (`certification_id`),
  KEY `FKA37612EBA5F0DAD8` (`issuer_id`),
  KEY `FKA37612EBF9B21025` (`loan_id`),
  CONSTRAINT `FKA37612EBF9B21025` FOREIGN KEY (`loan_id`) REFERENCES `loans` (`id`),
  CONSTRAINT `FKA37612EB205CEC57` FOREIGN KEY (`certification_id`) REFERENCES `certifications` (`id`),
  CONSTRAINT `FKA37612EB40A58052` FOREIGN KEY (`seller_id`) REFERENCES `members` (`id`),
  CONSTRAINT `FKA37612EB608B319E` FOREIGN KEY (`buyer_id`) REFERENCES `members` (`id`),
  CONSTRAINT `FKA37612EB9383E848` FOREIGN KEY (`guarantee_type_id`) REFERENCES `guarantee_types` (`id`),
  CONSTRAINT `FKA37612EBA5F0DAD8` FOREIGN KEY (`issuer_id`) REFERENCES `members` (`id`)
) ENGINE=InnoDB DEFAULT CHARSET=utf8;
/*!40101 SET character_set_client = @saved_cs_client */;

--
-- Dumping data for table `guarantees`
--

LOCK TABLES `guarantees` WRITE;
/*!40000 ALTER TABLE `guarantees` DISABLE KEYS */;
/*!40000 ALTER TABLE `guarantees` ENABLE KEYS */;
UNLOCK TABLES;

--
-- Table structure for table `images`
--

DROP TABLE IF EXISTS `images`;
/*!40101 SET @saved_cs_client     = @@character_set_client */;
/*!40101 SET character_set_client = utf8 */;
CREATE TABLE `images` (
  `id` int(11) NOT NULL AUTO_INCREMENT,
  `subclass` varchar(3) NOT NULL,
  `name` varchar(100) NOT NULL,
  `content_type` varchar(100) NOT NULL,
  `image_size` int(11) NOT NULL,
  `last_modified` datetime NOT NULL,
  `thumbnail_size` int(11) NOT NULL,
  `image` longblob NOT NULL,
  `thumbnail` longblob,
  `member_id` int(11) DEFAULT NULL,
  `order_number` smallint(6) DEFAULT NULL,
  `caption` varchar(255) DEFAULT NULL,
  `ad_id` int(11) DEFAULT NULL,
  PRIMARY KEY (`id`),
  KEY `ix_subclass_name` (`subclass`,`name`),
  KEY `FKB95A8278EAE0AB57` (`member_id`),
  KEY `FKB95A8278CAF74240` (`ad_id`),
  CONSTRAINT `FKB95A8278CAF74240` FOREIGN KEY (`ad_id`) REFERENCES `ads` (`id`),
  CONSTRAINT `FKB95A8278EAE0AB57` FOREIGN KEY (`member_id`) REFERENCES `members` (`id`)
) ENGINE=InnoDB AUTO_INCREMENT=49 DEFAULT CHARSET=utf8;
/*!40101 SET character_set_client = @saved_cs_client */;

--
-- Dumping data for table `images`
--

LOCK TABLES `images` WRITE;
/*!40000 ALTER TABLE `images` DISABLE KEYS */;
INSERT INTO `images` VALUES (1,'sys','active.gif','image/gif',565,'2013-12-14 18:15:35',565,'GIF89a\0\0V\0jr\0x\0l\0\0.g.x##A|A\0\0!!\0\0\0\0\0\066%%##22\0\0**117777;;\0\0\0\044\0\0\0\0KK\0\0\0\0\0\0UU\0\0hh\0\0\0\0RL\0\0\0\0ppuu\n\n\0\0|y!Created with The GIMP\0!\n\0\0,\0\0\0\0\0\0\0yPN;1FR=M\nGU>#O? JSC-$\'QH3\rKB\Z7+T4*	/85.!2%&0/6A)(,\":L!\"<\0@9DIE\0;','GIF89a\0\0V\0jr\0x\0l\0\0.g.x##A|A\0\0!!\0\0\0\0\0\066%%##22\0\0**117777;;\0\0\0\044\0\0\0\0KK\0\0\0\0\0\0UU\0\0hh\0\0\0\0RL\0\0\0\0ppuu\n\n\0\0|y!Created with The GIMP\0!\n\0\0,\0\0\0\0\0\0\0yPN;1FR=M\nGU>#O? JSC-$\'QH3\rKB\Z7+T4*	/85.!2%&0/6A)(,\":L!\"<\0@9DIE\0;',NULL,NULL,NULL,NULL),(2,'sys','calendar.gif','image/gif',154,'2013-12-14 18:15:35',154,'GIF89a\0\0\0fffp\0J\0?!Created with GIMP\0!\0\0\0,\0\0\0\0\0\0\022!9\0$	-`xns@MgF\Zh:\0;','GIF89a\0\0\0fffp\0J\0?!Created with GIMP\0!\0\0\0,\0\0\0\0\0\0\022!9\0$	-`xns@MgF\Zh:\0;',NULL,NULL,NULL,NULL),(3,'sys','captchaBackground.jpg','image/jpeg',8164,'2013-12-14 18:15:36',1277,'\0JFIF\0\0H\0H\0\0\0C\0\0C\0\0<\0\0\0\0\0\0\0\0\0\0\0\0\0\0\0	\n\0S\0		\0\0\0\0\0!1A\"Qa2BUVqTbr	$35CRWduv7Fs\0\0\0\0\0\0\0\0\0\0\0\0\0\0\0K\0	\0\0\0\0\0!1AQaq\"RST2Bs#br456DUc3C\0\0\0?\0&2d[P&Dq\ndI$dbGiK-6I-JI$bIc,(D!\0F\n!]2r?M\\sgF4r{cX#m/Gc\Z]?3#v5zc>#-?G#\ZLH\ryG~5x	]TO$n?n/45nUn^kaA^\0WmGOKv3Z>b9{\0bcQnGL\0gJA=k6lHGm_#\\385ap:hLUcyVpGzmU42,H^\"*&.i999t=P?{w^#-?G#\Z99t=r.i9LH7v/ON]rgF~h<~FZ~G4rr{=7`\r{EA]2r?C(o/z66E*BUTm?cv.SS\">x	4;EG{q:6kOdR<#W/-eJtcjgR&1\ncZ.Zab#*JT98$F@$,n-\0<Z)c&J\'#-?G#\Zm&{$nP?{w^#-?G#\Z99t=r.i9LH7MRVaqG`o{Bp\"Jq?GWMbm^?k\0OSC\\?~r{dz\'={r{[}d+2%Sv$viYJ@A\Z_krndH0H!!DBj81nQ\'RT` TM#8iEZZnTmmNZR\0.5*EC\'$g<R{*#5_9iIf GC7URZpd \n\"[Et]J\"q77.*RilDVhI z]:ylInYk=\Z<L &<H\0`3Y&XM\Z@>_KyA\n#vp;U7R)R2=Ziv7636IO	B8g[#I1#LIL\Zxc[c#=c\\fYM@W<\r8\nM!S@S&+COou\n.eTz?A)I\nZJPg&f>$|<kx3lV*b8mK-a eG9J-	T^>Eyr}T>0-]nG\rPVOfI%\\yM)Fx>)V;;ew\\qj3kJS\nN}i\r!\'*_K+Pz^IkDmhe)-`=Q\n	PJU\ZfN*FqZSG1\ZQ|nnv<eSl\rj5vX:c-T(	Jty/vM!\'(JB\0cb3e6P\0\r\0$@\0QA04qpJROY\'-Gx2#]0\niRg|\\g|yx$I5RHH8)=|ZK:pX[*\nG<j+\r	^_V90d&[\0U^j+~I\0aK[b>}Rb\0`k6_k?UM\0k_9R(BT@!	$*ZbBENhVGZ^&sb\0uorZLj5z^m\'\Z24P5bD&\rA<\\5K1\'Yc\ndDtn<}z\\u4S\r8Ud\0C<QjNV{K5\r\Z\"7RY<6+%l?Ia+-!u\Zje.2c^)+ITihAE>AF)85B&qsII	B#;K}^yZi	RfiU(5AR\0J[Vi\r@y6Je%8s)@d$%v\ZOy##M\ri*!J{lZ*3U\\*j\0VZ*_m{Q	p#HH:=8\Z91\'w[h	Ag>Z5\rkk-mn{4[B<3ZpQ[@$\"\".?g]}4&(r>90DJ-)K)j8F|\\JuJ-3?\n\">?wa wi*s,qFxC?\Z88eBE;Gj/~>^?og{?\Z=#~q`6_].?J-9	`v|\\\Z]6u5\0nmBQR:sfAT\rPH<e \'?9Wy]1Ai@qJx$IRI\nJ A4j\r!1/y!`-`^P.lDMrE=0v;ZXb2KiBm23\rODc_l*\\vC|jv\\\\:EH|I)8uI?A\Z28ZsJ!X$_[pE4?T<M`@3BM+TuuBCCKK!-H8JPI[D#.F`z3q,;j%yzitSjz1??U\0PI(qFxjtU6Q*#RJ%\'d$,\07n&ZPJN#a\ZmlD{77&)3SzC@njSfcHP p=>tC)KRk+ZRpw\\n]ykq%4&f\\vcsIkUQ\rrPkL@\0qH-a&B>Fn-)J?94JW>Y0egccTc0Dk^^}yz<JzAH$55r]_N?(v\rHxm3\Z81n,.vmSzEh\n&,fOJJ@IlF\\mP@\0#aVaX4qLGB#Y|velE9b&&-%8J5<pKSE?^oGg0iYHCCiVyUJ\rR\01&J-,QJkBUbXCRAeiE2\\QIqQ(AJ yN T?(LIhDH\r4=q[;zph-l5m)0:\n}!pi^Y)*VJ	H5:E`J<y*Jq	MI$h5\\N--k2zA;ie#:M.eKc08sXupDh\rBejNi:^2&RPS7\"yk\rM0Jl1y. I5>&\"NOynt\nR) (!\Z$	Vt:LNe\0zRg\"ld8$#\Zmcfv)qtZ	d+	uI\\cbpQef%sW\Z	 FcR4&Yi4M8JSnk}*o9q6_bB[$I8$R,e&IPif`kB5b+drQ(d>1tTfK0Omp.o]!*s\\ehju\r$jYZ9(5Mzm$%<+CW](eR(q	5\Z warQ[\"n8Oi*s aJ:#fK*#(u#A Hm+TB|6Loll+M:u1J|SW`L.Kf_tjq.ID\'dgn*]SFPuE\0\\DZr^!E;TMZB)\n	xKOQYoaL=\ZChz<q9J<NQ6t|IG*\no1W\n2V^\\Sj\\TxhKEB\"T)~<$g!\'I;cI\Z\0B84AuCf4u(WTm\0vKKJW\0C8M,J6etm\ZEIyd4p$<n<@f9\\ 53h6IJ)]yFztb|SkdM=xgQ) \'%DG^`\Z -awV&l]RaO$b9L49\r$`}t]aO!\'(6i#e%peYvLUQ\npNiT&!K[O`$)Dr7VjKsPu\0\nU08:tW8:~RT-FUAMt`\rF40{r,TXP-}0L~rGd:_$R tg:.a4e)NhvH7.N*g ld}\rm]*\"#a%cm@89JrO];hI.a@A\0FUJ^[vRg( A\01Gy\Z*7Z2k6~ymOW1VRJIVQNwZ$jQM)Uz&dQ\0tS]z~s%@2}mP6l)V@#ReiS>ZI\\92SE	`D@=\\{u\r@}_U^!13]RR.:|?^Q-\'&1Y$6\0H>72#h}zk-B5J>;iW#n\rdq*\nU\Zld2\n8)P\Z[iwzC\'?Vq\r6FEMS9h1-eEy#(e*I`u$-PqXyhSk)PXgn\'??n\'}\0iOohlMICVKTmd!8(%)#$fXNzN($lGSKmH(xx;~-N$SW)2A\0KX\rZA^%lg8> rx^p3PW \Z *>ZlC5RJOhP A j6JQOk[VIt+R)-+--IAYY:DJsZ!$K -%\n8F\0\0\0\0 4\Z DVx{;E-a~S|&>^~-	6{FPCSeNu:aX;jrI!fT0ktWfKxr.2TP) !kIe$(Kfn4Nq1R.VH=97\rdomBf_7.~rCHBd?jCy<]5J,\ZM@=x1Jf4\0B^#MvnNL>PuOK?6}N,J5\'iP%$%j4=E50[(SfF  3z)9Rd%)S&ymv\'kj7!2|+4yaDWgJM;w6hy>S,6\ZZ$\\\";mRr #WjBF JTA\"\Z]$F)Fi:.CjSB*%|]2JI:A*Fp\0fap{2KHJRVI	\0\n4/WlM88\ZiT1o-,E\"QTj;SK \0\"4\0kJq.2MA.W].fCv5&bSLE4 C=7RGA\0~o{G:M_?Pg_A{Gzjh\0|?\n\0R4s;=W6$}GYWyA>)~#\Z<\0/b-rtM	h{~inw;{mHF? Kw=i5~|ShBG4y\0^[NG>,+H<hZw M_?Pg_A{GzJ]T;SO\"%ZZQY.HPJyg$-/0mR)VbKb.SLD(+!e\rb)\ZR\'L*V:<\"X=>E*Q\ZK-\rHH6}JDT=Wz}F>{ ?KrSwSYj\0/KOQIMg\r{\04oG+/U=Gz%5<6OT>{ ?K+-Q=Gz0,91*1\0oG+-Q=Gz3,{!svG\\jvATPRY:_L}XInn].\nv>J%F$HH$-d#<Sa#@PQ[l;/)+R@=RGM+%*t=[U(vqjr<\'m(\n8#=K-Nef=*L: \ZU+CAR<X|o\nRT\Z#','\0JFIF\0\0\0\0\0\0\0C\0		\n\r\Z\Z $.\' \",#(7),01444\'9=82<.342\0C			\r\r2!!22222222222222222222222222222222222222222222222222\0\0\0d\"\0\0\0\0\0\0\0\0\0\0\0\0	\n\0\0\0\0}\0!1AQa\"q2#BR$3br	\n\Z%&\'()*456789:CDEFGHIJSTUVWXYZcdefghijstuvwxyz\0\0\0\0\0\0\0\0	\n\0\0\0w\0!1AQaq\"2B	#3Rbr\n$4%\Z&\'()*56789:CDEFGHIJSTUVWXYZcdefghijstuvwxyz\0\0\0?\0F:Xl,GF&JHWEJzF,t\"*\04@z*B-SAyRsR?$w!yqYN6WC\0q*\nK+j#R t]G.Imn.8Lms>5kb	23\0Gq;l_Mav`\0PrQFqZ\0I\0|hs5EN3A:|nvtfb2g*i&|Qgf`w@\0\'*Kc\ZpOM\0\0mB\n72&>xd\n%+0@2G*L$6K\0Tm\ni-g0CtO+/H@`A\0m\n>_Y_Y1!QV<aq\\I>&pq\0#uC&iHBdWWA#j;p&yeuR\0\0AJGAB1Z2\'lq3F0i:}*T}EZ-+4U{yA5_*?',NULL,NULL,NULL,NULL),(4,'sys','checked.gif','image/gif',364,'2013-12-14 18:15:36',364,'GIF89a\0\07\0%(+-.02378:<=?ABDFHJKMOSUY[_aceox|~!Created with The GIMP\0!\n\0?\0,\0\0\0\0\0\0\0ppH,\ZD\Z8+y\"eh$f4$\ZRS@Bh\"F G($H1&K?	\n\0\'?#*?.+DA\0;','GIF89a\0\07\0%(+-.02378:<=?ABDFHJKMOSUY[_aceox|~!Created with The GIMP\0!\n\0?\0,\0\0\0\0\0\0\0ppH,\ZD\Z8+y\"eh$f4$\ZRS@Bh\"F G($H1&K?	\n\0\'?#*?.+DA\0;',NULL,NULL,NULL,NULL),(5,'sys','conciliated.gif','image/gif',565,'2013-12-14 18:15:36',565,'GIF89a\0\0V\0jr\0x\0l\0\0.g.x##A|A\0\0!!\0\0\0\0\0\066%%##22\0\0**117777;;\0\0\0\044\0\0\0\0KK\0\0\0\0\0\0UU\0\0hh\0\0\0\0RL\0\0\0\0ppuu\n\n\0\0|y!Created with The GIMP\0!\n\0\0,\0\0\0\0\0\0\0yPN;1FR=M\nGU>#O? JSC-$\'QH3\rKB\Z7+T4*	/85.!2%&0/6A)(,\":L!\"<\0@9DIE\0;','GIF89a\0\0V\0jr\0x\0l\0\0.g.x##A|A\0\0!!\0\0\0\0\0\066%%##22\0\0**117777;;\0\0\0\044\0\0\0\0KK\0\0\0\0\0\0UU\0\0hh\0\0\0\0RL\0\0\0\0ppuu\n\n\0\0|y!Created with The GIMP\0!\n\0\0,\0\0\0\0\0\0\0yPN;1FR=M\nGU>#O? JSC-$\'QH3\rKB\Z7+T4*	/85.!2%&0/6A)(,\":L!\"<\0@9DIE\0;',NULL,NULL,NULL,NULL),(6,'sys','delete.gif','image/gif',1064,'2013-12-14 18:15:36',1064,'GIF89a\0\0\0\0\0\"$$%	))/03(5pr< ot>+>\"?!rvC0swswtxtxtytyN;VDY8aJhQjH{jwUwgvnp!Created with The GIMP\0!\n\0\0,\0\0\0\0\0\0\0\0C(;zPAuJK!r\Z{A]\n5R!Ga$Hvti7` &Eq2LNgxiZPG\'@P\n\Z2+EiBFqsP0!.w0(DH8 =l`p\n\n:\00;|e@BD\0  Of{\\0$Q6Y1\'O,et(\rHE&F\0A\0;','GIF89a\0\0\0\0\0\"$$%	))/03(5pr< ot>+>\"?!rvC0swswtxtxtytyN;VDY8aJhQjH{jwUwgvnp!Created with The GIMP\0!\n\0\0,\0\0\0\0\0\0\0\0C(;zPAuJK!r\Z{A]\n5R!Ga$Hvti7` &Eq2LNgxiZPG\'@P\n\Z2+EiBFqsP0!.w0(DH8 =l`p\n\n:\00;|e@BD\0  Of{\\0$Q6Y1\'O,et(\rHE&F\0A\0;',NULL,NULL,NULL,NULL),(7,'sys','dropdown.gif','image/gif',115,'2013-12-14 18:15:36',115,'GIF89a\r\0\0\0\0\0\0yyy!\n\0\0,\0\0\0\0\r\0\0\08XpEa3m#q*o,}J83ACcAi:3\0;','GIF89a\r\0\0\0\0\0\0yyy!\n\0\0,\0\0\0\0\r\0\0\08XpEa3m#q*o,}J83ACcAi:3\0;',NULL,NULL,NULL,NULL),(8,'sys','edit.gif','image/gif',1057,'2013-12-14 18:15:36',1057,'GIF89a\0\0\0sOnsx	[0TOq+\nf=]/\0UF;;\nN*OY8MbA{i~!Created with The GIMP\0!\n\0\0,\0\0\0\0\0\0\0\0K\Z6?5\"bbH%f8|1>?TLe#p\0\0COFT\0$4Q2(40B	`F\nX0c&H[Ab8AR$?cM-R#<ea&yN\Z/hCB.(sR#&!s\ZQZrAzc#,P\0b\0;','GIF89a\0\0\0sOnsx	[0TOq+\nf=]/\0UF;;\nN*OY8MbA{i~!Created with The GIMP\0!\n\0\0,\0\0\0\0\0\0\0\0K\Z6?5\"bbH%f8|1>?TLe#p\0\0COFT\0$4Q2(40B	`F\nX0c&H[Ab8AR$?cM-R#<ea&yN\Z/hCB.(sR#&!s\ZQZrAzc#,P\0b\0;',NULL,NULL,NULL,NULL),(9,'sys','edit_gray.gif','image/gif',1055,'2013-12-14 18:15:36',1055,'GIF89a\0\0\0\0\0\0			\n\n\n\r\r\r\Z\Z\Z   !!!\"\"\"###$$$%%%&&&\'\'\'((()))***+++,,,---...///000111222333444555666777888999:::;;;<<<===>>>???@@@AAABBBCCCDDDEEEFFFGGGHHHIIIJJJKKKLLLMMMNNNOOOPPPQQQRRRSSSTTTUUUVVVWWWXXXYYYZZZ[[[\\\\\\]]]^^^___```aaabbbcccdddeeefffggghhhiiijjjkkklllmmmnnnooopppqqqrrrssstttuuuvvvwwwxxxyyyzzz{{{|||}}}~~~!Created with The GIMP\0!\n\0\0,\0\0\0\0\0\0\0\0}-4_Xjwo\"\'1b|9|1>urjm#kP.xOFDFEaHqJ4+[-\revW(kr>lenao;m\"7.\\_:mtf-\Z+g[RQj;{VK6h!\Ziqg;:wzmM4i	\0;','GIF89a\0\0\0\0\0\0			\n\n\n\r\r\r\Z\Z\Z   !!!\"\"\"###$$$%%%&&&\'\'\'((()))***+++,,,---...///000111222333444555666777888999:::;;;<<<===>>>???@@@AAABBBCCCDDDEEEFFFGGGHHHIIIJJJKKKLLLMMMNNNOOOPPPQQQRRRSSSTTTUUUVVVWWWXXXYYYZZZ[[[\\\\\\]]]^^^___```aaabbbcccdddeeefffggghhhiiijjjkkklllmmmnnnooopppqqqrrrssstttuuuvvvwwwxxxyyyzzz{{{|||}}}~~~!Created with The GIMP\0!\n\0\0,\0\0\0\0\0\0\0\0}-4_Xjwo\"\'1b|9|1>urjm#kP.xOFDFEaHqJ4+[-\revW(kr>lenao;m\"7.\\_:mtf-\Z+g[RQj;{VK6h!\Ziqg;:wzmM4i	\0;',NULL,NULL,NULL,NULL),(10,'sys','help.gif','image/gif',1720,'2013-12-14 18:15:36',1720,'PNG\r\n\Z\n\0\0\0\rIHDR\0\0\0\0\0\0\0\0h\0\0\0tEXtSoftware\0Adobe ImageReadyqe<\0\0diTXtXML:com.adobe.xmp\0\0\0\0\0<?xpacket begin=\"\" id=\"W5M0MpCehiHzreSzNTczkc9d\"?> <x:xmpmeta xmlns:x=\"adobe:ns:meta/\" x:xmptk=\"Adobe XMP Core 5.0-c060 61.134777, 2010/02/12-17:32:00        \"> <rdf:RDF xmlns:rdf=\"http://www.w3.org/1999/02/22-rdf-syntax-ns#\"> <rdf:Description rdf:about=\"\" xmlns:xmpMM=\"http://ns.adobe.com/xap/1.0/mm/\" xmlns:stRef=\"http://ns.adobe.com/xap/1.0/sType/ResourceRef#\" xmlns:xmp=\"http://ns.adobe.com/xap/1.0/\" xmpMM:OriginalDocumentID=\"xmp.did:35B04DA3E169E011993EB1ED6CAC606E\" xmpMM:DocumentID=\"xmp.did:F80BDEE26A7F11E0B6BAF55348335066\" xmpMM:InstanceID=\"xmp.iid:F80BDEE16A7F11E0B6BAF55348335066\" xmp:CreatorTool=\"Adobe Photoshop CS5 Windows\"> <xmpMM:DerivedFrom stRef:instanceID=\"xmp.iid:7EA9C5017F6AE011AAD1E8E1F522A2F4\" stRef:documentID=\"xmp.did:35B04DA3E169E011993EB1ED6CAC606E\"/> </rdf:Description> </rdf:RDF> </x:xmpmeta> <?xpacket end=\"r\"?>Lz2\0\0IDATxb?cIm90g\0\0l8$@E_T n\0VsN6Dw	n>@03:\\z\rvSro03j21{J?\0M:{&B_|g`;\r.pg[@p@\ZT._HA r( \rYS-96/akL&z/_A$oV=g f3we(e 	L;^t\\o?gdXcx\'\r`o(7YE?Wn>gQd`pE,d5%1aNNN^p{?ndm\rA/adY3gz=sO1d|\0g@Af\"p?3|| \" *5iMFsexn``\rkmf{b5\r3d#!(P~2gr~G`@EN\nR*13zb@wdxY\'0\0+0j	bPR\n OP\0\0ZIY?\0\0\0\0IENDB`','PNG\r\n\Z\n\0\0\0\rIHDR\0\0\0\0\0\0\0\0h\0\0\0tEXtSoftware\0Adobe ImageReadyqe<\0\0diTXtXML:com.adobe.xmp\0\0\0\0\0<?xpacket begin=\"\" id=\"W5M0MpCehiHzreSzNTczkc9d\"?> <x:xmpmeta xmlns:x=\"adobe:ns:meta/\" x:xmptk=\"Adobe XMP Core 5.0-c060 61.134777, 2010/02/12-17:32:00        \"> <rdf:RDF xmlns:rdf=\"http://www.w3.org/1999/02/22-rdf-syntax-ns#\"> <rdf:Description rdf:about=\"\" xmlns:xmpMM=\"http://ns.adobe.com/xap/1.0/mm/\" xmlns:stRef=\"http://ns.adobe.com/xap/1.0/sType/ResourceRef#\" xmlns:xmp=\"http://ns.adobe.com/xap/1.0/\" xmpMM:OriginalDocumentID=\"xmp.did:35B04DA3E169E011993EB1ED6CAC606E\" xmpMM:DocumentID=\"xmp.did:F80BDEE26A7F11E0B6BAF55348335066\" xmpMM:InstanceID=\"xmp.iid:F80BDEE16A7F11E0B6BAF55348335066\" xmp:CreatorTool=\"Adobe Photoshop CS5 Windows\"> <xmpMM:DerivedFrom stRef:instanceID=\"xmp.iid:7EA9C5017F6AE011AAD1E8E1F522A2F4\" stRef:documentID=\"xmp.did:35B04DA3E169E011993EB1ED6CAC606E\"/> </rdf:Description> </rdf:RDF> </x:xmpmeta> <?xpacket end=\"r\"?>Lz2\0\0IDATxb?cIm90g\0\0l8$@E_T n\0VsN6Dw	n>@03:\\z\rvSro03j21{J?\0M:{&B_|g`;\r.pg[@p@\ZT._HA r( \rYS-96/akL&z/_A$oV=g f3we(e 	L;^t\\o?gdXcx\'\r`o(7YE?Wn>gQd`pE,d5%1aNNN^p{?ndm\rA/adY3gz=sO1d|\0g@Af\"p?3|| \" *5iMFsexn``\rkmf{b5\r3d#!(P~2gr~G`@EN\nR*13zb@wdxY\'0\0+0j	bPR\n OP\0\0ZIY?\0\0\0\0IENDB`',NULL,NULL,NULL,NULL),(11,'sys','icon.ico','image/x-ico',628,'2013-12-14 18:15:36',628,'GIF89a\0\0q\0x8z.7P FK\" e85  (K  !@\"#&*%3X&8?14/7j}3]HDN@O{TBMkYKUYWXs>]WTSTVxbCX]|VYf}ln!Created with GIMP\0!\n\0\0,\0\0\0\0\0\0\0.8:9,Y`dbaZ)hi[`cq;`?7^fq5^S=/F2\\N%\"WQR\\@+UPBADHJTUU<I(U6!lk1MCOO-pp >G\'\r4VELqp\n_!1n0pF\n ^@8oh(;yj	`b\0w>~\0;','GIF89a\0\0q\0x8z.7P FK\" e85  (K  !@\"#&*%3X&8?14/7j}3]HDN@O{TBMkYKUYWXs>]WTSTVxbCX]|VYf}ln!Created with GIMP\0!\n\0\0,\0\0\0\0\0\0\0.8:9,Y`dbaZ)hi[`cq;`?7^fq5^S=/F2\\N%\"WQR\\@+UPBADHJTUU<I(U6!lk1MCOO-pp >G\'\r4VELqp\n_!1n0pF\n ^@8oh(;yj	`b\0w>~\0;',NULL,NULL,NULL,NULL),(12,'sys','import.gif','image/gif',613,'2013-12-14 18:15:36',613,'GIF89a\0\0x\0\'\'(\07;DEGT8DSTW\n_^b#_eIU	hNWIZ%j\nnjAbI_pId0m3qwHm8jz{Cp4w7{Xr>}%&E}(I|O{Wy.E2[f8=LTClEGJU_\\QTZzXZ[b]qgilpxtuw|}!Created with The GIMP\0!\n\0\0,\0\0\0\0\0\0\0	\0bg(tsef0ppai/mmZj.dcL!\Zl,\\[?q^)RRJ1\"\nqq;8FB<6-#Pv$ASQMG>6* r4@]WOH=3&5E9`XNX ?Vd|DG,9Q4)MFBw\0;','GIF89a\0\0x\0\'\'(\07;DEGT8DSTW\n_^b#_eIU	hNWIZ%j\nnjAbI_pId0m3qwHm8jz{Cp4w7{Xr>}%&E}(I|O{Wy.E2[f8=LTClEGJU_\\QTZzXZ[b]qgilpxtuw|}!Created with The GIMP\0!\n\0\0,\0\0\0\0\0\0\0	\0bg(tsef0ppai/mmZj.dcL!\Zl,\\[?q^)RRJ1\"\nqq;8FB<6-#Pv$ASQMG>6* r4@]WOH=3&5E9`XNX ?Vd|DG,9Q4)MFBw\0;',NULL,NULL,NULL,NULL),(13,'sys','inactive.gif','image/gif',666,'2013-12-14 18:15:36',666,'GIF89a\0\0r\0AADDGGII22222244GG22CCHHFF2244IILL33JJ44KK<<JJ@@KK@@MMGGNN@@CCDDJJQQRRQQTTXXUUYY]]aaaabbddbbaabbllllggoooooorryy~~!Created with The GIMP\0!\n\0\0,\0\0\0\0\0\0\0dJHGFCBbdDKKA^\ZZeY]dV_a__`_U\\OXcq[XX[qcXL\\I,QSmrpWWprmM=<H%@@Nkroorg\'		5G .?jr\"	4E>nl+3C	/ggrh!&t 	4:L8\0Cq4P<\\\0@#L0R\n8s 7tac@OL\\v1#*3\0;','GIF89a\0\0r\0AADDGGII22222244GG22CCHHFF2244IILL33JJ44KK<<JJ@@KK@@MMGGNN@@CCDDJJQQRRQQTTXXUUYY]]aaaabbddbbaabbllllggoooooorryy~~!Created with The GIMP\0!\n\0\0,\0\0\0\0\0\0\0dJHGFCBbdDKKA^\ZZeY]dV_a__`_U\\OXcq[XX[qcXL\\I,QSmrpWWprmM=<H%@@Nkroorg\'		5G .?jr\"	4E>nl+3C	/ggrh!&t 	4:L8\0Cq4P<\\\0@#L0R\n8s 7tac@OL\\v1#*3\0;',NULL,NULL,NULL,NULL),(14,'sys','incomplete.gif','image/gif',666,'2013-12-14 18:15:36',666,'GIF89a\0\0r\0AADDGGII22222244GG22CCHHFF2244IILL33JJ44KK<<JJ@@KK@@MMGGNN@@CCDDJJQQRRQQTTXXUUYY]]aaaabbddbbaabbllllggoooooorryy~~!Created with The GIMP\0!\n\0\0,\0\0\0\0\0\0\0dJHGFCBbdDKKA^\ZZeY]dV_a__`_U\\OXcq[XX[qcXL\\I,QSmrpWWprmM=<H%@@Nkroorg\'		5G .?jr\"	4E>nl+3C	/ggrh!&t 	4:L8\0Cq4P<\\\0@#L0R\n8s 7tac@OL\\v1#*3\0;','GIF89a\0\0r\0AADDGGII22222244GG22CCHHFF2244IILL33JJ44KK<<JJ@@KK@@MMGGNN@@CCDDJJQQRRQQTTXXUUYY]]aaaabbddbbaabbllllggoooooorryy~~!Created with The GIMP\0!\n\0\0,\0\0\0\0\0\0\0dJHGFCBbdDKKA^\ZZeY]dV_a__`_U\\OXcq[XX[qcXL\\I,QSmrpWWprmM=<H%@@Nkroorg\'		5G .?jr\"	4E>nl+3C	/ggrh!&t 	4:L8\0Cq4P<\\\0@#L0R\n8s 7tac@OL\\v1#*3\0;',NULL,NULL,NULL,NULL),(15,'sys','message_read.gif','image/gif',1082,'2013-12-14 18:15:36',1082,'GIF89a\0\0\0iQmTmTpVpVsXtXvZwZz\\}^}_`abceegilkmlrrwtzvxz|!Created with The GIMP\0!\n\0\0,\0\0\0\0\0\0\0\0	k**J=qh%8\n+%T#>9\"MS~X12T(5\Z\ZjtJb((LVvt4b*Q2`ad\n;y,BR:eCl\\87S4X\"\r1.(U892CcKBDb4\'H|Qcm$i!>qxBD,P\0	\074h];7\0;','GIF89a\0\0\0iQmTmTpVpVsXtXvZwZz\\}^}_`abceegilkmlrrwtzvxz|!Created with The GIMP\0!\n\0\0,\0\0\0\0\0\0\0\0	k**J=qh%8\n+%T#>9\"MS~X12T(5\Z\ZjtJb((LVvt4b*Q2`ad\n;y,BR:eCl\\87S4X\"\r1.(U892CcKBDb4\'H|Qcm$i!>qxBD,P\0	\074h];7\0;',NULL,NULL,NULL,NULL),(16,'sys','message_removed.gif','image/gif',1090,'2013-12-14 18:15:36',1090,'GIF89a\0\0\0FFGGIHKKLLOOQMSSVOWN[[iQ_\\mTmTgbgdpVpVsXkftXmevZwZokz\\svqq}_{saa{pb~m|tceegllyl}v~zvxz|!Created with The GIMP\0!\n\0\0,\0\0\0\0\0\0\0\0	*}*F\niaia)1S`H!6>DE&U/W:<UH1,DYNA1i0\'dH,WC%`\rM+!F `(1@p)0RD@BZ]0r Vw\0c(`eN@yXz%@JTQ#\0%{\0\0	\\0!&Dh@ \Z2\0;','GIF89a\0\0\0FFGGIHKKLLOOQMSSVOWN[[iQ_\\mTmTgbgdpVpVsXkftXmevZwZokz\\svqq}_{saa{pb~m|tceegllyl}v~zvxz|!Created with The GIMP\0!\n\0\0,\0\0\0\0\0\0\0\0	*}*F\niaia)1S`H!6>DE&U/W:<UH1,DYNA1i0\'dH,WC%`\rM+!F `(1@p)0RD@BZ]0r Vw\0c(`eN@yXz%@JTQ#\0%{\0\0	\\0!&Dh@ \Z2\0;',NULL,NULL,NULL,NULL),(17,'sys','message_replied.gif','image/gif',1097,'2013-12-14 18:15:36',1097,'GIF89a\0\0\0C;B9D;F:K>H9K>M?SNN?]YiQnHQ=L5[ET>mTZFmTS9XAXBpVU<pVZCyP]GsXaPtX|UvZwZfRdLz\\}^}__>hL_tS`fFagHbdAcweDekF~lmqnHloIiuMmuNmyPp{Qrw}S}R~Uz|RYW]^|^Ybj!Created with The GIMP\0!\n\0\0,\0\0\0\0\0\0\0\0	6*8UFk<l4AW:p<\"+Trc\'McM\0\">&C,\"`Ij@\0<5uG[zR2AW\"=0rLT.x4<V@yT*P\' PP.\\(/C\"&BRD%C6`at&CvZ\rCT@(]X	C \n,LBG>%9D#O) \0;','GIF89a\0\0\0C;B9D;F:K>H9K>M?SNN?]YiQnHQ=L5[ET>mTZFmTS9XAXBpVU<pVZCyP]GsXaPtX|UvZwZfRdLz\\}^}__>hL_tS`fFagHbdAcweDekF~lmqnHloIiuMmuNmyPp{Qrw}S}R~Uz|RYW]^|^Ybj!Created with The GIMP\0!\n\0\0,\0\0\0\0\0\0\0\0	6*8UFk<l4AW:p<\"+Trc\'McM\0\">&C,\"`Ij@\0<5uG[zR2AW\"=0rLT.x4<V@yT*P\' PP.\\(/C\"&BRD%C6`at&CvZ\rCT@(]X	C \n,LBG>%9D#O) \0;',NULL,NULL,NULL,NULL),(18,'sys','message_unread.gif','image/gif',1044,'2013-12-14 18:15:36',1044,'GIF89a\0\0\0iRnUoUrWvZy\\z\\}_acdffhikmqpvsruwywxw}{zyx}|}~yn{u!Created with The GIMP\0!\n\0\0,\0\0\0\0\0\0\0\0	HQc%F\nVxLHAfp#G#&h4zcLt%i(KTA\0Bh0C$Rp+C<CD%G\n@ H-x	#E@FCqS@@8kprEJ 7@pB(@p\0\0H\"mFw\0;','GIF89a\0\0\0iRnUoUrWvZy\\z\\}_acdffhikmqpvsruwywxw}{zyx}|}~yn{u!Created with The GIMP\0!\n\0\0,\0\0\0\0\0\0\0\0	HQc%F\nVxLHAfp#G#&h4zcLt%i(KTA\0Bh0C$Rp+C<CD%G\n@ H-x	#E@FCqS@@8kprEJ 7@pB(@p\0\0H\"mFw\0;',NULL,NULL,NULL,NULL),(19,'sys','mobileLogo.gif','image/gif',628,'2013-12-14 18:15:36',628,'GIF89a\0\0q\0x8z.7P FK\" e85  (K  !@\"#&*%3X&8?14/7j}3]HDN@O{TBMkYKUYWXs>]WTSTVxbCX]|VYf}ln!Created with GIMP\0!\n\0\0,\0\0\0\0\0\0\0.8:9,Y`dbaZ)hi[`cq;`?7^fq5^S=/F2\\N%\"WQR\\@+UPBADHJTUU<I(U6!lk1MCOO-pp >G\'\r4VELqp\n_!1n0pF\n ^@8oh(;yj	`b\0w>~\0;','GIF89a\0\0q\0x8z.7P FK\" e85  (K  !@\"#&*%3X&8?14/7j}3]HDN@O{TBMkYKUYWXs>]WTSTVxbCX]|VYf}ln!Created with GIMP\0!\n\0\0,\0\0\0\0\0\0\0.8:9,Y`dbaZ)hi[`cq;`?7^fq5^S=/F2\\N%\"WQR\\@+UPBADHJTUU<I(U6!lk1MCOO-pp >G\'\r4VELqp\n_!1n0pF\n ^@8oh(;yj	`b\0w>~\0;',NULL,NULL,NULL,NULL),(20,'sys','mobileSplash_large.png','image/png',46151,'2013-12-14 18:15:36',1207,'PNG\r\n\Z\n\0\0\0\rIHDR\0\0@\0\0@\0\0\0n\0\0\0tEXtSoftware\0Adobe ImageReadyqe<\0\0IDATx]l\\g~3$E>bcQI[&7 &\"q6x\n@rUH2\\8v@?RphEEmJHUHn8t\"c9\"3+%c><h<8I\0\0\0\0@TM\0\0\0\0,\0\0\0\0B\0\0\0\0M\0\0\0 4\0\0\0,\0\0\0\0B\0\0\0\0M\0\0\0 4\0\0\0,\0\0\0\0B\0\0\0\0M\0\0\0 4\0\0\0,\0\0\0\0B\0\0\0\0M\0\0\0 4\0\0\0,\0\0\0\0B\0\0\0\0M\0\0\0 4\0\0\0,\0\0\0\0B\0\0\0\0M\0\0\0 4\0\0\0,\0\0\0\0B\0\0\0\0M\0\0\0 4\0\0\0,\0\0\0\0B\0\0\0\0M\0\0\0 4\0\0\0,\0\0\0\0B\0\0\0\0M\0\0\0 4\0\0\0,\0\0\0\0B\0\0\0\0M\0\0\0 4\0\0\0,\0\0\0\0B\0\0\0\0M\0\0\0 4\0\0\0,\0\0\0\0B\0\0\0\0M\0\0\0 4\0\0\0,\0\0\0\0B\0\0\0\0M\0\0\0 4\0\0\0,\0\0\0\0B\0\0\0\0M\0\0\0 4\0\0\0,\0\0\0\0B\0\0\0\0M\0\0\0 4\0\0\0,\0\0\0\0B\0\0\0\0M\0\0\0 4\0\0\0,\0\0\0\0B\0\0\0\0M\0\0\0 4\0\0\0,\0\0\0\0B\0\0\0\0M\0\0\0 4\0\0\0,\0\0\0\0B\0\0\0\0M\0\0\0 4\0\0\0,\0\0\0\0B\0\0\0\0M\0\0\0 4\0\0\0,\0\0\0\0B\0\0\0\0M\0\0\0 4\0\0\0,\0\0\0\0B\0\0\0\0M\0\0\0 4\0\0\0,\0\0\0\0B\0\0\0\0M\0\0\0 4\0\0\0,\0\0\0\0B\0\0\0\0M\0\0\0 4\0\0\0,\0\0\0\0B\0\0\0\0M\0\0\0 4\0\0\0,\0\0\0\0B\0\0\0\0M\0\0\0 4\0\0\0,\0\0\0\0B\0\0\0\0M\0\0\0 4\0\0\0,\0\0\0\0B\0\0\0\0M\0\0\0 4\0\0\0,\0\0\0\0B\0\0\0\0M\0\0\0 4\0\0\0,\0\0\0\0B\0\0\0\0M\0\0\0 4\0\0\0,\0\0\0\0B\0\0\0\0M\0\0\0 4\0\0\0,\0\0\0\0B\0\0\0\0M\0\0\0 4\0\0\0,\0\0\0\0B\0\0\0\0M\0\0\0 4\0\0\0,\0\0\0\0B\0\0\0\0M\0\0\0 4\0\0\0,\0\0\0\0B\0\0\0\0M\0\0\0 4\0\0\0,\0\0\0\0B\0\0\0\0M\0\0\0 4\0\0\0,\0\0\0\0B\0\0\0\0M\0\0\0 4\0\0\0,\0\0\0\0B\0\0\0\0M\0\0\0 4\0\0\0,\0\0\0\0B\0\0\0\0M\0\0\0 4\0\0\0,\0\0\0\0B\0\0\0\0M\0\0\0 4\0\0\0,\0\0\0\0B\0\0\0\0M\0\0\0 4\0\0\0,\0\0\0\0B\0\0\0\0M\0\0\0 4\0\0\0,\0\0\0\0B\0\0\0\0M\0\0\0 4\0\0\0,\0\0\0\0B\0\0\0\0M\0\0\0 4\0\0\0,\0\0\0\0B\0\0\0\0M\0\0\0 4\0\0\0,\0\0\0\0B\0\0\0\0M\0\0\0 4\0\0\0,\0\0\0\0B\0\0\0\0M\0\0\0 4\0\0\0,\0\0\0\0B\0\0\0\0M\0\0\0 4\0\0\0,\0\0\0\0B\0\0\0\0M\0\0\0 4\0\0\0,\0\0\0\0B\0\0\0\0M\0\0\0 4\0\0\0,\0\0\0\0B\0\0\0\0M\0\0\0 4\0\0\0,\0\0\0\0B\0\0\0\0M\0\0\0 4\0\0\0,\0\0\0\0B\0\0\0\0M\0\0\0 4\0\0\0,\0\0\0\0B\0\0\0\0M\0\0\0 4\0\0\0,\0\0\0\0B\0\0\0\0M\0\0\0 4\0\0\0,\0\0\0\0B\0\0\0\0M\0\0\0 4\0\0\0,\0\0\0\0B\0\0\0\0M\0\0\0 4\0\0\0,\0\0\0\0B\0\0\0\0M\0\0\0 4\0\0\0,\0\0\0\0B\0\0\0\0M\0\0\0 4\0\0\0,\0\0\0\0B\0\0\0\0M\0\0\0 4\0\0\0,\0\0\0\0B\0\0\0\0M\0\0\0 4\0\0\0,\0\0\0\0B\0\0\0\0M\0\0\0 4\0\0\0,\0\0\0\0B\0\0\0\0M\0\0\0 4\0\0\0,\0\0\0\0B\0\0\0\0M\0\0\0 4\0\0\0,\0\0\0\0B\0\0\0\0M\0\0\0 4\0\0\0,\0\0\0\0B\0\0\0\0M\0\0\0 4\0\0\0,\0\0\0\0B\0\0\0\0M\0\0\0 4\0\0\0,\0\0\0\0B\0\0\0\0M\0\0\0 4\0\0\0,\0\0\0\0B\0\0\0\0M\0\0\0 4\0\0\0,\0\0\0\0B\0\0\0\0M\0\0\0 4\0\0\0,\0\0\0\0B\0\0\0\0M\0\0\0 4\0\0\0,\0\0\0\0B\0\0\0\0M\0\0\0 4\0\0\0,\0\0\0\0B\0\0\0\0M\0\0\0 4\0\0\0,\0\0\0\0B\0\0\0\0M\0\0\0 4\0\0\0,\0\0\0\0B\0\0\0\0M\0\0\0 4\0\0\0,\0\0\0\0B\0\0\0\0M\0\0\0 4\0\0\0,\0\0\0\0B\0\0\0\0M\0\0\0 4\0\0\0,\0\0\0\0B\0\0\0\0M\0\0\0 4\0\0\0,\0\0\0\0B\0\0\0\0M\0\0\0 4\0\0\0,\0\0\0\0B\0\0\0\0M\0\0\0 4\0\0\0,\0\0\0\0B\0\0\0\0M\0\0\0 4\0\0\0,\0\0\0\0B\0\0\0\0M\0\0\0 4\0\0\0,\0\0\0\0B\0\0\0\0M\0\0\0 4\0\0\0,\0\0\0\0B\0\0\0\0M\0\0\0 4\0\0\0,\0\0\0\0B\0\0\0\0M\0\0\0 4\0\0\0,\0\0\0\0B\0\0\0\0M\0\0\0 4\0\0\0,\0\0\0\0B\0\0\0\0M\0\0\0 4\0\0\0,\0\0\0\0B\0\0\0\0M\0\0\0 4\0\0\0,\0\0\0\0B\0\0\0\0M\0\0\0 4\0\0\0,\0\0\0\0B\0\0\0\0M\0\0\0 4\0\0\0,\0\0\0\0B\0\0\0\0M\0\0\0 4\0\0\0,\0\0\0\0B\0\0\0\0M\0\0\0 4\0\0\0,\0\0\0\0B\0\0\0\0M\0\0\0 4\0\0\0,\0\0\0\0B\0\0\0\0M\0\0\0 4\0\0\0,\0\0\0\0B\0\0\0\0M\0\0\0 4\0\0\0,\0\0\0\0B\0\0\0\0M\0\0\0 4\0\0\0,\0\0\0\0B\0\0\0\0M\0\0\0 4\0\0\0,\0\0\0\0B\0\0\0\0M\0\0\0 4\0\0\0,\0\0\0\0B\0\0\0\0M\0\0\0 4\0\0\0,\0\0\0\0B\0\0\0\0M\0\0\0 4\0\0\0,\0\0\0\0B\0\0\0\0M\0\0\0 4\0\0\0,\0\0\0\0B\0\0\0\0M\0\0\0 4\0\0\0,\0\0\0\0B\0\0\0\0M\0\0\0 4\0\0\0,\0\0\0\0B\0\0\0\0M\0\0\0 4\0\0\0,\0\0\0\0B\0\0\0\0M\0\0\0 4\0\0\0,\0\0\0\0B\0\0\0\0M\0\0\0 4\0\0\0,\0\0\0\0B\0\0\0\0M\0\0\0 4\0\0\0,\0\0\0\0B\0\0\0\0M\0\0\0 4\0\0\0,\0\0\0\0B\0\0\0\0M\0\0\0 4\0\0\0,\0\0\0\0B\0\0\0\0M\0\0\0 4\0\0\0,\0\0\0\0B\0\0\0\0M\0\0\0 4\0\0\0,\0\0\0\0B\0\0\0\0M\0\0\0 4\0\0\0,\0\0\0\0B\0\0\0\0M\0\0\0 4\0\0\0,\0\0\0\0B\0\0\0\0M\0\0\0 4\0\0\0,\0\0\0\0B\0\0\0\0M\0\0\0 4\0\0\0,\0\0\0\0B\0\0\0\0M\0\0\0 4\0\0\0,\0\0\0\0B\0\0\0\0M\0\0\0 4\0\0\0,\0\0\0\0B\0\0\0\0M\0\0\0 4\0\0\0,\0\0\0\0B\0\0\0\0M\0\0\0 4\0\0\0,\0\0\0\0B\0\0\0\0M\0\0\0 4\0\0\0,\0\0\0\0B\0\0\0\0M\0\0\0 4\0\0\0,\0\0\0\0B\0\0\0\0M\0\0\0 4\0\0\0,\0\0\0\0B\0\0\0\0M\0\0\0 4\0\0\0,\0\0\0\0B\0\0\0\0M\0\0\0 4\0\0\0,\0\0\0\0B\0\0\0\0M\0\0\0 4\0\0\0,\0\0\0\0Bk1\0\0u_s\'a\0\0PkL}=n]:i\0\0O\Z\0is0WRmGs.\r\0@\0~.i[N<jq:o\0=2\0\05}]jZ\0\0k\0Pu/iueo\0	X\0\0U>d_xg;Ie\0\Z\0\0T+rTSg\'\0,\0*J4wWjo=SF\0h4-\0\0XK[Mw_T\r\r5S_rhgO\Z\0h\04eoxdZw(No]:9s|*}\04\n\0XRmZw_Gax\r2V+\'L*\04k`\0Xswzut@iZ\'\'E_\0\0AX\0jUP/9zL9X3jvCOyWIa\0\0h\0*{=>PqUHa\0\0\Z\0>NbU4:_%? `\0sMB{6\0\04\0Xe=\\yWx\"anq81\04\0XMt|Kgq*T\0F `\0IW\r0RUfG9^M\0\0\Z\0\ZL.9c}Ul._9z/\0P,\0`jO,^\0X,\0`h|Dt0|_0K\04\0X=\'.ls->\\w,_\0rh\0UsWtl.gV\"\ns~+]_OV\0\0\rqh\0\0YXWIa2;,i&{#Cw\0\Z\0J\",=o;t\04\n\0`aaI{krN]*>n \0(,\0](Vp;R?\'s[_U\0!`\0`\rRWcWvCXW/^N_\0\0`{2yFO/=6mysn1y\0h,\0j~w=nL2Rg._n^\0\rB\0`,Nzs\'[dgw6?3+\01	X\0QT{2Vd=\n\0\0\rB\0`59Vf~xQ6u3V~*/0\'uIu+\0\0\0XUo>P=?y\nZFPU>\0\0d\n!\0?:76T}&gM\0 \0Xe_j?[O\0\0>scC=i;t&s\0\0\0*\r}^~Qz998z;n~lld[k|-Wzevtp.=s^\0B[\0\ZM$gF\'3~z9yvGu[SgZs8/2\0\0bg0#:n\\#\"X^k7;:k\0\0nC?+?@w{o}thXXku=X&7OZ>k\0\0zF_sO*zq}_Zw_p\0PO\0JQ\\v&}z}_,od?W|nE\0\0\0k\\yUi5\\_-{LR0\0\0:wZBw_\ZhdW\'Tf\0P-\0\0X3nr]Oxm\"Y6u$]_OueFLvg7%k;\0Ag\0d7)\\29L\noMZL{mt?]X?)S)_0\03\0\0X[U#_4Wtl.OBIo\0PS\ZC\0\0*S6|JX\0@	X\0\0,1\0\0jM\0\n\'S3\05\0`-~|k.\0jK\0X|n12d0z\0\0[N|\'O)$\0P[>\0\0Op7F+nP\0\0|0||%{8wW\0@	X\0\0k\'eusS\0jM\0X6o0_7F$1e<\Z\0\0\ZBKjXW/L!\0@\0h;G0vf]~\0A*V\0\0SKll{fL>>}=F\0\0@r#;dlGg6=apf2cdh\r\0\0ub\0\0\ZGvc5JnGl+\0u#`\05_>~\r<#u!WonoM*m\0PG\0PuMl}:|Cd~ad$w{6?to\05\0*jd[wH,_6FfM$3Ly9\'_[W~\0\0TK,c_CM=+j \0\Z\0T-w4ap>:u{g7&2\0@\0PaM}/p?O^9{|q1\04!\0\0*(HYM.K\0,\03+Tm{fs$w=\0\0\Z\0TL+\\jAz\0\0\Z\0T\"]=c+o?]/?\0\0hSMC\0\0TDUm?85c\0\Z\0T\"MTO?0}b\"!\0@#m\Z\0`]aUr%\\0\0\0B\0*e58J}w\0QX\0J2D\0\04\0XDMU,B\0F94\0\n5F+>s??7\0!X\0J25;.\0h\0uV~x\0\04\0XMf&w[\0AX\0J5;!\0h,\0`f?QT*L6\0@\0Q\0!X\0JiXOL\0h\0P(\0!X\0@tzqpb<w+Ky\0F `\00Ww]\0,\02fU_8x+cw\0F!`\01Ua{{^\r\0\Z\0T#^1n~,a\0\Z\0T[uN_r\0@\0J*N+.>~{^i\0\"`\06fGWO^ue]\0X\0@7o,c||3\0\ZN*V\0\0TIS&@w`/L?oGOWkv\0X\0@]_P|\0\0\rK\0jaj&x%lk]^T~b,71{+s\0\0\0\05$wm(7M6?VjS\0ht\0P;:JT|rT!+o\'uLy\0@\"`\0nNK\0`Q\0\0\0\0	X\0\0\0\0&`\0\0\0\0\0\0@h\0\0\0\0	X\0\0\0\0&`\0\0\0Z!\0\0X:Rmoyqt~vt\0\0	X\0\0kSSg_4w?scCK\'\0P*V\0\0vN2-zo.9\\>g$@g8\0`=Opy\ne,\0 \0%4zq:?764TUnUp3g>s\0u\'`\0u{Zzienl0tk{]hOjA\0H\0w\"i{t2-N?96shge,wyU\0<\0hu4<`caSg_Z(sa-\0P\0P[gFLv?Xza\0u;1\0@-Oy`Jn_;L9re#\0	X\0@TorXN6JjGF8.\0,\0Fc}>sX]#`swg:\05%`\05Rww8VOLu:~\r=}sO\0\0ZwINKZX=\\P\Z\0\0KejyHJ~dsw&[9X\Za\r\0\r\0jy\r=}(=09Fcsv<[\0C\0|5>s0];k7u tU\0j_J:6gwI~~VFP\'{{Skg,\0Zz.|<\\X#YU/>3_	K#l\"!\0PU\0PSL.o+%B\\Gl<.\0yVi\0is-O~qWEXFa\0 2\0Fgo~\'dulg\0\0PS:~G]OV:b~=}kcB\0\0F]KU=)p|%+\0T\\\0\0j+0::F\06\0h-{\0!\0\0\ZD~j~P={\0b\0)NCln^NJ=D?sUO%:|\n\0*j\'J\\f^iKs_s:udq\0\0|nG_UQMlwsr8uzYVc_S$I\0%`\0U476\\_8mSm^K,oSV$cvV{\\vk\0<\0Ut+7X/;`O>X^[swi?m{w	;9\0Pm\0PEscCF7z~\0V-w{k>Gr8wb<W\0&`\0ugq/{^y:j:_d<I\0\0K82\0@U?vc:Sv-{ZPq:NN\05 `\05a}GqS7_*8mA=}u)V-*Ld\0e\0Z^=41|zdjN\ru{/o=BYs2y\0\0 `\0UW}f;{/>p2|%@kN-xi\0,\0#,]jn>}WA/>>1%yG\0e\0\Zyb.tYPRXj>Pxb_lsafG\\W	\0B\0P#\'jX7F,4y0][xjs^uuS~x_ue\0T\0Nq:?}HO7\'/V2t@Gcs\\>7u?.s\0U!`\05e]\'\\SGzU+[=w\'%l5sg?;Y\\\Z]Y27\0\0Z{AiJ{(Ao$[;O-OTcs0\\-m1\'^ltw7\0E\0j5=?|.>&8r}\\dgU)0\ZO+<YD-o\\u\0?\rF\0tM~o7u_FE-413L{9-8yu+C1wk$143_P\Z\Z|=6~\'e \0P=[\0P/m_<)W/Nn;zUw#Ba2;Ie7.a3oUyW<>J7\0\0zO+La{CU8k~2`{kO-M$?yy?_J!^%okO=b\0V\ZX\0@=e+SS=%Ww;95\\X_\\t6mI><qN\\{G6\0	X\0@X\"J;RR_\07Xf?g+ro?>IY\0C\0\0D)=RK61{+mxlq&:Zzl{f0Va2s1Wib\0	X\0@ HjjqAc&;M)lXj=~~z_}{K~_\0@X\0@8iq[;}0|v7ikSdWI4?Yuf2?K=.S\0v,\0 tsh,_T=d:N*{bc:R	\Z%MKE5`{vc.Da#G}}O>L8Cwwc0R4 !a\ZcJjBJUu*ODQs29\"\0\0XfmPue\\Gl1cc\Z\0\0\0\0\0Xuy|cx,8*-voN3+cnd;\0\0X.\0\0j||_#\'Qj2i:FC\n\0\0x,\0\0\Z%WJnktcJ\\|B\rV\0\0x,\0\0\Z%x\"5{P7Fc%cqcff;/?4(e\0\0\0!\0\0V;8d\0VZ[71\0\0\0@a\0\0`J=}<ZfC2O#\0\0\0C\0\0\0R}!~j7Y\0\0\0\0\0X&se<=gaK\0\0\0\0e[!q7+JYB\0\0\0\0\0X&s\"e{s_\0\0`\"\0\0Vz8{+>\0\0D\0\0\0ju??3G?sJ\0\0L\0\0j7y\'C>O~b \0\0`\0\0ovTQA\0\0\0\0H?c7a\rYJ4~\0\007X\0\0\0SO?zv\0\0\0s#\0\00-pJz=?y@ieW\0\0\0=8L+\0\0\0h7}~R\Z\0\0`^\0\0\02]>uo)[q_fk?0kO&\0\0X,\0\09Tq_veh_./k?YG>v\0\0x!X\0\0\0s1,/*TRa~?}w|`M@:\0\0\0A\0\0\0`^X[QH+\0\0*	\0\0\0vnd[6li\0\0\0\0\0B*JvnOMt\rNSF\0\0X\ZX\0\0\0/J^0Van0]m@\n\0\0 K\0\0\0K&?:?\\QT8~PA\0\0\0\0\0kc}>pFdyY\0\0XD\0\0\0 {L\0\0K4\0\0\0\0\0\0\0\0\0\0\0\0\0<\0\0\0\0\0\0\0<\0\0\0\0\0\0\0<\0\0\0\0\0\0\0<\0\0\0\0\0\0\0<\0\0\0\0\0\0\0<\0\0\0\0\0\0\0<\0\0\0\0\0\0\0<\0\0\0\0\0\0\0<\0\0\0\0\0\0\0<\0\0\0\0\0\0\0<\0\0\0\0\0\0\0<\0\0\0\0\0\0\0<\0\0\0\0\0\0\0<\0\0\0\0\0\0\0<\0\0\0\0\0\0\0<\0\0\0\0\0\0\0<\0\0\0\0\0\0\0<\0\0\0\0\0\0\0<\0\0\0\0\0\0\0<\0\0\0\0\0\0\0<\0\0\0\0\0\0\0<\0\0\0\0\0\0\0<\0\0\0\0\0\0\0<\0\0\0\0\0\0\0<\0\0\0\0\0\0\0<\0\0\0\0\0\0\0<\0\0\0\0\0\0\0<\0\0\0\0\0\0\0<\0\0\0\0\0\0\0<\0\0\0\0\0\0\0<\0\0\0\0\0\0\0<\0\0\0\0\0\0\0<\0\0\0\0\0\0\0<\0\0\0\0\0\0\0<\0\0\0\0\0\0\0<\0\0\0\0\0\0\0<\0\0\0\0\0\0\0<\0\0\0\0\0\0\0<\0\0\0\0\0\0\0<\0\0\0\0\0\0\0<\0\0\0\0\0\0\0<\0\0\0\0\0\0\0<\0\0\0\0\0\0\0<\0\0\0\0\0\0\0<\0\0\0\0\0\0\0<\0\0\0\0\0\0\0<\0\0\0\0\0\0\0<\0\0\0\0\0\0\0<\0\0\0\0\0\0\0<\0\0\0\0\0\0\0<\0\0\0\0\0\0\0<\0\0\0\0\0\0\0<\0\0\0\0\0\0\0<\0\0\0\0\0\0\0<\0\0\0\0\0\0\0<\0\0\0\0\0\0\0<\0\0\0\0\0\0\0<\0\0\0\0\0\0\0<\0\0\0\0\0\0\0<\0\0\0\0\0\0\0<\0\0\0\0\0\0\0<\0\0\0\0\0\0\0<&\0\0gW6~i F|Uq:Q\0\0\nX\0\\(#SW)yY_H	K:>565HV7F|U}JP\0\0G\0\0dN#jL}jQZ{|e}A\0\0xaZ\0#o)MZ^\"g\06+\Zx=Tn2\0\0A\0\0/Wrh6kJ*-c&6:	vM,`>#E3\"*k3nIdzA\'=\0\0!\0,[<51!K:0~9vM^8yi6`\n7UJ4}z;E\0\0x\r,\0@G5n\'{`?-/z\rWeUW/t_:\n:7&\0\0x,\017Y:G&uM2b#He0Cij!y0VE}[lC2+5\n\0\0<\0\0 m5%psq\"86:2|J+5{&V-|%mX\Z_<W\'`_B\0\0\0`{\rlZeuP}s.e3p\"WW);yYGj?sRHLm\0\0jM:7yIO($w:aG#\r*`UO%]SrL92`\0\0\0`\Zo7w+s\n$tqmF-(j`hhr}7%`\0G\0\0VI3?cPXOq\'x%_%qT,lz	T\\Y#qT%6\n-\0\0&\06*o@W\\\\\\\\i[_]j)Cf+id\0\0U7ij}C\'Y=;[ZZMux[WW7%{XytJrqzf^\0\0`Ua}Ny?sZiJyxK+L\\g)egWE\0\0\0,;X\0M:i\Z6;t|%/7lT/(`\\S}A\Z\0\0,;j`\n7*VvJk|G=;S+Jv2\0\0\0l!\0+b3@FK\0\0\0Pp`\n)ysH\\C\0\0\0B\0\0V>\\{a\0\0\0\0\0@DQi.F\0\0\0}\0`t;cQ7f\0\0\0<\0\04=kJ:,.Yu|54\0\0\0e\0`E7W|{h_^-zbX\0\0\0\0bD_yW#OFcC?PY][\\\\e9<#N3Wk\0\0\0M\0`Uu/:ns>O >1t/*rmog0KSk=\0\0\0A\0`%P=Gz.GzdD:W}y%3\'o$	\0\0\05\0`%\rl*kw\'o_oM|\nN<NZbpWYyU\nBMngj!a$!q\0\0\0x\r,\0(x|5Ve~qvUE*V\ZV:90\Z=U4kr4--^.=\0\0\0,X\0Pvd|mj0?\0*O\r.;5x?u$+tZh_C\\9:/{[T\0\0\0xi~kmxM^CFKr\Zdj$Q\\-;ZB>k\0\0\0`&\057/:]:*#zJuKO3!\'oo9uKZ\0\0\0v3Kg*m>6CH_$.ms[]:Kpt03&\0\0\0`@\Z\\oA/?Y*{uAW/P:YE*qvg,.	7^\'8\0\0\0\0\0\0^v~kk.<8;zRl)&};NP}_\0\0\0xE WeUnp%q\'P_m)j#N{C#NUk=<9e2%Tb5{tL*\'b~3[uF%-~6?D*AZq\'(\Z\0,\0(Hf{k}e^vVg\'>QYyOo}=DQp2SY_$5L9OG6%{[1wB@\\F\\7\'rLg*zWbkS(dvIJ?_oTdVzVpAxajlzn*RO\0`,\0(<N.\\Sb}(\ZVeWQN~M/1?-qeyviy!~S!q#7}hf1T*GN&yomjpC2D=],T8r,U\ZUn ;S,	\0 X\0Pxz=teC,N~VtD\\k?Q7q\\js0W4,ddX-Qig\'/W,`rV\\SRnjxKg8K-<_Oxumt\r{8Ai#-`C*,.go7$5{7zs^0xV\Z&\r\0C\0\0\nOUt=9G2kd;M[mpbX%E\ZU],:l2OAh;sYZ\ZR)~sslh@J;?5+KL\\W7U=>V.aPRh(h1]5u.[O3_h?t	}5szr`u!\rF[iOp+p\0K\0\0\nLtrPqF#U{*9H&<\rv,n1yom:_,/K?M\r.{r-3z%qc+<pT.ya=FPy}]}Qy?3L:.CTzS*5s)u!~*:I\nVJukC2)]A__7TN->{tR\0 `@YnG|vZoI\\Z\"ICoZ{8qb.(=?xMOkJp1yGtTw^43__LnZ^!9pg\'4U7}[Rr]tZnP}]S}td*.#@JgqO]NWM;D$z3Q\ZpvJZoKKk~n g*;\Zht@6f\0,X\0PH <MgxvB[,]:!nCc*Kzue`-Zd(/T+JtD[89omymSn\Z;d./&t3$]u;|eb`fUw<BWWU$$Z< T\r\\1XtX`\'\0X@?JZ\0\neyZeOLO^M|tl58[\'\'\n7Y9LPh}~\'YrUD.,N_WKURy(oI+;a\\bz/u.qcC22N@-uHGclz[37~[t@bh]d84T@CIV(\rx<^uPn5XDa:-kGkeu<i<oH\0,\0($y{]%\rz7F9h9.#w2Q	K~zIeg`{JcT2a\Z][ZZ}#_t{T\\i=jMnu~uTI8yK`X3.<v;<nv1HiMTw]F^8f=\0\0B?=S;FY?\rIOxMCvN<A(Qp\'jQ.suar\\CMpnR=BWKje\\=03+;S+jv%fTeV;T>~Z)siI\\-<_,:l#kB\ZL-=tvZ\r\nQ\0	\0P](l)dls\'{9y]\r=k2r\"o23tM^1groH+M>r!r9#*|mn h{?l)W!VtGrJ6b\0\0a|]g7=&-}:bb<CFsP}D3lW+}-zRmd*k6v=xZZ9a:\\N[9P\\m&4G=<:.\\3srui+`9\r9i\Zry_r\0\0L\0`;Y)XJ#<7$m*IeO:PtQVf3}i\\8+[[S\\3_)a2RXfC.m73S/TV(3WWcX\rcz?smNTUVHFM4\0jF\0\0\nfS~j\\E#:|!-iI\\[%>cZHh_^WtzKRdkk!U<Y,#z%O|F6o265fSyP\Z%}`Drund6TG>4E\0Q\0oe	s!aWtR\rrO/MMV\\e%q#6RF-#z%\'&\rmhS1Cwx`r-]_[+1,y\0jF\0\0\n~|s\\ij~I\'gr.?um\n%}XE*fBc\\jt\nXxzB}8r^R5\nt|7rz>Kt)%wY*~+ z>u\\\0M\0083k(g`f,3qZ/?e4_:Tb$.uNz6\nfY+kFkd\ZU}XywtF32Wy+teu+\rqw_P;\0`*	\0 Y9%qAf8\\dYSr]#tN_oxP^k;L-S\'X)<5Sr9RbC*aM:0yf?4B!l_y&<pT\'xU:\rV.r%5\\7^vs8\0`\"\0AsF,\n+tHn+:wfQh_w{N2u\n`T\0*r\\`ZL0fQJk3CHXO>VJKeWe&\"s<XNzE3Velh*yT^YY]oFz.OUCF.\0\0\0\0\0srOA&7}M\r6$nd+$U\0HXOKVV}h2Q^<`nMz{-7[$NO>V_F[C+BH*NnW2cCOW#9M=6Ma[vg[_wFG.E#X^\0`@!L|3Lg`Q<_bW?vT4`AMZR\"li5mJMUVZ	G_?Qznj=(c.+J|.3tNpMiJ<pT*91cG}3m(sK5,K-~\\k?:Lmm!\0,\0(\0fF]vn*wVNGyjx[brd<\0UkC*\Zugz|Ds!\02*RMy$tXA*ER+Nkf4Q\\^\\xA26\'=$,7(4}Yz~u:9UbES<?	_%d/6H7gKI+c!\0Z\0\0Y:.t=&&y?JG &UK.Mih\"%-\ZogEjiGzH-0]7IUVJK\nyR\rl_yIXf&_ZR[d\Ztt[ZZ](/7C\'T_~{dfbA\'.Tl4_4/dq66/k1 ^6ta\0(\0\0}9i$MUTn-\\f(F!v+SMs`Mjieog\n{{02\r8@q9\\{xZio|QT:#_j%U2%Y\ndnwlANogQ7VM:0w&sWS7os\'l45Oy89Wh~/lq5k+Z\0\0/	\0`NWjhdh5s?-w}zYpi`lhOyW2o_\ZT)\'\\>n11w,tN9\\*}%wotd!y%q/U||\'Kzv_Kg/:WQn#Dr;k:0[3C~w\0\"2\0\0,rC\'0\rWY	Lt)wZ	2W\Ze_M\'qtJXlh nG7nw]k;=Gh#]\ZsJ/2r^OPw,oZAF\'qae#V]Lxb&\ZNIgcr\r6-lv}Mh1H[[^#-Ke}GvGYKNnm+r+}[>&\0\0\0xUH2`$aEzUW?d*^3}f+	LPLr#L^}*L)1&?)+[z%q>#SwfpW5%;[~|KG+\\<0yF|{8_.6(-sM-4S\r~SC\0^\0T~bM\ryrU3p*B,syZq B45%2o^N]EdKy#8z+,2tu&4R+LiH?w#Liss/]g6=s_r<>t\0`\"\0^jw{gkHL)DJ&V<Ff[RW+I-F\'Xpvn-5+\Z\Z7\"K?[QSh]u(dkm)Ogq\0\0\0x\0{g+3j]^W1W)XRY>l;+21!j2_~nk837BWO+%-@059ie[{IYGCG(%/;f}=~\0jF\0\0V5vha+9,3f5fo_|LGLzZ6%{l<5j[bFrynhf,Yz2\'/,\rQE-=%YE]\0(D\0`U=0Wu!	+s51#+1&ALHJ(mIoF2bB/V1w3U7I:s#ftXt7kZKa\ZgY?\0,\0\0LwT-mkk\r2#>EL3_A#ofA:%q3%q.c)bn6EjSmF;\"Nws)9{;^:J^IW|O>6Wt#\0\n,\0\00\'WUV@SsB|RWc2*TdqsaL&_m+9tI~_*V+MOFvP!qcfWT=xC3Sn9.^fBf_~Ky? 6#\0\"\0\0\0;3dwDv8j=CYYZ?8YR\"#_~o1LWcW9Y/VU2v9\r,kUZE2^N+VVmWYZu`M,\Z\\iCh&=(%uu\'cCs5{eB?\0\05:$0[3j3cYLPzNL8YPP3@LX	\\EhT?>x3Cw]`RA[^I\\KnsR\r{R;B\0(\0\0B2irQV^w\n{ew%\\pMS2=OO5<?\r=93H,%.<_7_0MbC:~9R=FE]d\0\Z|;t\'M1oxl`<LcimjPnW\'$\0\0\0kdF-.5}GV6_7ERKZ=PJSU1,K\\>{`YR_KsiNy:XqoK`WllJyEN \Z&w(pU^$jQVqx\0\0\0j54]d}[8f}Nf.X|{Ftb\0LI+r&\ZNSbbXr4w[{%qv|.+FSe}Tl1Qt}h_3TUz}(U0+;=j\0\0mr%oWNHHdz&XzA,L1+=GS;1@\0nu~cRkq\'@\n5{:lN93R;\Z!>K:B\ZjzFE}:%7u\0\0#\0dbb/(/J;S%mH7\0M_-^g%*Tz\\Sb\0>_+#*}I\0X_D{22<}HW%q:SY\0PV/	=KS\'5sjQ`V|YYjvMH\0A\0\0\nIS#JkJT/YBx]Y|cdTsX\\3:K6y0*;Wm>I,(_Xz\"S^2d\n`\'LJX<}	zal_UrPT$+#\'\0_\0\0m{0-n)h|5fFLU})2R	(nj)sZ+Kt)jtJwse-Xo`5$oVLZ3D46ei+y\\\'WK\Z8*U-/s5T$+Ho)Cv\0\"P9\"M/=`B7SsT98de}>lHDzX	`mj\"\\XT\0Kc)*\ZVYLs\0 /U[axm~XnmEt$.|Uzz[</$\\XFh+#-K6$r\0L_RkJ2>y_TP~f`^I^EURM\ZB)wttQ/t(~NP$r82\0\"/h_kJM<,4agzKbMWW~reM{Ft0#NA\0\0?M\0\0gN:D\ZU3;z\\^B^{2fp /{	\n%t\ZZ)~g+R,`[+cNOZ)~eQ?MdZC4xOf}-;Zk}\0U,\0(\09,b)3\\nsqn3O:-d}Mm#9.p2]J~u?g0\nZdpxGEv\n`ah-h&1aV1#.\\WQy|5mEG[\rlV\0@\0\03?\rVSeU} p9M{cNCdwK\'.Es?\\.|.g+WkJBeW}#,f<Y1ho!zT=@uF-VtdIE\0\0,\0(\0fV%3Kzy>bTkg^!9YY,>J/\ns/cvA<<R#2bXSO%Z{\\,E\0\Z,\0(\03=-(ka_\\\r%o_x%k;t\\nSzb|4W+g{n`W$]\ne\\YecXqa%&]E\0\nX\0P*PUiKM	d0-y[s0Gf(Ttr#_u\0KJ(Xo\n%_S1,fY_~KOw{Tw3V~+;\0!\0rb}Bb\n>gUviD[80$Q=w+7,f)*\0SL$.K?puspn\0\0\0335XX-c2Wfi]YN?R_,>*Xfg{v\0^M6&&co~wrXt+\0\0\n,\0(AW>us?>e`+El\"%U=UM::UY]fI@VVF_\"#KE6S?4cXWS\0V3X\0PdNQ7N3 Yf.k5B`I	&#jv;Yg./3he|@e\'_7$od<.???]k?\ZUT5cXX.U\0\0vJ}2\\W<twppg`]3+`\\vr_$`Cu1g#^^&\\NUL4$n?}O>~HVF?dk}7\0*BIXf=C\n#e)roJ	d4eN+2U>6r<ZJb@]`E	s+^\n.c1e3xCwG*f$.@>KOE#HjwN%\0NE4\0\n3IU\n7Phf\0]=th_W\'nCKVVUV~P&/Wp*iv$1c|2NK\rqYCVyH`Hn^y]}_(#rN)&UR0yS~Es3K?\0\0X\0P0JSzz#o}[t3anM2)w*s\ZfO8tSxJtWw{_xJ|52J.UVwj=w\'13CMZi:1&gGB\0XB\"]]v^]Z\"3j\'al&eKKa7BQtF~\'=E]}J;A_7U4Vc|K9&f&]g&o]d->1{~XU/V&W:#yR[<7$.C,,1\r_\0*\0tgW:SKO2f;DK)ivp5\"LgEzd){|t&\0G_1L.S;+c/8Gc_Ht6x-*Q}QTU&[\r7y?H64l:Wj>Gi3=CfT[o:?MgG}\r,\0X]`@!QUZEhkr[Ofc7-Y(GUC9v~_I\\5e:0A^h\nllvZ}S+Ey6vQVV\0V	3[WLT8&gS|\ZmE%<\'46%{5e9S\"2_B<eej\\a\0\0XFc.2~P_9Rg7@VoVnFv31huYdka--oHx&gb%!k[a9S\\57W-c,bN#Sqv2zWE.&IS |{8qVv,VE\0\0X%`@y6)(tki5a_mRw_feNr`Ikd6OuU:28nvCw+;tB^5HGF\\,k\0,f`&]U6\nXFp`[&5g0KNW?ogos3\0B\0\0\nL3 2apc\nDS~=LLfc-XV^5;$<~z4/LY|jM{2o}F.r,.Pwll.yo`k\\@Fz}_W3LQY}_~KyY{2\\\0\0\0BJuf1V&?zEJ7<-5@dr0wrawv-cxK/MbTbg\n\'W9h28y?\Zl5+j*{8`T_I>ytfn\n7[<^E<	-h&MX8g[oK\\Y$}_(#L>O>_%v:WC\0`U!\0\nNpuQsD:G&	9a6_<pWS[u{>=Y}u]!h_-m7y>mhe>-cvJgdg~V{j}->j|~=_p}>h:9IkI\\x+OgF)\"U\0\0GO*752~DkfNsr=Bw2&V6^k#eO>+[smt\nSMj&ea4(|tnY~P7~P/\"m2bG1W\'0X.\06\0 <A#dveaH.(GeN`re-Ra^Yf1sWevbW+ddZQ\\{k#ftIOB&kSoLq\0VX\0P53H-a5[nlLcX=:]nr|9!<n\\35g+\nzyt7+m6Iu;F)]\\U}g&^e]K\nH-C:anj\n<\0*\0Pe$amyq9Mc[@>gM:*ze \\1.*BYmt$+q|3{\r$Rx3ROsAP3]gQZ_\ng>uEYK^y+:13z\\6$n\0X`@3 ]WC\nk~T)bWWqt<t;Qs0jvJW:S4rdstz(Nju.,ci<E>sY65L\r\r8\0\0\0\003	A+1<.<+%/awov[|5Ds!zf:d)oAWv||owaFI0j;t<S1<Uet\04j7}KrNrL0\n)[wYgSf>t#asY?wo\0\0\0$.Od1boq!g\\fl%QKZV7[\'R#x<3Mlp9VeP-$cSwA0/[i*F9QhfS?i2W\r/>Llk\\U.n<CY/\0>X\0P~L>Q?f`WE#{-r:\n$In[uL%^Y~km%JSTrc$bX5J2D^A#cU\'N\\v(w\n;>	Ve\'O+5W{x\\JO[ZZ	\\*%au^\0X%h\0(tWkT6*<L:e*uAk57+uF{s&3Uec7f=\Z0_3J	%2mvY0[d^%1V8Eg=iHk7z#rlybtxpu\\:J}WUm+Y!#T=f1}NBcXX_j_<)no\0\Z2\07$ffAmto!6Uy-syLK1^lfnG$7~BZ\"e|+g*PP<N2!*cRe\\|*&74clt^KuY:}DEZIHDjHZf7H4_V+)E\0T+i\0(tG\Z5J&&Gb~<|LHBM[wV^xM;NxmzU8}u=347/9Y7-(\'\nK8-NB\ZFGbnI\0{0pGI_|+#QE[-n*?o,/ooLF#wam_n{_	F BijTqh _u-wrO,I07t\r4fOU_]JbR1:56A%/jHv}e[IdZ7=Wt!qC\'\0V\n^Jul\"*CL\'O<lpKe2#u2ti{L-<kru\\M^z}eo\rg*1DO6\'oT+On7J\\_0;~lrL\rpx408g}Q~v\'f=m8[i43Znf%$X}ge:2zjHf:{<l-lFk8[jC\0\0V$.\\	vZf&\nKZv=wN/ekB^t%HEMf%\\,:vn!<\\iFk	=U$meF7dfjh]C2fT,fql7]_yr]TR`k.[q@M~vn7@|mr&uo_U_(eGgMj:\0Xe`Q:m<xC2tT ,[3-K\0+3fNWY6K>?^dppu}Lyg\'>K{G?\\S\n7oR> QU?p@fk@K\Zw)y>9e\rhM*\0`0RcO/eIg]:J~J|_tQ-s\\zlvii\\U%;oi23I-7z#WBBMzM_Ua&UFPydf&uOG\r[;g}Z|w;\'1\0X\0:WwU,@fk_~bXl]T,#+dO/_y3K}Z\Z03_VXhI\\kEzP]Zu^HA4<(ty)y9S}a#r|T]<f/c\n\0\0V\ZXSzjGu^L)EKg+F5?o\Ze|bOFwQwIG. w|3)<?|_uJK6\':r9`mOnl8+u^0AhsEe7K?\\S\"?_gW7Y|I3M;?\0<,\0XS&a9S+r((\r+-pHZ61By.*m_\\#t-tO|KbY=M\'n7\rg]]q7hr{q5yKpD_<9\03?M\0\0+YfE5fGA\r){gr2)5yb:	hai7E~.I[^:E+G	:}v2\r-zZA^\0`Q1Entw~JKdMHw>T>E	eM\r8X^eDdXV)clw]uWbzQgx+xhl7V|\00X\0a}~cc9Y+?,s]c\\2lJ+3\0+idFo|+7mFSN~cXWvEJ\"\"=6-\\\Z|;\0f\0`Y9Wvgp~cs\n.z\"NOl_&_2r\nW~b=7/-3*FZ.W\Z50cv\nb\0.\0:_\Z+ukh)68G[v5mE*FF|UG	m.g-Lzns?OnNLo h[Yv\\WTT/\'<<yNUlh@P}xwo?j\0P@`9{<Mo5{>]ss87\\w2z\ZQ\"hTSzmYRd\Z;	O5EFK\r/T^SfWxE;:^1j=n?y*SCP}\n~/T-YZ		z\0\\$~|wtCk7\\t\\cL 5Wgk3+U}$TV^UY]dNt6/`SlHE;O@QJQ\'\\_Q4-;Zs?\nnF]\rqWtVRmus#f/H@+\0\n,\0X]SNV/\'=s|u\\ :E:)s7NOG4MH;8zYo}BF#gNN|WRQ[13Om1x\ZW7Q*j<$coc2M_? %BWyKk	\\)%y^\0X\0B^B2(0\n]uw{oL\\eq!\'?R#3P}Ta%WL.\Z=W2[\Zn1sc=gd<1n(9t<wKU],_FnHF7L\re<(]q8o\0\\E\0\0V#.E&<1:H&&Uk|O2gyx+_e/3uEOV}N*I\'\r%JQP>1$nFyk4g3\"xjMN,X#*\\	)qi%e8o\0{qV\0Uk)7eP}S])T7$\'uuTbW\n:t}U,X\\bGMS3Q(W5%2P.{C\rs%q4VbN_/-3(zGYU<[YzK=z3_Y]+]Ows.<{32$VOEz.$oHhHp\0\0x,\0@zx3K/A\ruMtuG#]TT*EzL-]?\\no,]\rNO28WXtX/=x%CF\";0yfzyWo(OpyUGo_o[ZyK-|\'w\0\0\"\0xq\\@Gj6gee.>oCWL/VCMoq]k)7]sWha58#wdO Xd.DGN\\Fyjxa,uuSJw#Y,rGC2!D{_$QC\0\0\0 3.po|[Hb:4P][V^%:Sxae(dtSgNx:;_p]8Nf?x6\\s?IbCwpqOu[[^[xxUV93m`f`_b`wM\"`cCk)%MC%l1{\"E2U,ZjEInbW/f?oXL*_[WM?xrsbJ\'VxObg~\\t	\08gH7tYPZl@D:E,qwK?8u|4z8u\\6_moW:b_nSu<D?vSsgop[|pKw:\nNs\n^#Us7UE{jJNVrX|.m)v)}}	2]5^	z_+z?20	\0xt/GgU@8up}w|E\'O/V~p><8wkpD[)$/GI|wnu/Sxl|uL][`p	?Y\r=n\'9wGO-5]p_Qw)xm$`I7?YKR>X+x_4-V0_%\03rqS&Yi\'6d8)6bcN\Z/7yAw|c?=aQZ,ipMez/Q#|w+x8oD<aYpOQOW{se?OID\\Ai-QOqn9\0!WQ?\\>Jg9	eoO1/u\\fmgM^%\Z$}cxy.JwAEY{o\'{+^T`Wx\'/el\0\Z&z.2UO,u2V*\';\0\",\0n\0`\0 rFxW~_+\0jX\0_on?\Z)\0`\0 ~h< \0\0\0\0nQoMaV~\0\"`AdrGo3D\0\0, \0Q]o\'Yh~{g\0X8%\0;J\Zf?OLXM=i~wO6ot[\0\0J\0Wigjc\'NGo3moO>z=\0\0XX\0~?yw7e\0\0,(\0t?:]EUX\0__w6pon\0X\0pi;_{~NPU_}|\"*>emc7/^\0`q	\0~P47[zy+\0\0\0\0.u|M%TW\n\0eY\0~s\n^}{\0\0X&,\0t ]|>y}.~\n\0\"K4}8~w~<\'Wmo*\0`	\0W)uoNG\0\0X,\0B?V=q\0X\0$~w?|v=u=k\0r`2\r2Oz\0 Kh^7wW?G\0`i\06GOO/w?tU~m)\0\0\0\0.av,Gnow\0\0KF\01lE<{>H^}\0`|y_2	oOGW\0\0,?{*\0|;7w;_6o}>.;\0`Q?W|?zu}\'~;\'>>v\0\0X\0*NdXGo<xKs,{N1\0r`+I[t_ml{w6f^_~V|W=G{_}\0\0@\0(i}7?rsz]m{gT/$\0`	\0[t\r;zb\0X5%\0+>.ON}0==;zRt\0jr\0s=\Z(^dqbcs4TZ\0\0\0KU6%\0+,\0\0\0\0	\0\0\0\0M\0\0\0@h,\0\0\0\0B`\0\0\0\0\0\0\0X\0\0\0\0&\0\0\0 4\0\0\0\0	\0\0\0\0M\0\0\0@h,\0\0\0\0B`\0\0\0\0\0\0\0X\0\0\0\0&\0\0\0 4\0\0\0\0	\0\0\0\0M\0\0\0@h,\0\0\0\0B`\0\0\0\0\0\0\0X\0\0\0\0&\0\0\0 4\0\0\0\0	\0\0\0\0M\0\0\0@h,\0\0\0\0B`\0\0\0\0\0\0\0X\0\0\0\0&\0\0\0 4\0\0\0\0	\0\0\0\0M\0\0\0@h,\0\0\0\0B`\0\0\0\0\0\0\0X\0\0\0\0&\0\0\0 4\0\0\0\0	\0\0\0\0M\0\0\0@h,\0\0\0\0B`\0\0\0\0\0\0\0X\0\0\0\0&\0\0\0 4\0\0\0\0	\0\0\0\0M\0\0\0@h,\0\0\0\0B`\0\0\0\0\0\0\0X\0\0\0\0&\0\0\0 4\0\0\0\0	\0\0\0\0M\0\0\0@h,\0\0\0\0B`\0\0\0\0\0\0\0X\0\0\0\0&\0\0\0 4\0\0\0\0	\0\0\0\0M\0\0\0@h,\0\0\0\0B`\0\0\0\0\0\0\0X\0\0\0\0&\0\0\0 4\0\0\0\0	\0\0\0\0M\0\0\0@h,\0\0\0\0B`\0\0\0\0\0\0\0X\0\0\0\0&\0\0\0 4\0\0\0\0	\0\0\0\0M\0\0\0@h,\0\0\0\0B`\0\0\0Zn	`0IzC\0\0@p,\'_ZH[euczdx_N~lt4LhoG\0\0\0,Mgsj^W/F%\\3)s\0\0`9i6fRE`g.ldkT~pp\0\0XEK\n?\'qwo;]QXmQq%\0\0o	XfYZIM#qOK>zNigYeP\0\0m`NTqg\rw\'=\ZdL.[\0\0\07sf	XUPUqVm\0\0\\1ZFfdh?\"k={>mM\n\0\0\0.Xn1XfUe_UTernkkf[X-[\0\0\0g`q\'q\\ge]@Vq*F`4*S\0\0\0\0kTU,*/y_-gKwfG[R-\0\0`\nlZ\0\0`q3<M\nn98w4n?\rG\\]\0\0\'bVOsZQ\0\0X<ndic<m],i\ZUqV{8H\0\0@p,|\Ziu\Z\0X|Ki5\Z72rC\0\0	VL+j#p\")Kjwhg:\0\0n\0kDzVxx%Z\0\0MX%4-je\Zk$\'JzCS\0\0k\"Z\n29j)n$M2L\ZayjB<\0\0U9,.U7LgZY\0\0:ZFC\0\0\\\0+]$<{<?<x\0\0EXa-VcuTYv\0\0HXtj VfKi^{v}qUY]\0\0\'\n8)NqjxfC\0\0X1PZu$!pg5<j6,gFY\0\0X7hZiC$]7N79\0\0\0UVUn\n\Zw3xrNC\0\0X|T\n6:\r\0`	S[\0/k8i84\09WI`cl\0\0,+\\\nszlP\0\01	.1V3\n`TcY\0\0\0b\ZS3\n`	\0\0 V\0+N\0\0^Dnia\0f\0fXYhda\0\0:\'h.;\0`|52Vf\ral\0\0sVq.`/WZr/)[Y\0\0W..VA\0&L,\0\0xe`t-O:Yq\0*20\0\0.l<M7r}YC\0\0\r Ad1\03,cU\nqe!\0\0[\0+O<Y*Mc\0\03GCtj\n\\e\09RrJVeU.b\0j/w\nTM4\0ePVJ\0`\\9~97k0\0`ytaA\0x,eKpg;\0\0K(|^K7\0%\ZY8\0%5o_,\0|`\0Rt6N,W0\0`D\ntiei++`a,\0\0E\0&5rZV{4zV\0\0jeAW\0p;/esB<%$kT\0\0!]omd\n\0uqU\0@47`t^Zz\0w\0\0\0kV^^Pt\0af{9]\0\0kVV]\0q?s\0\0f]s%Qukw`H\0\07,\0,CnpQS\0K\0`M/\\Y\0\0pm\Z`\0`(vz\0:)]JPV}\0p\rW+\0`w\0\0Vk\0S\00WVVV]2\0i:7d\0+dUBSp\0E5Udw<!w\0\0.V6EW\0+d3O7;)\0.`wF<\0V\Z(vd\0r/:v\0` ihoPZ\0\0<x<o\ZY]\0\\N-:,Y\0\0EV\0pS$YrBVwhI\0\0xvxA\0[QY\nwPA\0j\0K \0D>q \0`A#IU^gpK \0,\0{\0\0A)\0X)YZU\Z&^\0AA\0k\\z\0,Y\0\0jm@+\0,*Y\0\0KT,\0d\0,V;6%\0qAV7\0\0\'[/IX\0r\0(-AqkI\0\0WZ\0SK;\n\0\0_,\0`dY\0\0l<tvc:\0 k{TzQ\0pK\ZYy/$\0VI&y\'dBP\0pC.2I-\0rZ5.d\0\Zi4Wl\0,Mt=OzQ9!KA\0mEP\0\0 ifiM \00yo&_J\0<SdIY\0\0WY/^esJf`\0>DJ;NY\0KMjsz\0LZ%w,\0^jRx5)\0_qfy?7\0E]xk!\0F-?> =*[\0+\Z-R\0pyf\0+,`\0^Hx{wPXGZUSo}\0]Kg;\0Z^3id7_\00\'Ygz=9\Z~/\0Kzn7Z\0~,F{Gn\0\0Z4+\0pw|di-\0]uk?B\0pF\0(n=H*\0\0n+K{\0Xq` \0qqk\0\0U~~|$\0%ekaZXng<I\0UZz]nv^?\n\0pkyypR|G*\0\0\",{2:8$\0a;iX\0\0diH7I{Z8Iv3w\'\0*fy(vNOk!\0p-6\Z,<I\0^{Z+d\0E8h\'ZoS\0Xkl-<LzK\0<+b!Y\0\0\\X\"n%[\0,lv9$,\0\\*\0\0^>XK$~+\0(g\n\0\0G5$~sY\0`<4k\0X:C$w\0XIj/|c\0kV-j%23\0V0 K4P\0NZxp4I{e\\gr\0vMk^oOv-	\0,,-dZ\0VZ3]kN,\0`qeizUFWY?\n,\0U>f,;\nw]\0<Me.Q`\00pV^^\'x^ \0zi=.\\\0T*f`\0\"z\'$k`U\0MDW-\0\0<_]\0UE\05Fp]\07j\0\0K:d}$\0p-tl6W9\0Zkkzw8\0^Kv\0j8N#H\0WAX\0\0$\0]OV<I\00W4ld8Lv{r;\0pVz4\0\0pm<\"dJ\04YoUW8\0\09@dTV,	\0\0A,\0V\\9S\ZZKD\0sFnW[oUa%^\n,\0\0n$Ux1*X\0\0D:d4r@z`\0sIW&Y`akIn%%OR) \0\0!dnnW@hYVr*\0\0XtYnTIA/\n\0Qt\ZefJ\\\0\0ed>?Hv,\0nM/LkISrB\0jfrO{eUl\0m%2	\0XSYD0|a7Y\0+o\0\0eQ%kIpx<kU\0%WJ\0)N-6i5Iw\0\\5.3\0\0Xjt}dG_AZf+\0\0VB[QYd\0pRnuvR*B\0\0V*i0P\\muLgI!\0\0*%[kZ{0\ZV K6Zz+J\0\0zC\r\0+o{\n.\0\0hJ_4\Zi?_VF\0\0/R^7SC+z:[Tf_oX@f`\0KO{\ZF?J{2R\0;z9pU,6\0\0\\Xq/eD4[-\0\0N34 98@Yr \0+iFgRuOv,1F;dK,\0\0fu?.?,\'g0_[\05*N~wXYz\n:Y+E\0\08jr{cv\\Tm+2j`%	\0\0g_fzscXeu{inI3\0\0vddGaV,rU9TWz1X\0\0lm+Oi{``BZr7iWSX\0\0lu{V%O$i%m8_Z\0 VxKnR6C`uZ+	[qQ*\0\0`yFzw]vG{0XX1kiY^\0\0\0Mfn_j@,\Z\nj:\0\0,z^u\rp26k[Y\07%FRiIb\0\0,c-jlV!p]y90k\0\0T56Wg\\xuZ@n\0\0\0VsS=+:YU};*jxYr7N!\0\0VxK&Uz^os,	._\0[koIh=,\rgee]U6I5\n\0\0+N_;IOh D\\eB\0\0k<|j9[Nll*X\0\0%\'Lz4&AZpvZ\ZU,f\0\0j,\r`(9?Z$U!\0\0\\DUjYeU\\N\ZWTz65I6_+I\0\0VfRe[rN|s4H,vyl*J\0\0Z/9Q?xIm`,R-j5iPRr\0\0x6OvMdKTktp8v*V#OyF\0\0=Kf3?f\rC=B1}NL-B\0\0\"m<|IT5T,y@W&-{Ig?rwB\0\0UuY\Z/QGp:~\':<_*,m\Z\nVg;\0\0@`HXA`h!\0\0\0 4\0\0\0\0&\0\0\0 <I\0\0\0\n,\0\0\0\0B3\0\0\0T`\0\0\0\0\0\0\0\0\0\0\n,\0\0\0\0BS\0\0\0@h\n\0\0\0T`\0\0\0X\0\0\0\0&\0\0\0 4-\0\0\0\0\0\0\0T`\0\0\0\n,\0\0\0\0B`\0\0\0B\0\0\0\0BB\0\0\0@h*\0\0\0\0M\0\0\0\0	\0\0\0\0M!\0\0\0\0\0\0\0 <IU`\0\0\0\n,\0\0\0\0B`\0\0\0!\0\0\0\0\0\0\0T`\0\0\0\n,\0\0\0\0B`\0\0\0ZZ\0\0\0K\0\0\0\0\0\0\0@h\n\0\0\0\0\0\0B\0\0\0\0BS\0\0\0@h*\0\0\0\0M\0\0\0\0I\0\0\0T`\0\0\0\0\0\0\0q\0\0\0 4X\0\0\0\0\0\0\0T`\0\0\0\0\0\0\0$B\0\0\0@\\*\0\0\0\0w\0\0\0\0BS\0\0\0@h*\0\0\0\0M\0\0\0\0	\0\0\0\0M!\0\0\0\0+\0\0\0\0\"S\0\0\0@hf`\0\0\0\0\0\0\0\0\0\0\n,\0\0\0\0BS\0\0\0@h*\0\0\0\0-W\0\0\0@dZ\0\0\0M!\0\0\0\0\0\0\0 4X\0\0\0\0&\0\0\0 4-\0\0\0\0\0\0\0$U\0\0\0@\\*\0\0\0\0M\0\0\0@h\0\0\0\n,\0\0\0\0BS\0\0\0@h*\0\0\0\0M\0\0\0@hyj!\0\0\0 .X\0\0\0\0f;\0\0\0\0\0\0\0 4X\0\0\0\0\0\0\0X\0\0\0\0\0\0\0r\0\0\0\0\0\0\0 43\0\0\0\0M\0\0\0@hZ\0\0\0M\0\0\0\0\0\0\0 4X\0\0\0\0\'\n,\0\0\0\0R\0\0\0@h,\0\0\0\0B3\0\0\0T`\0\0\0\n,\0\0\0\0BS\0\0\0@h,\0\0\0\0BB\0\0\0@h\n\0\0\0T`\0\0\0X\0\0\0\0&\0\0\0 4-\0\0\0\0\0\0\0T`\0\0\0\n,\0\0\0\0BSX\0\0\0\0\0\0\0\0\0\0\n,\0\0\0\0BS\0\0\0@h,\0\0\0\0BB\0\0\0@h*\0\0\0\0-ORX\0\0\0\0\0\0\0X\0\0\0\0f;\0\0\0\0\0\0\0 4X\0\0\0\0\0\0\0T`\0\0\0Z.\0\0\0 2-\0\0\0\0\0\0\0T`\0\0\0\n,\0\0\0\0BS\0\0\0@h,\0\0\0\0BB\0\0\0@h\n\0\0\0T`\0\0\0X\0\0\0\0&\0\0\0 4-\0\0\0\0\0\0\0T`\0\0\0\n,\0\0\0\0B`\0\0\0B\0\0\0\0BB\0\0\0@h*\0\0\0\0M\0\0\0\0\0\0\0 4X\0\0\0\0&\0\0\0 <I\0\0\0\n,\0\0\0\0B3\0\0\0T`\0\0\0\0\0\0\0\0\0\0\n,\0\0\0\0BS\0\0\0@h\n\0\0\0\0\0\0B\0\0\0\0BS\0\0\0@h*\0\0\0\0M\0\0\0\0	\0\0\0\0M!\0\0\0\0+\0\0\0\0\"S\0\0\0@hf`\0\0\0\n,\0\0\0\0BS\0\0\0@h,\0\0\0\0BB\0\0\0@h*\0\0\0\0-ORX\0\0\0\0\0\0\0X\0\0\0\0f;\0\0\0\0\0\0\0 4X\0\0\0\0\0\0\0X\0\0\0\0\'B\0\0\0\0R\0\0\0@h\0\0\0\n,\0\0\0\0B`\0\0\0B\0\0\0\0BW\0\0\0\0D\0\0\0r\0\0\0\0\0\0\0@hZ\0\0\0M\0\0\0\0\0\0\0 4X\0\0\0\0&\0\0\0 4-\0\0\0\0\0\0\0\0L\0\0\0\0\0\0\0@h*\0\0\0\0M\0\0\0\0	\0\0\0\0M!\0\0\0\0\0\0\0 4X\0\0\0\0\0\0\0\0L!\0\0\0\0i!\0\0\0 4X\0\0\0\0\0\0\0T`\0\0\0\n,\0\0\0\0BS\0\0\0@h,\0\0\0\0\"B\0\0\0@hZ\0\0\0M\0\0\0\0\0\0\0 4\0\0\0\0i!\0\0\0 4X\0\0\0\0\'\n,\0\0\0\0R\0\0\0@h,\0\0\0\0B3\0\0\0T`\0\0\0\0\0\0\0X\0\0\0\0&\0\0\0 4\0\0\0\0	\0\0\0\0M\0\0\0@h,\0\0\0\0B`\0\0\0\0\0\0\0X\0\0\0\0&\0\0\0 4\0\0\0\0	\0\0\0\0M\0\0\0@h,\0\0\0\0B`\0\0\0\0\0\0\0X\0\0\0\0&\0\0\0 4\0\0\0\0	\0\0\0\0M\0\0\0@h,\0\0\0\0B`\0\0\0\0\0\0\0X\0\0\0\0&\0\0\0 4\0\0\0\0	\0\0\0\0M\0\0\0@h,\0\0\0\0B`\0\0\0\0\0\0\0X\0\0\0\0&\0\0\0 4\0\0\0\0	\0\0\0\0M\0\0\0@h,\0\0\0\0B`\0\0\0\0\0\0\0X\0\0\0\0&\0\0\0 4\0\0\0\0	\0\0\0\0M\0\0\0@h,\0\0\0\0B`\0\0\0\0\0\0\0X\0\0\0\0&\0\0\0 4\0\0\0\0	\0\0\0\0M\0\0\0@h,\0\0\0\0B`\0\0\0\0\0\0\0X\0\0\0\0&\0\0\0 4\0\0\0\0	\0\0\0\0M\0\0\0@h,\0\0\0\0B`\0\0\0\0\0\0\0X\0\0\0\0&\0\0\0 4\0\0\0\0	\0\0\0\0M\0\0\0@h,\0\0\0\0B`\0\0\0\0\0\0\0X\0\0\0\0&\0\0\0 4\0\0\0\0	\0\0\0\0M\0\0\0@h,\0\0\0\0B`\0\0\0\0\0\0\0X\0\0\0\0&\0\0\0 4\0\0\0\0	\0\0\0\0M\0\0\0@h,\0\0\0\0B`\0\0\0\0\0\0\0X\0\0\0\0&\0\0\0 4\0\0\0\0	\0\0\0\0M\0\0\0@h,\0\0\0\0B`\0\0\0\0\0\0\0X\0\0\0\0&\0\0\0 4\0\0\0\0	\0\0\0\0M\0\0\0@h,\0\0\0\0B`\0\0\0\0\0\0\0X\0\0\0\0&\0\0\0 4\0\0\0\0	\0\0\0\0M\0\0\0@h,\0\0\0\0B`\0\0\0\0\0\0\0X\0\0\0\0&\0\0\0 4\0\0\0\0	\0\0\0\0Mg\0\0\0\0[OcGa\0\0\0&\0\0\0\0XX\0\0\0\0	,\0\0\0\0\0\0\0\0k\0\0\05\0\0\0\0\0\0`M`\0\0\0&\0\0\0\0XX\0\0\0\0	,\0\0\0\0\0\0\0\0k\0\0\05\0\0\0\0\0\0`M`\0\0\0&\0\0\0\0XX\0\0\0\0	,\0\0\0\0\0\0\0\0k\0\0\05\0\0\0\0\0\0`M`\0\0\0&\0\0\0\0XX\0\0\0\0	,\0\0\0\0\0\0\0\0k\0\0\05\0\0\0\0\0\0`M`\0\0\0&\0\0\0\0XX\0\0\0\0	,\0\0\0\0@\0\0\0\0\0IENDB`','PNG\r\n\Z\n\0\0\0\rIHDR\0\0\0d\0\0\0d\0\0\0\0\0~IDATx[lL[3c--1EHJ!x DH\"9/\'d%	xjEB.APvL3\Zcn_&+k~}53,:3```\0``````\0``````nG\0Vw>ETndB*8LeKi5ze2/Y7QjjW*uP\r9R\'t~AWHq1QE-	aDdx\".?IiV\rH, #|^RJ\ZNVKTRGBjfN]L	H#cd/R,CHo|uz\\H\r`V_S_{cb1%Hym	u$pEsXn_QiB.y%lZY=.Eg7OkyF^~|l*=jP,_;{JAAYZ t,4d?TMq!,bEr;mT^GLS}^{E|e9TO][-1?U(\\>^ey*7^JteSP{N{8dM.0DZYcz\n*ATUlURIng|gwqW|h\\\n		M38E8yLdeyG:)\rw\'OxxPUs3&x=wfNQ4X!o\'i\\\"Zk&A~0a!\rXX<EWg{&H,Ei`MiJk+\r\r:	oe,~3HkIq$^kzF#I_[yfi74Iz|?W7y$9)e9Lp7zk-,Nj_Pf>\r0mo^~mKZ>.\'K}l)9Gyo+dchRn(+&,(w,,(k```\0\0+FW#N\0\0\0\0IENDB`',NULL,NULL,NULL,NULL),(21,'sys','mobileSplash_medium.png','image/png',26323,'2013-12-14 18:15:36',1351,'PNG\r\n\Z\n\0\0\0\rIHDR\0\0\0\0\0\0\0\0\0\0\0\0tEXtSoftware\0Adobe ImageReadyqe<\0\0fuIDATxil]\'(K$S.[(%Ht\0 4R@\0dZP@\'j&e\ZH\ZpTnq24YeYT$+\"&PsJM@tss.ylSm\0\0!	\0\0@\0\0\0\0\0\0\0@\0\0\0\0\0\0\0@\0\0\0\0\0\0\0@\0\0\0\0\0\0\0@\0\0\0\0\0\0\0@\0\0\0\0\0\0\0\0\0\0\0\0\0\0\0\0\0\0\0\0\0\0\0\0\0\0\0\0\0\0\0\0\0\0\0\0\0\0\0\0\0\0\0\0\0@\0\0\0\0\0\0\0@\0\0\0\0\0\0\0@\0\0\0\0\0\0\0@\0\0\0\0\0\0\0@\0\0\0\0\0\0\0\0\0\0\0\0\0\0\0\0\0\0\0\0\0\0\0\0\0\0\0\0\0\0\0\0\0\0\0\0\0\0\0\0\0\0\0\0\0@\0\0\0\0\0\0\0@\0\0\0\0\0\0\0@\0\0\0\0\0\0\0@\0\0\0\0\0\0\0@\0\0\0\0\0\0\0@\0\0\0\0\0\0\0\0\0\0\0\0\0\0\0\0\0\0\0\0\0\0\0\0\0\0\0\0\0\0\0\0\0\0\0\0\0\0\0\0\0\0\0\0\0@\0\0\0\0\0\0\0@\0\0\0\0\0\0\0@\0\0\0\0\0\0\0@\0\0\0\0\0\0\0@\0\0\0\0\0\0\0@\0\0\0\0\0\0\0\0\0\0\0\0\0\0\0\0\0\0\0\0\0\0\0\0\0\0\0\0\0\0\0\0\0\0\0\0\0\0\0\0\0\0\0\0\0@\0\0\0\0\0\0\0@\0\0\0\0\0\0\0@\0\0\0\0\0\0\0@\0\0\0\0\0\0\0@\0\0\0\0\0\0\0\0\0\0\0\0\0\0\0\0\0\0\0\0\0\0\0\0\0\0\0\0\0\0\0\0\0\0\0\0\0\0\0\0\0\0\0\0\0\0\0\0\0\0\0\0@\0\0\0\0\0\0\0@\0\0\0\0\0\0\0@\0\0\0\0\0\0\0@\0\0\0\0\0\0\0@\0\0\0\0\0\0\0\0\0\0\0\0\0\0\0\0\0\0\0\0\0\0\0\0\0\0\0\0\0\0\0\0\0\0\0\0\0\0\0\0\0\0\0\0\0@\0\0\0\0\0\0\0@\0\0\0\0\0\0\0@\0\0\0\0\0\0\0@\0\0\0\0\0\0\0@\0\0\0\0\0\0\0@\0\0\0\0\0\0\0\0\0\0\0\0\0\0\0\0\0\0\0\0\0\0\0\0\0\0\0\0\0\0\0\0\0\0\0\0\0\0\0\0\0\0\0\0\0@\0\0\0\0\0\0\0@\0\0\0\0\0\0\0@\0\0\0\0\0\0\0@\0\0\0\0\0\0\0@\0\0\0\0\0\0\0@\0\0\0\0\0\0\0\0\0\0\0\0\0\0\0\0\0\0\0\0\0\0\0\0\0\0\0\0\0\0\0\0\0\0\0\0\0\0\0\0\0\0\0\0\0@\0\0\0\0\0\0\0@\0\0\0\0\0\0\0@\0\0\0\0\0\0\0@\0\0\0\0\0\0\0@\0\0\0\0\0\0\0\0\0\0\0\0\0\0\0\0\0\0\0\0\0\0\0\0\0\0\0\0\0\0\0\0\0\0\0\0\0\0\0\0\0\0\0\0\0@\0\0\0\0\0\0\0@\0\0\0\0\0\0\0@\0\0\0\0\0\0\0@\0\0\0\0\0\0\0@\0\0\0\0\0\0\0@\0\0\0\0\0\0\0\0\0\0\0\0\0\0\0\0\0\0\0\0\0\0\0\0\0\0\0\0\0\0\0\0\0\0\0\0\0\0\0\0\0\0\0\0\0@\0\0\0\0\0\0\0@\0\0\0\0\0\0\0@\0\0\0\0\0\0\0@\0\0\0\0\0\0\0@\0\0\0\0\0\0\0@\0\0\0\0\0\0\0\0\0\0\0\0\0\0\0\0\0\0\0\0\0\0\0\0\0\0\0\0\0\0\0\0\0\0\0\0\0\0\0\0\0\0\0\0\0@\0\0\0\0\0\0\0@\0\0\0\0\0\0\0@\0\0\0\0\0\0\0@\0\0\0\0\0\0\0@\0\0\0\0\0\0\0\04\0\0\0\0\0\0\0\0\0\0\0\0\0\0\0\0\0\0\0\0\0\0\0\0\0\0\0\0\0\0\0\0\0\0\0\0\0\0\0\0 \0\0\0\0\0\0\0 \0\0\0\0\0\0\0 \0\0\0\0\0\0\0 \0\0\0\0\0\0\0 \0\0\0\0\0\0\0 \0\0\0\0\0\0\0\0\0\0\0\0\0\0\0\0\0\0\0\0\0\0\0\0\0\0\0\0\0\0\0\0\0\0\0\0\0\0\0\0\0\0\0\0\0 \0\0\0\0\0\0\0 \0\0\0\0\0\0\0 \0\0\0\0\0\0\0 \0\0\0\0\0\0\0 \0\0\0\0\0\0\0\0\0\0\0\0\0\0\0\0\0\0\0\0\0\0\0\0\0\0\0\0\0\0\0\0\0\0\0\0\0\0\0\0\0\0\0\0\0\0\0\0\0\0\0\0 \0\0\0\0\0\0\0 \0\0\0\0\0\0\0 \0\0\0\0So&\0#0X|}{v:S- \0\0p]u\\C?G/]1\0:M+\0|1O8m;j.9\0\0?	Yfk|\04>f9)[\Z\r@\0\0`_/oj\rd}t#0G0E_kn}?:C?m_7+}J?\\!\0A\0\0_ft$o\\\'rw>(;J\0\0\0uyxX\Z[\r\\o=S\0\0E/4__WKZ\'\n\0\0)+}Vdgs\0\0J;NwOrkOq\0\0\0Zus}e*@\0\0`M[;RYC?:w\\~tF\0\0\0&\0Vun9m2x\0\Z:h\0\0\0<}\0#]}{\0\0LrC_/Gc/u\0\0\0f^{\0Q?I?/.\0\0\00ZM^@ey23\'>1h/)]0\'\0Hwf<7Ps4gw\ZonoeF8{^67g\r\0\0Us-ug;z]t3<\r+J YdpVJ:_s\'|>3>x`ns\0`vxoU<Oz/~aqvp8s|q,b3?\0\0TO|=+Jw^9*|JF Y?\'.=\nm5\00.oZ=}:vOJvg{9/,91Nr\0U?\0fw>(o-^vxw?f }+Hwh\0\0~8P\\ecMo~QC3>?-uI9;{./xp?|yod\0\0\0K\nG)S/5{y>ad}mK>^i;o?\Z^3.^:{_>PLf[fgpn0s?H8a\'\\Ck^y_~zl\0\0!Z+XLB{K.@\0Xi1\n\0@\0\0@q3\0\0\0s1N?>\0\0\0b\0ywiaa\0\0\nm+{/dl \0\09=tzm \0\00g-(O:wl{~n\0\0\0sMC^D_E0x|w\'\0>\0ST\n6kZ|0s\0\0/^G[>t`Z\0S\';n5_-o=\rmK3+\Z]#	\r|+\Z\0\"V-20xkO,|L<S\0\0u~?_Ktr-3LVO%;]<\0\0\0~p\0\0\0`.xbWn8of@\0\0#oVO|+/N	\0\0lWf8sLh\rq\0\0\0`7WhX\0\0@\0\0Ieu\0\0\0`J]>\0\0g4\'\0\0m\0\0\00.OkF\0\0ax$_\0\0`n>6R\0kN\0\0mp+t~hX9\0\0f=U_+X\0\0\0[s>+\Z%\0\07x>\0\0`.wm);I?G\n\0\0\0/^nM+\0L|f|-R5k\0\09X}Go\\pk9]eI\0\00wp?38|myuv`:\0Sma}zOG|b\0 \0\0\\nX\\d \0\0\0\0\0\0\0\0\0\0\0\0 `\0j&;n|}5rcX\r\0`\'|dBp`v\0\0>|7^&9[R77qEd\0\0\0gQG<(m}{O\n\0\0\0O?8?w_0<_\0&\0Q%/?UO&\r_\0\0`UQVO&>_<70h_=Z&\0\0E|-_s,{yIZnkw2\0\0\00oy>6W[~]>5+(rs\0@\0\0Wnnwj}]u/8m\0\0nZu_3o_k|Stw\0\0\0s5\0|V/xYk\rd;2\'i}l=vPG \0\0`mh+5.^z:I~#\0\00~H?h3vg\0\0\05\0K/#3s|\ZZ8hTG,\r \0\0|-X5q]#@\0\0U\\Oig27,)]RZwgHpk}6pqz@\0\0#_*`O[^kn}^Q#;vpOn_8=qP\0\0\0\0k6co:##$,xGyF(kY1\0\0Spe-/S@C?@36VN@\0\0vV/uD1u?f,=;\0\09fpZu>WI{{4u5a@\0\0.u^py>S?	G+v|$]\\r\0\0\0C?UOI\rvm?7nSP_|W\0\0\00O[eGcW\0x\n\0ukf;~a\0=9kPE}{c\0Zu\0\0\0s{g Uc57}2Ra{C#M\0\0\\=}>\\V\";g|ny{i\ZjX{G;/hWU\0\0\0o=5ujeW}GYS-[u0z:l3@T??u\"8a\0H6\00m}Ck.^?v3wUuTw|yY\0J\"ZL{5kDZa? \0\01\0ms|xWZwNF}{>xGWU89pece0sx_\0<M\00ZnLgC|#CM_or^s|oFsg@\0\0+k3=.\\vC`\'!a6=83rwkdG7n|U_=ZZ}KY@\0\0c@X^f[|{2@li/k]St?\\8r]\0Y3V!2g;y9}e\'ZP\0\0Fbb~bK\Z,Dq\0\0r\r[O}t2-/^$p?}p[PL\0\0\0T\0v}\08s\Z=gF9/D%2z\0\0\0TcOP$G\'#	\0\05%43\0\0qFx,DV#\0\0Qz(}{0\0\0\03``MuwO]e\0\0}.|;}cfgV.@\0\0`)\\?_Y}tsG<^\0\00GwgGfjXX\\O6\0p>O|k;s{3ft%nZ@\0\0`ndw>(-jhXV?}@GucnV\00\0\0\03?\0^k\'2nqz6O\0\\Zf-]82xx-x\0\0\0s}fOt,tK\0\0\0s\r+9I\\@Z >@\0\0Rh(~e2\0\0\0\0\0\0\0\0\0\0\0\0\0\0\0\0\0\0\0\0\0\0\0\0\0\0\0\0\0\0\0\0\0\0\0\0\0\0\0\0\0 \0\0\0\0\0\0\0 \0\0\0\0\0\0\0 \0\0\0\0\0\0\0 \0\0\0\0\0\0\0 \0\0\0\0\0\0\0 \0\0\0\0\0\0\0\0\0\0\0\0\0\0\0\0\0\0\0\0\0\0\0\0\0\0\0\0\0\0\0\0\0\0\0\0\0\0\0\0\0\0\0\0\0 \0\0\0\0\0\0\0 \0\0\0\0\0\0\0 \0\0\0\0\0\0\00eitvlc|2tdN7.)n\\UKGq\"\rfJ\'\rM3`ej\nq3?k-R_(\Z\n}=\"V%}=3w\0\00MZ|k|o\\~S}+v`\\CWBw|>Ng>L%Kt>M|2wjb\03E X8k<kojjQ-tG{<|$\'.n(n\ro[}V/\'_n0#\\Ons>ki[fow\'\0n~W/9xO?+\r3?;~8\0),[V\ZWv={=q:7\Z4yO?-#qzh=\0\0K.[[z}P\rklu,]l-]zm#\0~\0`~)o}[#\0Dw#;.E2~2\r^8$b40i\npbo{p|Q_8##=0+N\r\0Jc~e./\0\0N6=Siw?~ab3nYi?;~`n]lWbg1p.kYM{DUAd4\\zr+K0>gI,^HC\"\0ve\'\0d~M \0\04K>?Oy66?FgR:	\0U\0@\0\0t0n_~cftxY7/1\0\0 \0\0I3zg:qM2AQ_ \0\0gI3_J.\0\0\0_7eFO]x\r[Ohd\ZP{2f/YO?{Xog|k+[V|_ow#GM\n\0\0pMe_s5ZU~m-+tC|KG{rBqwtX@\0\0dj_ndK~>uF.j(+//Ie3KO3u=`.6?q\"ve\"\0 \0\0Q|~K38p~?*]{EiGF(iph+*rH<g?y*2@[t`~C?w|@\0\0>+*4}\'^8?cd9!\"\0Dw?gKU\0@usPK\\Ik[n\Z~u+7nze3si`@ugF3v`\Z\0sL]YecRPc`3s\"d/{sG-wdvU38x m@qbt:4N0;*:m~YR85w$\0\0?iT7O_Qyj-*4G\08]K\\K4E*JV4i8ixxR7T> +\\fq:KNY#i	P\n0`\Z?\0\0sIW~d.?5K Jo\\vS.^4+-=ZE*8iy?z+z}Cl@4k)LX_~3uRBOEf[_%_8KOIScE7y	p$\0Ut3Ljw\0\0(KOvRbC$ta=oT\Z?ye{$]\r=q*\nRcN;U\Z5\Zn@?\"V\\lW6xlsgN:{hr\"	$p]Vq\\hb\'L%!4)F<#8G=}*Z/wv{u}4.;F?c%>9~x`\\|	0vw \0\08kM-7U({g{0f}fa}R7?>vto[i?\ZP|kQ?\n\r+\"D;\rGLE]W~UT\ryb7Gn<JIQ/`~-#\\1Z-|84biUvzN]\Z\n}hP7_Vr+o	SRM@EK9\0\0G-nomdDx\'\"l~KEZ?A*RE8y\'Q	R\Z}Y|+O?B^ w_nc-\\TD]b;xE5U~SF@8@/.]{:5+Jq4Zl.(	Vl5#o_u%`{{?F1\Z\0~xULCQ\reNNuF~_z3x(|EKllSK.3X\"_56e+>b<eEg~|Eo((Fofto3~y?+.DsEh,tS;|kE8LqBNRz{|@\"dFz)yt_TFekxtbGv{BvA*7\'@r@7)5vp<n,kmw\0jDe6>(D*}xt(oK2gckBj49vxndxhHOSWzTTj|\'(N:/,vgD	$3z3#i_{4]-Wq/jdO1 j8#2]yfs\0wL!?)m8)D8NW\'FcnsK9d`4W]V8Vf-l&$qNrbm4r`zi;]mQUuue\n4WVJ%ErV&`-{-J##f~/}#Z8w_~cs4+TU{>uz\Z->nIG9\\:C&_dRMozqE9]\0`\0Tb_w;F	!_FvY/^-Sq^	Oj?SbQ;,nz\'/1\\ldWnUhLg\\STqzj]k2}H\0\0`&\re`\0zyl_iDi{qDHVS\nVONQMV*\nlza_LWg{|g:r)8nL&030)?Ph\0\0T3+|J$4JQw\rhGoDUpJCig-iTP*7ly|Rpy2 )e@u~405UWHox`-mkHJ1ipB	zClKR1f[o)T?ic?+msDF*_\\!Zf+}qbcfBQVd~l~\"oG)67>f[b>=`\\WnU$,g\0@5Ngf4/\\:px:<j	gO\Z8_=1UE\ZQRVad?VqVuw?w7ZkCvi)|Ze8[^(s]4hft*D]kt:uMmU*>;a\0i5:\0e6nHllS:;MlRMr.G<F+Q#Fo\ZUcu`ndTnKFfbeZ)lQ[gFol2??rV4.oD\0F8J9J#L^8t#d\0\0ivij.;-d\'2-0\\\Zzs+Y vmck\ZdVxZvl-9NU]gm/o+.y;l	PwpHQ\"_Y:hMW:cOyHhwhQFSDt&}7d)bN-7v$^\0H_]xFD\Z[=\rHW1#7/M\\13~-{GS}k\rHUvb4]c\r7cRsF\n&N?_p~Kx}SsT9v?K?G*iBf?3[+R\0SqysNaf\04k@5V<iLqv\n 18Mcc{GY(dtfiq.6UH]e&2g{iUhhQqT}<SAWsi;U\rT?t>DHx}C7^Vp3\r(^koU\\pR\":QpBf.MSt?-^I]Rwz6j[FGE[m<2eOpM&tRuFp}SZl\\W&h;wFUhq:;+/e}3~TC\0 \0\0\05Y%R,uL7W\0sOjtvi*pg&~>\nokDI EWi9[8=FVq{^AJ\'RP[%o$.QiHvxXuq\0\"])9@(d.m\\i\0U*i;4x?r9;t}:F5SJVT4!`\"BTzUjXHqt[mHq\09)M_r/hP8[*EUrHc#]]rvfEp8)*1FEsz\ngq\\2Fy}C\0H\0@5flL~SG#L}fTTq+iHlES-3tJ&D*;cgz\nhv9)&c`\\EvZ7AH9<N\0otiu/OigF\\O~fm)V]MI~]j)ttv9}fj{PN.W2mNfl*g7\rvol)QQ\r3X{&=fFaO&9DAJkQsu=mn/N)w.8b@|5\n?e=/4F]\";w+w\0`BUW,xj\ZN\\m_b/<eTL&\ZpY{jIv/\r\r.vTIdGdj>0mmL}\'hh6^\n}jt\"oYq>/}P)Ja/R<]kE7lD}.xZhL47-ZE-[JeSv8kpbi\\3=\"\'?5u-hPx@Gu~[(8\\*\r&ld{Kqpd!6JF.c7 M\\S6vO\0Dr0.j(Hu[G.7.3-QUX^x|,w^\\jp#cwc/84g;uqBOM6#\Zd4XfkEO)1^5Z4@rzdszWDt*	y#vZN2~\0\0\\\'~gtoqT-Ov]!;biKWh-Ta;@EK-90p.jR*ft2w\0j2T9\Ztg}f~x}JVf)Mu)?`\0\0:+-GYQfR%$s*MS%\0uj%X\n\0iZkurbL&(Wzcbn\0Qz\Z+-\'<\\JM-z\'LqL]VQ`n]o\'^#ueWuV~\Z \0\0t}ld(S?.:r{w+s)GSQ\ry?ZSRXqLCy8{vOEf+LMa]6\Z$N+{].;/f]4x.RBq|{\Z2+>;)	`~]HwD@\0\0@<&8\r/KC9HZI(\\znxbm]{|HGrdrKe_**	sboEK\Z+t1{x;gi?R,th$m8Q{&wKxS+N8=X\"u-^(~T+>V\rn\0\0KDR<ub/lylvaW}V/EH(;NL5V4+K4Ih4ZM_]wV\"Iw\0RY<p|uOF)>IltC+*>1\Z;ZY-]Wn)e\ZL\':5\nGI\\Y\Z%\"D*5vQ\\)\08FSW0;GZFcf7#K#x\'~Wlwc\00 SRAi\n]UE\'*A)Ti5r5z M3Vlmj`2B9z:;YJm5~lOay\0 \0\03I3Vte&nx?:~X	{iT_YcITzy{`J\\EPvwtgff\'z`.m?TOF|#oxp \0\0R?s\'MTTXO^W~UTuy58*f/Sv(5WI_?zPvT?{{O[oyW\0\02)2s]bwdWbyRJ{+EJx?+,U6<[Vo*E>Y4\'O<*U>dHV7\0\ZHE@O*vOR1]bUKJ+-]Z+M4qMO3\rtgJqEU~(Nqj5`-o?2-omz@R_L-D`\Zf(1rb=w`.*oz2?\Zx=;DDt4,K+\n=sZ8}-VCU]W_\\8lwKh1,.mM5@\n=Y3mMR|\"zFhbP\0iuChqP`.%^\\\"Ab`n4s)\0fQZ*o?h,tg`sio\ZPq:YQVRU/4R1S.vgjUW8v:U\ZkNTuJ:4\\\\. \\;~8RtgMw3[\0 \0\0*j=X%MTg_6\"rWm#Nz:;NQ!V,FLiopu|=e5`mrqo+yV]OT*]xpt2\0qN6eV\\)	d<mS*x[`e{s[$oAM\0\0`\Z?QU(Q*)q#(DRR:Y*H8U[6VM-e\'V+Vl3Wt+4[*`~]x\"*lz~Ft|K$Z\\\'vrH`n]M^u/eo>IlaJ)\\PV4\"2\"/p0lk|NB6ErY4:=4Eiq>;:/{]f\0un6S\rZT9Xn*MSwTFJM1\')WlGNQ|pvHG{\Zo}go0#m@zh4/onAib\0in6_#xUs=3[+}niY5`p-KI)3UiJJTG^\n,E/Y1~+wfBx)[6\ron,\08\0sWMq?{t7|w?uP\nzv{#Fu>&)\04HSF=QcToRue}{G{NmKV*YNc3MJ8*-gKY+j`~]`PVLZViN(-lW0:NkOM:ZN?e}5$]?3HS\0\0(Sy`}g&njw?RE%&9@9=T28FWdZ-mv6K,>H)|%SgVn]R?}xjOM-:\03L&@(]MJ&yM7=TIHJ$&\0JEy/(m5+tUojk-_7UzudiZFk8S]bQ;! .\\kN)$R_a\0`	PxnF}$c6%\n>UtORE\'J$R,I4E%MDxzDWw8rt6\'~\Z\ZSKUtakE-gizX|NHz\0%m=U\"QKNQQUax/}!]o\\~_Fu=RIm#NqJ$z:Z[^R/+eS9RV|UKWJV\0dK9?RVCqU<O*OuUh.w_FJ=[prX3y:K.mM_h#\n.kLbGT%8Y|:4,Iw?\\u\n?h/FLvBHeb\n~xg9+\'pxfGr-inJg\'Omwo8jR4WwjyGWJ-i M?TL \0\055lOo(O\n;t9W.NT0:?B6`M._,G\'*\n}\\XlY**8dQE&E\'I_\"1N8u\ZW*K>qky)Z]VGT]_f-Np7NlOccS7\rZ~t\0\06<_KEyfh?ww`,\\ZY{:RR6F^\0P\Z[W\'_`S\\V6.o&>o|scGxyf5\"%\Z^5_iK9Y7WXxK2\\F:/eF-M[#Bm&8+Tt -f\\U\0s;`Wvxn,OQEydF+^0>5\ZZ\Z:ORVGJFW]qgt~><Tu;z%;j?_w?|M/#\nZ84-<}\'Gum!+G7E;^(ohH2iR([d[RC]|T=ke\0i\ZnzZ;^QT`Ql\Zzx}f\n\0(cx;~8O^O}:EgKp1d)}7UB2[Gt]4!OdJ6JDDMcx\"iI&7R]4Q|T5 \0\0[\r:Y<zM\\\0QUqZ6Pu]uUQ[\rN\rjQ5ldYJi4dgTqxoTh-*wsn2?!QW/^_{#={#Mo}6./^ s eTt\0\0T/sF;.*9MuJud&J*Ic&?2\r{2JwimfDF4|el[Nm#ynG=*ZVQi:x\\*\'GN9P`n\0?pQ[wU>|qAQW\nI7HlvZAib4+38U~tN!<Nrf\Z0teRWcO:@\0\0jvOb)O[\'UuMAk2.^<Y.iNYtcO_<fC-UUO*=8W}\'O0}`6i\n0sM#BvG>8yc;{?b=Ch\\\r}m4M19?ss7={;,Z29_?8P:k:mJT:\\]9SNh8{:/[j{vNH&U\\,\';>&-+gQ\0?\rw,\0,\0y>uJPwr:\'Ls Fk~gEJ+:9zTS7_s>D\0h\\<rZ\'Ho\'F$BguCAfH,9q8S>?oOW|\'3:W*R}{\Z?L(8 \0\0Wh5JvfdcDZF4_NbQ[UZ@u%/DApfLFp<{\\oWG7&{s)m`\r73Om#\"Tzo9}~s27VwoLR^\0*5,})i@\0\0z?9x+`QxNwYZt;F#6D[t1^om,:[_Qvxkdx8J)_<A)UQv>e=;CQ79*x;pGT^}9?00=rg\\/fM+d`~]|Oon(#{g{imqFCFx}C|*-J#;huO/yW]U`q),6nl7ly|2T4a8e*H76k>DJSf/q>S/lO7_*}fkxP\0\01XlONr($]f/yQLJ2]UK1 HmLQ|vvD_Z4*JL-[?Se:\rClU~SmhuYE;fF\nGJb_I#v_Ju	cwf\0\0TtviWnUql23zuqYsS4^e2Si}dTQP2\"_Bs_hE_|M1\'TB0@W_8a9h`oDoN@6r WMa>T|Gl-SM*<OgxZ^7ml{N\'w=.~q?\0)#\'cTp_VAFWz6~:QW\'{lCvY~BVTj^E/f_t~ETP8TG8va*cnXbMIKfE9\"w|\0\0|,D%1tvi1_GTBQyfGYr:_?DY3ZC)RGr1)~6n^m#NB5ZjkWUjih>Onu%S7Z,1Ou\0S=6x\0CD`Dl@Bek\0D ,PC\'!sn=m]]uO%muy}Y^=/6~MaWk-Q^WsW?:nT}?y9x6w^,m\n[UZm}9<<8/Bol]o+NNY@\0\0nRGb&5o(:MUVq^@~+U)z@\0\0IhPUM\0\0\0!~g}*	\0\0\0VGG~?}$\0ueXO>2t$\ZT_s_u\0\0ykl~^U:\0\0pKg|[gs=v9|?-Ou\0@\0\0I^Unsyyvp}\0\0v ZURvWZ_\'N \0\0fwywy?h_>v\0\0~|A+y]G\0\0=g7;t@\0\0\0nxt;P^5\0\0m3-:O{W&h \0\0v\0=r]hgoM3m\0u\n\'{Oh>~/\'WO;?_\ZxqAU>V{g?g_&s M(\0\Z({K[{;.@n?*?x88*>\0\0`f_y7}0,\0\0\06>?ql_;[a5=3{w\0 \0K^<y\',3C@\0\0B6\0\0:\0\0\0 \0\0\0\0\0\0\0 \0\0\0\0\0\0\0 \0\0\0\0\0\0\0 \0\0\0\0\0\0\0 \0\0\0\0\0\0\0 \0\0\0\0\0\0\0\0\0\0\0\0\0\0\0\0\0\0\0\0\0\0\0\0\0\0\0\0\0\0\0\0\0\0\0\0\0\0\0\0\0\0\0\0\0 \0\0\0\0\0\0\0 \0\0\0\0\0\0\0 \0\0\0\0\0\0\0 \0\0\0\0\0\0\0 \0\0\0\0\0\0\0\0\0\0\0\0\0\0\0\0\0\0\0\0\0\0\0\0\0\0\0\0\0\0\0\0\0\0\0\0\0\0\0\0\0\0\0\0\0 \0\0\0\0\0\0\0 \0\0\0\0\0\0\0 \0\0\0\0\0\0\0 \0\0\0\0\0\0\0 Mx$6\ra4u0\0\0\0V:?>x%:Lgagy@\0\0\0-`+Wy(d:%\0\096}C9F7{e`h6S./<	\0\0_>fq_v_U	\\F\0\0u*[GZB(^V	00;Ht\0\0/:\r	@C\0 \0\\^71~W`0\rD\0\0`myyj*	p,X+\0\0Uwv2*Z(\0\0Wj!aXjx4MD\0@\0X\'Sb$8[%8VA\0+vF&~VYUje`2\r&\0@\0(6>uHq|bxtzyc\0@\0HN#gSv8~n,h\0@\0 \0(!<`~\0\05Sp<P#U4\0zndA^XsjCc<TBE\0vTEa~XnY\0\0\07]\nFQ<[a +\0\0~X1Y|r2F\0i5Ru\nUa\r\r\0\0ph1k,X\0\0@\0\0u?f@ /~HG\0P\0eo8Ea,pb`\0\07\0d\rxo~,@50pG\0+\0uM,\0gXGhU0\0\0D\0(Z}x_b>!,\0\0\0ne\0\0?py|nU\07a|Ynp\0\0S6VX;\Z\0\0O~\ZN/,A\0uKl5u\0kU&F\0\0.~,eo^^\Z(\0@1\\5*\0H8\0( O\'0\0)\0?@7v\0\05\r\0J_N34X\0\0	\0J6:~>k\0k\0\0}Yn;W \0,\0dXn:R\0Wpv%\0M\0?fAa\0V6\0l6WX,fqVh2\0\0J\0fE\Z+|bP\0V!\0d1C-\0pi\0.N\nrm6^9Nmq)1\0\\O3q`%]Jl9\0\0Vc+m?\0+Yo	\0Nsw/~e\0=~\0f \0\0`\r\0\0,\0\0V/OYa\08x\r;|0\Z7cf\0\0Z\0Wfn<\0q\0\0P,vET^Txjb\067P#f7[zVn]ifw!MfcPC\\-\n\0@U\'5h\\`e(<o\0 ,lgqU\n1Hk7?I|C\0)d^\'L;y(6h\rX5x/ 9YrVx\Z$5`N1-tfvqn#v~+\0\0n3veb\0\0k\r\Zk\rM\'[fV\0\0xQ\ZqQ8k\r9f\r\0\0^z!fG\'E\0`yYq\0\0o[b O0(Be1tRz~\0\0OS51\0\"lfv3\0\0n/hlH\0zhMp/pdH\0exop\Z\0\0vj	\0K;eO6\0H\0\0,J1$;b6`8{64$\0pE2v}}\0\0dazy0$\0(o?\0V\0\0XN3vpX\r	$ ?[\0\0nD5.;,$\0P{[xc{^:\0X\0\0&mf9.\'$\0*@\0e1luVHA\'\nPnf\0\0V,w{4%`}_u+\0\0;R#n?L$`}JZg\0\0V-	TklX$+(\Z7:Rh\0|gmxw#Ofp(	\0,own\0ux$\0^81kw \0\0 	\0\\v/lC\0ch{po>_F\0\0X$w\'p(	\0knz1@--mIJcG,V-?+\0\0K;wGa88*%_@FU\n\0\0|#o\Zy8\ZhwN{\0@eY^u$p0L),oZ\0\0 %Y^H(y^ 5(6H!`\0mNS\rf??24Iwnhd+\0\0\Z(NNa`T\0L{E?g\0JY#l`v4\Z`f9[\r=\0\0UrY`,l\0\0xV3m)h8Oc{Ez9\0\0%\n^@\0\0\\IUl\"tg3LgE?,\0,~	\0\0\0\\O/oESod~\0\0\0@# ogQ\n\0\0,TbWI`0r`[}u\0\0GnxlB`,\'\0D+\0\0|F2s<\Z0\0:/\Z~Xn\0\0\0n:d<	y\0,]\0\0$B5@<pd7!jv~G@\0j`y)Fy-zF\0\0\0VR]LClYf2_w+\0ZdZ,yn=ZalWA\0\0\0N#;rCh<2?h7dYvgv\\\0`\0\0_O&UN;y05k1yVQG\0\0\0jx9rx:\rY`h0v\ni]\0\0E^j\0lP**<Orw* \0H[5o8#A0:9\r4Kp#3?aj}:*s.\0^{eMq>6TxRYy}FZ@\0\0j\n)V|p<Cj/v|eLn2\0\0\0++&\\&\0x\0\0\0\0\0\00\0\0 \0 \0\0@2\0\0	\0\0\0\0\0\0P\0\0\0\0\0\0\0\0P?v\0X\0\0@\0\0\0 Z\0\0 !Z\0\0@\0\0\0\0H\0\0$0\0\0$\n\0\0\0$\0\0\0\0\0\0@i\0\0 \0\0H\'\0(\0 \0`\0\0\0\0\0\0\0\0	\0\0$\n\0\0\0$\0\0\0\0\0\0@i\0\0 \0\0H \0\0H\0\0\0\0\0\0z\0?\0\0$\0$\0\0\0\0\0\0\0\0$\n\0\0\0$\0\0\0P\0\0\0\0@\0\0\0\00\0\0$\n\0\0\0$\0\0\0\0\0\0\0	\0\0\0\0\0PGZ\0\0 !\0 !V\0\0\0 !f\0\0\0@\0\0\0\0H\0\0$\n\0\0\0$\0\0\0\0\0	\0\0\0\0\0PGZ\0\0 !\0 !V\0\0\0 !f\0\0\0@\0\0\0\0H\0\0$0\0\0$\0\0\0@2\0\0@B\0\0\0@B\0\0\0@B0\0\0\0\0\0\0\0\0\0\0\0\0H\0\0\0H*\0\0 \0 \0\0\0\0\0\0!`\0\0H\0\0\0\0\0\0z\0?\0\0$\0$\0\0\0H!`\0\0H\0\0\0\0\0\0z\0?\0\0$\0$\0\0\0\0\0\0\0\0$\n\0\0\0$\0\0\0\0\0\0\0	\0\0	\0\0\0	\0\0\0I\0C\0\0-@\0\0-@\0\0 \0\0\0\0u\0\0b\0\0\n\0Z\0\0 Z\0\0 !V\0\0\0 !V\0\0\0 !V\0\0\0 \0` \0\0H \0\0H \0\0\0\0\0:\0\0	1\0\0I\0-@\0\0-@\0\0+\0\0\0 \0\0\0\0\0\0\0H(\0H\0\0\0C\0\0f\0\0\0\0-@\0\0R\0P\0@B@\0\0\0\0\0\0\0\0@B\0\0\0@R \n\0\0\0\n-@\0\0-@\0\0+\0\0\0+\0\0\0 \0\0\0\0\0\0\0H(\0H\0\0\0 \0\0\0\0c \0\0H\0\0\0H*\0D\0\0\0R\0\0\0\0b\0\0\0b\0\0\0\n\0\0 Z\0\0 !Z\0\0 !V\0\0\0@\0\0\0\0\0\0\0@\0\0\0\0\0\0\0@\0\0\0\0\0\0\0@\0\0\0\0\0\0\0@\0\0\0\0\0\0\0@\0\0\0\0\0\0\0\0\0\0\0\0\0\0\0\0\0\0\0\0\0\0\0\0\0\0\0\0\0\0\0\0\0\0\0\0\0\0\0\0\0\0\0\0\0@\0\0\0\0\0\0\0@\0\0\0\0\0\0\0@\0\0\0\0\0\0\0@\0\0\0\0\0\0\0@\0\0\0\0\0\0\0\0\0\0\0\0\0\0\0\0\0\0\0\0\0\0\0\0\0\0\0\0\0\0\0\0\0\0\0\0\0\0\0\0\0\0\0\0\0@\0\0\0\0\0\0\0@\0\0\0\0\0\0\0@\0\0\0\0\0\0\0@\0\0\0\0\0\0\0@\0\0\0\0\0\0\0@\0\0\0\0\0\0\0\0\0\0\0\0\0\0\0\0\0\0\0\0\0\0\0\0\0\0\0\0\0\0\0\0\0\0\0\0\0\0\0\0\0\0\0\0\0@\0\0\0\0\0\0\0@\0\0\0\0\0\0\0@\0\0\0\0\0\0\0@\0\0\0\0\0\0\0@\0\0\0\0\0\0\0@\0\0\0\0\0\0\0\0\0\0\0\0\0\0\0\0\0\0\0\0\0\0\0\0\0\0\0\0\0\0\0\0\0\0\0\0\0\0\0\0\0\0\0\0\0@\0\0\0\0\0\0\0@\0\0\0\0\0\0\0@\0\0\0\0\0\0\0@\0\0\0\0\0W%\0\0\0\0IENDB`','PNG\r\n\Z\n\0\0\0\rIHDR\0\0\0d\0\0\0d\0\0\0\0\0IDATxmLSWm]2K	oq3E6p/e#m~LX%.|Y|Jh&f/(o};nYyB{?ss.QgD`\0,\0X\0`,\0\0`,\0 \0X\0`,\0X\0`,E0t^Tlh+\rKiooG1kvK\'_8\n^]#1R(k] %H5t{({\r;THBY$C5P:D|t9!O[oRX\'Q$)\n7m	m!-Od;Nzys1S*XF/{	d=)KIg.\nL]c2FT\Zl\0,9KZRNF}##._Y\"Ce78cVe]b7mB#^Vr:X\0EwO\\a6_VZWd.2jx6l;GUYO?Pz.nFj//3Hj==Y^cE5\rnR xvd?pabu5PHh4ZmsO?*MaS6\n|cf)	NdglNDV_ycUHj:a=OxMe5\rN:_.f st-=kB>*260_[=[i^O\n`Ih^VOKk%Gy_KDf?\\l*2,02,{\\P.7eD*6z$^8,wnxa!\r`\0`\0.)O0TbaPc<k*`iPpX7,On9KL`BklI5ZHAKi-,hO8ja\r>N3$JrBIsy)Aj]XZ\nEr0\\8Hk((w]Y3|%Yw$J\"9k	Dce%CDY*Gu*3(\Z\".J\n(D@Y,Y&xP(r(	[u\0X\0`,\0	kT\0\0\0\0IENDB`',NULL,NULL,NULL,NULL),(22,'sys','mobileSplash_small.png','image/png',14855,'2013-12-14 18:15:36',1473,'PNG\r\n\Z\n\0\0\0\rIHDR\0\0\0\0\0\0\0^t\0\0\0tEXtSoftware\0Adobe ImageReadyqe<\0\09IDATxpSs\r	6%l @$;-N&wg:W?37_wsMi7$$M+@!ql,6	dI{alH\Zc|><zN\0\03F\0\0@\0\0@\0\0\0\0\0\0\0\0\0\0\0\0\0\0\0\00\0\00\0\00\0\0 \0 \0\0\0\0\0\0`\0\0`\0\0@\0\0@\0\0@\0\0\0\0\0\0\0\0\0\0\0\0\0\0\0\00\0\00\0\00\0\0 \0 \0\0\0\0\0\0`\0\0`\0\0@\0\0@\0\0@\0\0\0\0\0\0\0\0\0\0\0\0\0\0\0\00\0\00\0\00\0\0 \0 \0\0\0\0\0\0`\0\0`\0\0@\0\0@\0\0@\0\0\0\0\0\0\0\0\0\0\0\0\0\0\0\00\0\00\0\00\0\0 \0 \0\0\0\0\0\0`\0\0`\0\0@\0\0@\0\0@\0\0\0\0\0\0\0\0\0\0\0\0\0\0\0\00\0\00\0\00\0\0 \0 \0\0\0\0\0\0`\0\0`\0\0@\0\0@\0\0\0\0\0\0\0\0\0\0\0\0\0\0\0\0\0\00\0\00\0\0 \0 \0 \0\0\0\0\0\0`\0\0`\0\0@\0\0@\0\0\0\0\0\0\0\0\0\0\0\0\0\0\0\0\0\00\0\00\0\0 \0 \0 \0\0\0\0\0\0`\0\0`\0\0@\0\0@\0\0\0\0\0\0\0\0\0\0\0\0\0\0\0\0\0\00\0\00\0\0 \0 \0 \0\0\0\0\0\0`\0\0`\0\0@\0\0@\0\0\0\0\0\0\0\0\0\0\0\0\0\0\0\0\0\00\0\00\0\0 \0 \0 \0\0\0\0\0\0`\0\0`\0\0@\0\0@\0\0\0\0\0\0\0\0\0\0\0\0\0\0\0\0\0\00\0\00\0\0 \0 \0\0\0\0\0\0\0\0`\0\0`\0\0@\0\0@\0\0\0\0\0\0\0\0\0\0\0\0\0\0\0\0\0\00\0\00\0\0 \0 \0\0\0\0\0\0\0\0`\0\0`\0\0@\0\0@\0\0\0K40%^Yo#>?u0|t*G89}\0@{SxoI40q\r3Uvn61[_m9k,KR:<@Nb=++\r5l/GV\00qj|:~dK_|J%K\r8\r\0ow~=azkM;~O*0 (oi]7$DP`\0\\e`@	G\rnpC0@\0Hq~[?. oD?z{ohr\0w6uOcYG?YfGu`nU?r3eUGDYZcN0T\0N$GBY;%Dn/h^vs]\0>5kgy\"=.mCjHe\00FN/y6AG#ZCwY.Wme	\0,~Uo~bKqJonj=zKp?=/f\']\r|[nxcC`	}f\Zi/|~~O\06j+\r5z1d2]~7\"*%CCIK+u+Eyo>%+f\"Pb$`&i\0F-\0P`G2}K-5`\0Pxz`$};\Z /o~G?9UW,\r,R!WV7nE\0ovjCr$b_II_{_GV\0[FM9x5wBn(\r/``>sy2-5}?_~XKS4&\0\nG5I_,o,g\0P0R_i0\0P3Qog\r\0mqK)s$\0fTuK ~\Z y6b	3A )92Yhhf^m\0\na/{Kd\0P>os7\"]EA\0rH>{sy#ri[\\@JXX*t?\\s u+9\ZC<NmRg\0&\0y\0\0\0`q`4N5}##xhDfFF@:NH_{d&%\Z.0s|]E\'Y\Z\04Y\'X2ON5wGKZf3I_vX8Z9AyX00_5;bdkY{\'g7CC\0.od{`2DE:!\0@\0=S}/}\\N:00@g?vw\0,tekcqc[=u1pW0@\0?s~5N0@Q0%0[NdG7t9 #5?@,7[\rPL7,\"}SLXL|~gEz.-U_Gh4z\r<#igb\0|?Npj\rIBE``Va}KXy`7li>=+{$@\0..|(p~,gUcvJeJ\'ttl9{\07`(kY/Jv-}Gn$\'8yc_:00M7_[~\nK_6Cw4NXNFN#gj~?@aqPtWu{--UIzmM3?lu~G_~nh>.%$k~w2uUZc4lqx\\w~?lgnOq+\000=R;\"g\\VW\Zl,?r|\0Jm?o3HR[Nt6\ZO>@\02bC[\0<.#j^mCt>0\0S:xy~\'u{\r}d+\0G\\;_oZKuZY+wk.}Yk\00$PWCb<YtwS\r`fp00GEO\"iWeKU\0C9\"9p?y6i\00\rZ\\OP\0	{=5l9,%zIu0u*U7GWMHf\0P=!X[Puz#]oqi&}@A\rELhH[Ws K,>6Fy`\0\0`	\0 \0 \0\0\0\0\0\0`\0\0`\0\0@\0\0@\0\0\0\0\0\0\0\0\0\0\0\0\0\0\0\0\0\00\0\00\0\0 \0 \0 \0\0\0\0\0\0`\0\0`\0\0`&,\n!bH/W%9$#-,LiTsl=64oyDy0\'++[Qg3~|JKNT\'$ixN9J}uMeHxG4@\0ca^u^rWvE\Z_]|@e	cV\'Z%4i[]/9]we\00`^5{+:[>v@M	Mu.W~2[K\\\ZfV@Q8n{hfwiyVQU]e_>\Zs][ \r8p[w%ZmZf\0P\\mm+jP]t,g^s#IC\'46$PMk^{?q~[E&}L^uU`=x2 {$#Mt\'\0X:rhe4I&O2X@\0chv?,P2U^-Oc@nRW++V5j;nkXh\0@\0c=yo]cmO2,\\E\'cB;[5mZ3kY#]1\"\0U6Wye-c~K6/M%j31)<jZZL[`.\Z0\n^c5n*k*{v|-x*D,O-w@\0@nLYoK{f~Kz.g	A[NtMs>Z.b:K\Z\nknr&cmy\ny9;W7WRzVAOBCsB/\0-)}6RuSLx|K/+My\\3V:K7|3N2X0 3fdz@ObjamdeXbAV~uf&-ROde<in8H5HhyU~0fu[Y_9Jy)~6#d\n?eUbKY,swEsL/iPBQLZo]c+jE@uk\']AY55BoWEb4\Zv@xm\n\'-6.[/W7lin+r])g\'SgJ+y,X\"kA	{99?7N^~-{^tlTwu~[I^R\r(\'dw`b[/,cJ+;7>.z}{}5S3wqGs9R[L&q[ s#!#?5ejJ5/MWU=,LHjHm!gg9O=\nByK>v9\\)\\O\'tiDNv?(-;pLvR3Q(D\0,u&_:F\r+#DMRwe	jX$zt5>pO)+[QpvHX+?$W+/o@)7ef\ZF!+j@0NZNm.|&eN\nRGuJeq+R3q@-SY#JPPGZuu\"3Zh\\.3?j7|pmR\Z._\\htV/1,7MjChi|WOCM4[b{vO4)%PO3:9LL_qS]D9{A\0cP}+jpgHJZycDc<{X5k(!\Z3p%Ioj$}p[b/zEjg)=Y2>lsu7r%a`/Q-k7mv+o\0Vg|HvaIjtTdsEZr\rI\0_~r/*^pDQ^Wv>Hc=/|[zuQ;,.3=6e u{%!\"8.{cK&abDNE@\0c.eu4R	& /GM\nL2`IQ>}!kzIH\\>sTuR-KqUL`f3)dDT&>\'wfyTL&zt(QvwBw =B\n36\0k<H5Jd@dj4Mz5O.KN6a/Zlg{.\'Yc\0WGmS@d!Yn^CKoK\\%=itGoT`&pfH$<H:&IzeY}Ixt<VYmN)p%6O|TJawl#9gZ)-H~u7/ RT=IjtMR6[.9K}c@4E3?M~,>Ds\nXj)+ =rLWP`0:Vtn3BM4m,YmSE47/\'?9D5&J<ex38\"gcj^R9y6$1sfw?us<&).>Y5&StfV=~Xrfkt-Oje>yIIn&M=mz\n4j2vu}.oKilm/\0B#1CgxQf(FSI3Q)%\'RC\ZLo\Z$kn\rW>SUq)q&\nt?i]mdcIL^VR?7	-kIUvMM&j1Gg}c@ Ur`#\0B5aJ&\r5w	EZdRWj!&`\Zd|pNc9_|i(wcvwM^KI`ymJU2YRwH\noZ13`[o.*+A[mzDwr]-LRx9KxETK#&L9JcIdBj}5+B[hY/d637cb=3t)%76_zo;RsgYe@dTS:`:MjA)R@rjvqUez40fnrDoVVHS__5Mr6egw&>S}c:	k\ZfuTwIa>qyllL0,z85\rL?R?|uS(21W%}:.F.O(jE6dUn<g/&>jP*%Z-N!a$Ve3$W[S_OG9eH&H4^o>XJ,Xo/62\\x u/V1d7^Vu\r}H<s\0sj.NQj)G jgr24y\n)9\'M0&Nx\'mrsD?M?}=d0`@2NS9dG3u]	m_C\"-UTA1+r\']0n{JBS[g?z[N3Ekg\\Fa*T}uM=Wkfe9-[4G1G7~R\rZ0)F3H\ZuA}l(5BZce2d+U5=R X \'gjLRKO@\0c<scGLsqS-M&ycLGU4Ku.8{/%.Im<dX\0kHtHy,\'{TlrfP*:M&\Z%&\\%\\/U3&6[zq,eLs:CNa,[J~] 1o2|]32p5hVZ{0|{v;kteddg89>\']<.,r*mPo[sO\'+^5}d|r9=lX:NNV@R\Zsk=	/wd9M :0(02LQ+=Z|QH3<m`-\'\r&r7~R\r%;V$rMQj=-{_*M_rn!qm;J.[<{\nWo8j{@>jOO]QE&3f_9sgS??Xw\r(H}tjj<FcaXW_ux\\UW*B4FIHJL*mLM@%cI`,\ZTN;\rBxMF/K>~$.	H63\0Zt7Ky!M9z:9>\'T.n9.KyBE\'uwM6Suomr4IGu+riu{j-2L2rY\01YJaTCkgYtK)sy\'\\oy.ul\ZieQ<%5+g]#|B=%jDrmlrVYt\\6{\Z%9CK[`ZpMH4RgJ7eo}0>p!qR7J>0*+xW)%ZZz\"It6~5[-g_dLu^x.u.C\\^3lVd`W\'8<WLus]jyLu}vn \'\nZ\"Ckud\0Y67A\n%J{b77m|m{}?6v{\']kgf>k\reg3ZzW\"lR,&4|^5H8=}~mww7$E$?m{N_S2+k	WwlU\r_Cu	{\" 52F[2HO~2W7Zo]X||mH(0V|fr#/gojb3G6qp}349l}+yp?eYrUz:W:l\\QjY;UZ,s8JFScX(>\'[6p%|MvgmZW[NA$%kuweX	0[**5`\\O*U-+S\0K4Q<D3_+arx#cTWvC\\pyU+	wPcna\"u[ .t>xuIL\0sWyOO#He\"WrX]u*>~^-+k1rLQ-f(v8-+CuWHHg[zs=|6bcB\'$WHov-N-fe\0>{1/;\\6QM!;6/6Ztc]K?>y~4`%:aXx]Z[.-/S:ude0n~G_[WyieoIGj\',S7~3s>1&lp7128wV7dI-[umW>\\Vt[.9 1h_.GB%||C9\\n<4PB=uQ=n_U}bw8M\'ZSb{<cJnP^\"/NE*;noy+VL3/y*+pr5])JKglo\0`&9kCw%\0cFownNZbme?ze0z.-Z\0/;P-\Z]rYoU>i?/,DIdJ#u	K>%wqEJUy->~yvMov)L@cC1z:Z3@\\{r5>Hg135+Z\\V[3:/=*W[o5j2)++M!j/\r-uV+,N95E%?h9s\\GoI6ej<]P/fN?<<d\ZPvy);*62,%Y;.h}YXKty3Zh[r^9fM3RDKME\Zd|ShndW;JIVR.qr5k4:dL5?w\Zs@=6rTv^1jhcD;MnSI HAS3HN3&C\"Do3lzmI	\"-\ZD}6vI+K/)~4 G+HEe:aBJy\"Z,Ev~cjeg+i\0K}l?a*;q006pY;[>+R7\0XSRG-\rjzgM\nC^p|Y2X)4.w1Uj\"/n`~\00`-wIQ\n[Z@\0J}i\r\0t7%.\0\nAXX9;A_\005*o3d`\00g2v|vM~@\0N\ZSg\\x<9:|ct>(#BoqXm<g\09a.h,\nW:m5\n}436b,nOwm R3aL7&\"9.\0\0 ,\0\0`\0\0`\0\0@\0\0@\0\0\0\0\0\0\0\0\0\0\0\0\0\0\0\0\0\00\0\00\0\0 \0 \0\0\0\0\0\0`\0\0`\0\0`\0\0@\0\0@\0\0\0\0\0\0\0\0\0\0\0\0\0\0\0\0\0\00\0\00\0\0 \0 Q8]s\0>SwZ&$|pM$X2h)\0sm\\:u?s!2u&E<y?%4\0f6]M<FsRY/\0p!Vn>XOF\'U/X0i\0\0<u[Q..>E0y$1*\0.%\'\\-#gbvHX\'pB\0h\0O\\w:ZycHJ@\0KB.qe$+# /\0]M/!T~<ZJh\"K]E&s%tK`D>V%2\0TaSc/\"iq,u)\0VjtE	$S] c&N$G(:R\"G{od*c\06}f`FKKDr2Nm\0.fDZ/}0T\0\Z=vnj\0Vw.f>:=k8l\\\0\\\0z;w1%I<1w	2U\ncb\0)H`U]?q}\0A\0K,nXo3bojJ^ \0f1%}{{[`E/JrbK\0\Z6]rx.\'8\0\nD/H q#)L+^ WFhb eXAX-\0XN:fL-u\nb$16:7evup$KA`|\0t})5bRaLSsPzP-uom5YCA,* Z 0P\nb\0E6X+*``NC,\0\nD22%Z.ujk]=^MiTA140\n_^%o5``&ZK/|+uo%Qmi`nn+3:oyi4!3\00\n%	``&wFAL40[8eZI	@%#1;Gi=`A%Q5\r1s$&+\ZOcZ8J4PxKKRF[hF`$0}_cBX2<\rqK]_^3,2	&$a\ZM_]|H	m4,H0\\\Z%`	h^`\'h%=ZX:,vnNM&% z\nfI\0&RI\Z%8bt8O;hp\0S:824Gg	dKvWjw\ZX`<.yI?- In\'\0K\0 $&1/s8N,~7i$Jcn+qR}!0GwIb-)1)	P`#dhH*c-l`U;z=@\0e4ntPH10%R-\0? _\"w((=Tx/%5&aL5\ne[_16f\0~c G\ne0Wan3rD>_[0WqC+O%\0/+9j$\naL/Rn`0&|[J%\0@x8fqlXP[6^y3;xI\0KDa#1_Hi[Ft3WG6\0hrx~!Xv]cUD_HV_cf\Zq+2iEDbHbcXur85/f4iFgz\'Ws\rbt\Z&Odl\\HG]FUUizLR6.QN#*:0*;Tw[/(NQRlc)$Q-RL\0\0PX\\\0\0P\0@\0\00]\0\0P\0@\0\0\"0]\0\0P\0@\0\0\0\0\\\0\n\0\0\0\0)\0`X\0`*`\0Y`F+\0\00H_\0\0f&\0\0`qT\\\0`Q\0\0\0\0,\0f&,\0\0\0 \0@.h\0\0\0 \0@.h\0\0\0 \0@.h\0\0\0 \0\0\0	`\0@\0\0\0\0tA\0@\0\0\0\0tA\0@\0\0\0\0:]\0\0P\0@\0\0\0\0\\\0\n\0\0\0\0)\0\n\0\0\0\0)\0\n\0\0\0\0)\0\n\0\0\0\0\0\0,\0\Z0\0\0T\0\0,\0\n\0\0x\0S\0\0@\0\"	`J`\0\0f>\r\0\00\0\00\0\0(R\0\r\0\00\0\00\0\0 \0X85`\0\0\0X\0\0BL4\0\0T\0\0\0\0,\0\Z\0\0*`\0\0`\0\0P\0\Z\0\0*`\0\0`\0\0@\0\0pk\0\0P\0@\0\0\"0]\0\0P\0h\0\0`\0\0`\0\0@\0\0@\0\0\0\0\0\0\0\0\0\0\0\0\0\0\0\0\0\00\0\00\0\0 \0 \0\0\0\0\0\0`\0\0`\0\0`\0\0@\0\0@\0\0\0\0\0\0\0\0\0\0\0\0\0\0\0\0\0\00\0\00\0\0 \0 \0\0\0\0\0\0`\0\0`\0\0`\0\0@\0\0@\0\0\0\0\0\0\0\0\0\0\0\0\0\0\0\0\0\00\0\00\0\0 \0 \0\0\0\0\0\0`\0\0`\0\0`\0\0@\0\0@\0\0\0\0\0\0\00\0w0ar\0\0\0\0IENDB`','PNG\r\n\Z\n\0\0\0\rIHDR\0\0\0d\0\0\0d\0\0\0\0\0IDATxkLW\nEt	 \Zh/MClR?\rI?6 @bD*$XR(+J vgwzgrN;o;h@[1\0a!,Ba!,\"@Xa!,BXa!,BXa!,U2Iky]:riSOvoN.2{qfL\"{KTJl\n:z*U1L=Pc)/0GR:?g.2bLtnYBA~\'H5{t* EXfnLtb9V2),M%+\'_[BcS&/4+^\"\"ma=Q=rg?Z&bT(X\"q2L\rP4\\AXsV@^;eblX<c6-<;Y)w&y&6WjTI\r`K6tbcenv\njuEF*IvMwn}\"m,T`!\0&UYqYRitnu{Si9]:3\nZJ&X(CC!{MFxFnE/#QRWcB\no{}\'`wB]R\'hc<Fgc><YK)|x1DGI?LS}qMaZD}cuuF=v_;7/sUk&=!&5;UAJR]-DK	#C}TOh{BZm>9-G:\\\rUsQQE_b1SM\rtHad/t,ml\\NU\Z%j!){\0e>mM}7]r6Z7;x:t2qk~=_K,J$BWpyE<YBe<M\0cl\ZA\Za!,	^IFJ~W`L\0f`D^y#3v9X*(@oE\\l=8.7ZML9Ps5`d((9VIS4 Y)w!#7$|Rs<X ?;>ZEchu5NvQ\'tJMlz!2wCV^e$ia>XqW(kIT8S((DXUp<\'X%qOA`(exbe!\'aBey<#,CCC\n,L1}[BXha!,PF\0\0\0\0IENDB`',NULL,NULL,NULL,NULL),(23,'sys','next.gif','image/gif',542,'2013-12-14 18:15:36',542,'GIF89a\0\0H\0^#e%h&l&m)n+o+s.v0w1w1|3}4~5~66;;=@A_RFFc^IgKKbkbPQ\\l\\QRgPRSTk^ffq!Created with The GIMP\0!\n\0\0,\0\0\0\0\0\0\0b=:F<+7E;#.4A */%)-0?$.2C\n(,,9\0\r1D\Z!\'@5	\">6&B83G\0;','GIF89a\0\0H\0^#e%h&l&m)n+o+s.v0w1w1|3}4~5~66;;=@A_RFFc^IgKKbkbPQ\\l\\QRgPRSTk^ffq!Created with The GIMP\0!\n\0\0,\0\0\0\0\0\0\0b=:F<+7E;#.4A */%)-0?$.2C\n(,,9\0\r1D\Z!\'@5	\">6&B83G\0;',NULL,NULL,NULL,NULL),(24,'sys','noPicture.gif','image/gif',2141,'2013-12-14 18:15:36',2141,'GIF89a<\06\0\0\Z !&(%)+(/1.2319:8<>;=?<>@=@A?ACABDACEBLGFEJLIJHJKILNKMRTRTQRWYXVZWYVZ\\Y_ZYZ_a_]`[`bg\\\\j[bd_^]bdac`cebchjhjglixkmjnlpjnqmoloqnmqpqzpptrvrtqkrtvszut{y}|{sz|yzy|~{}~~guzWarr^/mq]\0\0\0\0\0\0\0\0\0\0\0\0\0\0\0\0\0\0\0\0\0\0\0\0\0\0\0\0\0\0\0\0\0\0\0\0\0\0\0\0\0\0\0\0\0\0\0\0\0\0\0\0\0\0\0\0\0\0\0\0\0\0\0\0\0\0\0\0\0\0\0\0!\n\0\0,\0\0\0\0<\06\0\0\0	H*\\~,*P:Z%KXoC\"U(SdHp*8kdKvedSQ7QSLy*U*RIg4JZSy\n(m3QdVpDE*Cfn5[+[HgUe8Y>ti,eUW$C1ldjK\ZRdCsd\'>%1dAojY_k933gR5L}w:%*rNAAF([&.-d\'b8&O!BQM!*c0F^0\'9s^\'ybPXp@8A5\n*yf C#BFX 	,P@@dAI\'8XC<SP$#+$\0D$p	&-\Z4tB%pe`\r*x\n6B0\n!6\'$D @|d\"I&`CA\nX DL(}B@Ii\0u\Z\Zl	D(bl\nM \'~Ad`AZC\'#AQQ^&\nI1F4<,(Q\rA:B2V(f|3y\n!j01DC0	e((WY7qH%\Z$K#LABxM\nfePX`6D$DL,B\rv&L&g\Z[5s**%fb\n, M.llXh!3D+!!G	o&B\n^(Mj70bI6=qhSM8P8tAd|E\"S\r18q\"Ay-e!21\"\ZF0PAASP!NBNb		M88T$Q9Hga.b	N\'	$LCQt zPD!2A@D\nT\0M<	*D&VAp>! PaIp{ \'JQmbXCL,+Q>7{2NsS	!<*Hpt\"_q#=aB\rD@?	-Et y6p%,2$0IUyr\r(`eL\ZF2|a~l|Q\n0(JK2!E;%?T\046x37f@eR$+!-(4\rHG\Z\0\0;','GIF89a<\06\0\0\Z !&(%)+(/1.2319:8<>;=?<>@=@A?ACABDACEBLGFEJLIJHJKILNKMRTRTQRWYXVZWYVZ\\Y_ZYZ_a_]`[`bg\\\\j[bd_^]bdac`cebchjhjglixkmjnlpjnqmoloqnmqpqzpptrvrtqkrtvszut{y}|{sz|yzy|~{}~~guzWarr^/mq]\0\0\0\0\0\0\0\0\0\0\0\0\0\0\0\0\0\0\0\0\0\0\0\0\0\0\0\0\0\0\0\0\0\0\0\0\0\0\0\0\0\0\0\0\0\0\0\0\0\0\0\0\0\0\0\0\0\0\0\0\0\0\0\0\0\0\0\0\0\0\0\0!\n\0\0,\0\0\0\0<\06\0\0\0	H*\\~,*P:Z%KXoC\"U(SdHp*8kdKvedSQ7QSLy*U*RIg4JZSy\n(m3QdVpDE*Cfn5[+[HgUe8Y>ti,eUW$C1ldjK\ZRdCsd\'>%1dAojY_k933gR5L}w:%*rNAAF([&.-d\'b8&O!BQM!*c0F^0\'9s^\'ybPXp@8A5\n*yf C#BFX 	,P@@dAI\'8XC<SP$#+$\0D$p	&-\Z4tB%pe`\r*x\n6B0\n!6\'$D @|d\"I&`CA\nX DL(}B@Ii\0u\Z\Zl	D(bl\nM \'~Ad`AZC\'#AQQ^&\nI1F4<,(Q\rA:B2V(f|3y\n!j01DC0	e((WY7qH%\Z$K#LABxM\nfePX`6D$DL,B\rv&L&g\Z[5s**%fb\n, M.llXh!3D+!!G	o&B\n^(Mj70bI6=qhSM8P8tAd|E\"S\r18q\"Ay-e!21\"\ZF0PAASP!NBNb		M88T$Q9Hga.b	N\'	$LCQt zPD!2A@D\nT\0M<	*D&VAp>! PaIp{ \'JQmbXCL,+Q>7{2NsS	!<*Hpt\"_q#=aB\rD@?	-Et y6p%,2$0IUyr\r(`eL\ZF2|a~l|Q\n0(JK2!E;%?T\046x37f@eR$+!-(4\rHG\Z\0\0;',NULL,NULL,NULL,NULL),(25,'sys','pending.gif','image/gif',607,'2013-12-14 18:15:36',607,'GIF89a\0\0e\0S\0]a\0b\0c\0cg\0h i m\0\0\0~@\0\0P\0\0\0`\0\0\0\0p\0\0\0`\0\0\0\0\0\0\0\0\0\0\0\0\0\0\0\0\0\0\0\0\0\0\0\0`\0@\0\0\0\0\0\0\0\0\0\0`\00\0p\0\0P\0\0\0\0\0\0\0\0\0\0p\0\0\0\0\0\0\0` @ !Created with The GIMP\0!\n\0\0,\0\0\0\0\0\0\0\0\0_\0VF\0_$9\Z$dH1\"da/!I	^Y-G&`W+C@bZT\'B=,7\\XRNEA:4c[UP>.?83*\0K]YSO#x\"\"Q0Qc\Z0P\0\0\0	E3j$UP \0;','GIF89a\0\0e\0S\0]a\0b\0c\0cg\0h i m\0\0\0~@\0\0P\0\0\0`\0\0\0\0p\0\0\0`\0\0\0\0\0\0\0\0\0\0\0\0\0\0\0\0\0\0\0\0\0\0\0\0`\0@\0\0\0\0\0\0\0\0\0\0`\00\0p\0\0P\0\0\0\0\0\0\0\0\0\0p\0\0\0\0\0\0\0` @ !Created with The GIMP\0!\n\0\0,\0\0\0\0\0\0\0\0\0_\0VF\0_$9\Z$dH1\"da/!I	^Y-G&`W+C@bZT\'B=,7\\XRNEA:4c[UP>.?83*\0K]YSO#x\"\"Q0Qc\Z0P\0\0\0	E3j$UP \0;',NULL,NULL,NULL,NULL),(26,'sys','permissions.gif','image/gif',1061,'2013-12-14 18:15:36',1061,'GIF89a\0\0\0WXY*Y[\\] _!`!a\"c#f8x\nX\rY;[\\24ag9cj\Zk@ #%%&&MJ-./p66NOP\\!Created with The GIMP\0!\n\0\0,\0\0\0\0\0\0\0\0	\r\'OI4+d!\"GC\r-Z%,fQCEGxPr(jhs\nX\Z&pg \")5&|<xcL4Kw.2(h0Ejtq\nA(\'2VHp8*R()	($@rXA+XRG\'Bp`h#$@p@\0`_@\0;','GIF89a\0\0\0WXY*Y[\\] _!`!a\"c#f8x\nX\rY;[\\24ag9cj\Zk@ #%%&&MJ-./p66NOP\\!Created with The GIMP\0!\n\0\0,\0\0\0\0\0\0\0\0	\r\'OI4+d!\"GC\r-Z%,fQCEGxPr(jhs\nX\Z&pg \")5&|<xcL4Kw.2(h0Ejtq\nA(\'2VHp8*R()	($@rXA+XRG\'Bp`h#$@p@\0`_@\0;',NULL,NULL,NULL,NULL),(27,'sys','permissions_gray.gif','image/gif',1053,'2013-12-14 18:15:36',1053,'GIF89a\0\0<\0\0\0\0			\n\n\n\r\r\r\Z\Z\Z   !!!\"\"\"###$$$%%%&&&\'\'\'((()))***+++,,,---...///000111222333444555666777888999:::;;;<<<===>>>???@@@AAABBBCCCDDDEEEFFFGGGHHHIIIJJJKKKLLLMMMNNNOOOPPPQQQRRRSSSTTTUUUVVVWWWXXXYYYZZZ[[[\\\\\\]]]^^^___```aaabbbcccdddeeefffggghhhiiijjjkkklllmmmnnnooopppqqqrrrssstttuuuvvvwwwxxxyyyzzz{{{|||}}}~~~!Created with The GIMP\0!\n\0\0,\0\0\0\0\0\0\0\0	g\Z_vI7a=cz\r,X;&_{)YnkHOV;U=ujHISzr7PVT!D+[f-%0V3npU,Iw/2[N	taJ~k.ZXVuS$uZ22%\nYFM\Z4g)c\0;','GIF89a\0\0<\0\0\0\0			\n\n\n\r\r\r\Z\Z\Z   !!!\"\"\"###$$$%%%&&&\'\'\'((()))***+++,,,---...///000111222333444555666777888999:::;;;<<<===>>>???@@@AAABBBCCCDDDEEEFFFGGGHHHIIIJJJKKKLLLMMMNNNOOOPPPQQQRRRSSSTTTUUUVVVWWWXXXYYYZZZ[[[\\\\\\]]]^^^___```aaabbbcccdddeeefffggghhhiiijjjkkklllmmmnnnooopppqqqrrrssstttuuuvvvwwwxxxyyyzzz{{{|||}}}~~~!Created with The GIMP\0!\n\0\0,\0\0\0\0\0\0\0\0	g\Z_vI7a=cz\r,X;&_{)YnkHOV;U=ujHISzr7PVT!D+[f-%0V3npU,Iw/2[N	taJ~k.ZXVuS$uZ22%\nYFM\Z4g)c\0;',NULL,NULL,NULL,NULL),(28,'sys','preview.gif','image/gif',366,'2013-12-14 18:15:36',366,'GIF89a\0\0?\0\0\0\0/>N.@T9IZ9MZJLJ9QcBMcBQkAVeZqZqZususc}c}cckkkkks{{!\n\0?\0,\0\0\0\0\0\0\0P(T2PX,@42)[a*tx`F Em	$t>8xB\0)\"$~95wJ\0-{\"}3%?*#2{lm\r&,(\Zm\0DTFG??\0+\'TSA\0;','GIF89a\0\0?\0\0\0\0/>N.@T9IZ9MZJLJ9QcBMcBQkAVeZqZqZususc}c}cckkkkks{{!\n\0?\0,\0\0\0\0\0\0\0P(T2PX,@42)[a*tx`F Em	$t>8xB\0)\"$~95wJ\0-{\"}3%?*#2{lm\r&,(\Zm\0DTFG??\0+\'TSA\0;',NULL,NULL,NULL,NULL),(29,'sys','previous.gif','image/gif',542,'2013-12-14 18:15:36',542,'GIF89a\0\0H\0^#e%h&l&m)n+o+s.v0w1w1|3}4~5~66;;=@A_RFFc^IgKKbkbPQ\\l\\QRgPRSTk^ffq!Created with The GIMP\0!\n\0\0,\0\0\0\0\0\0\0bF:=E7+<A4.#;?0-)%/* C2.$9,,(\nD1\r\0@\'!\Z>\"	5B&6G38\0;','GIF89a\0\0H\0^#e%h&l&m)n+o+s.v0w1w1|3}4~5~66;;=@A_RFFc^IgKKbkbPQ\\l\\QRgPRSTk^ffq!Created with The GIMP\0!\n\0\0,\0\0\0\0\0\0\0bF:=E7+<A4.#;?0-)%/* C2.$9,,(\nD1\r\0@\'!\Z>\"	5B&6G38\0;',NULL,NULL,NULL,NULL),(30,'sys','print.gif','image/gif',1721,'2013-12-14 18:15:36',1721,'PNG\r\n\Z\n\0\0\0\rIHDR\0\0\0\0\0\0\0\0h\0\0\0tEXtSoftware\0Adobe ImageReadyqe<\0\0diTXtXML:com.adobe.xmp\0\0\0\0\0<?xpacket begin=\"\" id=\"W5M0MpCehiHzreSzNTczkc9d\"?> <x:xmpmeta xmlns:x=\"adobe:ns:meta/\" x:xmptk=\"Adobe XMP Core 5.0-c060 61.134777, 2010/02/12-17:32:00        \"> <rdf:RDF xmlns:rdf=\"http://www.w3.org/1999/02/22-rdf-syntax-ns#\"> <rdf:Description rdf:about=\"\" xmlns:xmpMM=\"http://ns.adobe.com/xap/1.0/mm/\" xmlns:stRef=\"http://ns.adobe.com/xap/1.0/sType/ResourceRef#\" xmlns:xmp=\"http://ns.adobe.com/xap/1.0/\" xmpMM:OriginalDocumentID=\"xmp.did:8C7BB47ADB69E011910CA28F37913800\" xmpMM:DocumentID=\"xmp.did:2B010B4069DD11E0864E8F881E47E1D9\" xmpMM:InstanceID=\"xmp.iid:2B010B3F69DD11E0864E8F881E47E1D9\" xmp:CreatorTool=\"Adobe Photoshop CS5 Windows\"> <xmpMM:DerivedFrom stRef:instanceID=\"xmp.iid:8D7BB47ADB69E011910CA28F37913800\" stRef:documentID=\"xmp.did:8C7BB47ADB69E011910CA28F37913800\"/> </rdf:Description> </rdf:RDF> </x:xmpmeta> <?xpacket end=\"r\"?>E\0\0IDATxb?0311422j F_r @\"u~3~|dX@p=0yo?\00o\\\\\\,;wd\0} O|vv[A `xWFIA\\<^>sK<gH2i3Ob`3lsf\0:\0~{`pL\rE3Ycb`fbhLLL[?DY_}e`gaNKK;\0\nO\nc}63g|w><#^z\0 8x\Z{<y	i\'011AB?###tSF P	|L 9 h?HuF@\"}:}%\0\'?~-wY`\"JRs0	f?~c\'p~*Xf\\KbbbSNe dgg3saIwY)\\W]],`bb\ZEDD9 ((`jj\0L,HcgX(:-ZfG0YGGAHHdcrrL,i05/Hl~s22PJ\0\0 JT7LW\0\0\0\0IENDB`','PNG\r\n\Z\n\0\0\0\rIHDR\0\0\0\0\0\0\0\0h\0\0\0tEXtSoftware\0Adobe ImageReadyqe<\0\0diTXtXML:com.adobe.xmp\0\0\0\0\0<?xpacket begin=\"\" id=\"W5M0MpCehiHzreSzNTczkc9d\"?> <x:xmpmeta xmlns:x=\"adobe:ns:meta/\" x:xmptk=\"Adobe XMP Core 5.0-c060 61.134777, 2010/02/12-17:32:00        \"> <rdf:RDF xmlns:rdf=\"http://www.w3.org/1999/02/22-rdf-syntax-ns#\"> <rdf:Description rdf:about=\"\" xmlns:xmpMM=\"http://ns.adobe.com/xap/1.0/mm/\" xmlns:stRef=\"http://ns.adobe.com/xap/1.0/sType/ResourceRef#\" xmlns:xmp=\"http://ns.adobe.com/xap/1.0/\" xmpMM:OriginalDocumentID=\"xmp.did:8C7BB47ADB69E011910CA28F37913800\" xmpMM:DocumentID=\"xmp.did:2B010B4069DD11E0864E8F881E47E1D9\" xmpMM:InstanceID=\"xmp.iid:2B010B3F69DD11E0864E8F881E47E1D9\" xmp:CreatorTool=\"Adobe Photoshop CS5 Windows\"> <xmpMM:DerivedFrom stRef:instanceID=\"xmp.iid:8D7BB47ADB69E011910CA28F37913800\" stRef:documentID=\"xmp.did:8C7BB47ADB69E011910CA28F37913800\"/> </rdf:Description> </rdf:RDF> </x:xmpmeta> <?xpacket end=\"r\"?>E\0\0IDATxb?0311422j F_r @\"u~3~|dX@p=0yo?\00o\\\\\\,;wd\0} O|vv[A `xWFIA\\<^>sK<gH2i3Ob`3lsf\0:\0~{`pL\rE3Ycb`fbhLLL[?DY_}e`gaNKK;\0\nO\nc}63g|w><#^z\0 8x\Z{<y	i\'011AB?###tSF P	|L 9 h?HuF@\"}:}%\0\'?~-wY`\"JRs0	f?~c\'p~*Xf\\KbbbSNe dgg3saIwY)\\W]],`bb\ZEDD9 ((`jj\0L,HcgX(:-ZfG0YGGAHHdcrrL,i05/Hl~s22PJ\0\0 JT7LW\0\0\0\0IENDB`',NULL,NULL,NULL,NULL),(31,'sys','quickAccess_accountInfo.png','image/png',3852,'2013-12-14 18:15:36',3852,'PNG\r\n\Z\n\0\0\0\rIHDR\0\0\00\0\0\00\0\0 \0\0\0tEXtSoftware\0Adobe ImageReadyqe<\0\0IDATxb?6>!\"8_w0y$f&U+_uc&*b\"_}g;D2E@a\0bWo`Cdfff`dxSA?uWz\Z^x_>2Loi:Kxx*PW#ih\0q0|/+[0!a\n\\rX1GDHd,\\a!l?+._q?oe$8qWc\ZMg`Qd@D0M4i\'10Qjl\n.b\0/O$\0/f0zo\"ko	00u\rG,]b`Pd{CPp8}b557nq>1H	pL>10c,E\"+B;e3b\rL@MaP7?~0(+F2a3o_*#?c0pp3H0H0(,x0-C_1DEEaMTf,IG 	m\"\nnv7$M?T\ZJ?H/B+BA\"A7aQxP\ZD\"bmu7]&MUS=vyofsiK(e}KAE(;q\rQ@gW>_0\Zdr x~|utM,<3j:\\MV\\OS<h$aA\r*(2|KS{?/obQaW=L&S-f%<E55\\3x%z18@N=<rB/Y,AdY-DI1y*gFCTD3\'nCOFF+E.27&u6\r~Hh=n:-PH7AEJBxm3sDm&\0AJRmCb\\[S\'?p~}5O>$t]4\r\\dG#b>kq;KgR#?^RG\0%(*\nhY\n1Ae\n\r\Zu	Rw0Vcb\"hL$jLPXDQ\n:*B&w:o;s\"5y*zmmmDn4HfH\Zs!iQTM\")+]3SFR\rr&4BM(E5Ptg2`#_\"wBif3Xf%Z;D]dFos#$\\rF!;NlS))Rc&a$d?gN]AwIN}#1}-_zj`I;:k#sOy9l=7At`4eJib8dAHGZ W/ehCMa[QsHRQb	&8<<kD}fK<E14!_0[w	8\nHH<YK;&[`\"Ga^Q1RQ_@,g1\"?{YSNgPWW\'w^oo/B*}D(\Z2NHQ1\'!FJqg**vN<xP(\0vYtP@t8qS_zq,-<_NN|?!Vy[Lx@B>:$]4rzS<x\\\0QIH6\ZlA\\<Rpu(0M);(/.=7UWW;)rU?ye p]3jDrMV)INHI[Y.2tG4Zq4;r{kq^e>^dxrIjX%TJ-zJzJi ]f	{Rkf%@sVT{vmus\"2cb/MDD3A	A:\r{{nov+$oo=x,:.ZCb1Z0D!-~l(Iu<&Oy??yuxL4n(ED>\ntL$K~FMu;Ku2$})b@e]1uN=M1sKx~zOv(9yn#|S\\gP\"PzP;h)gQ2h[a(hTo(6eT7 <&\0!AqW9B	(w	K;\0{QIfl*`E.;Wmzq;5jjl2QX82/{}@Y`!:qo#P@$siT%FS_?AD\'Yv${GI\n,\rGqe|Rp=q5K^LvM	fIp@`\"G_uI3XgLp)r2<xu2bi\\bx\rl,Y#OZUv^CqqN((x:gXfp\n..`LBkJ/B8X)$81 dY\n`Zp8eBv) {;>((-Db\'r\'<q<GfYTiF}}C$d@\nl0E(310D\"lvCFLepZb`Gb\n2ah(O+K(IE!#X 1zXrbDFY2rjrxL>y4vBjS`g\nj\rC>97~:GY:)Qh\Ztf;{WC^:Uu+.E\"C.q\nFAYSk\"^*e$4=jj)^W\"]v	-6olMUd\rI#ma-j%n^tx15?y\Zv7qz[]/_oiV%+<>.us,rrxv^qvwv*.^8j)`q;037V}@McOC6 XQ\'	\0\0UVz}y.W(ZmkQ%\ZBkJsAjFG#w/744aM$fUhDD]7T~@&~,\riUDXqAB)`Me\nIC;zhH\"q(~>Xj%XeF\0\0\0\0IENDB`','PNG\r\n\Z\n\0\0\0\rIHDR\0\0\00\0\0\00\0\0 \0\0\0tEXtSoftware\0Adobe ImageReadyqe<\0\0IDATxb?6>!\"8_w0y$f&U+_uc&*b\"_}g;D2E@a\0bWo`Cdfff`dxSA?uWz\Z^x_>2Loi:Kxx*PW#ih\0q0|/+[0!a\n\\rX1GDHd,\\a!l?+._q?oe$8qWc\ZMg`Qd@D0M4i\'10Qjl\n.b\0/O$\0/f0zo\"ko	00u\rG,]b`Pd{CPp8}b557nq>1H	pL>10c,E\"+B;e3b\rL@MaP7?~0(+F2a3o_*#?c0pp3H0H0(,x0-C_1DEEaMTf,IG 	m\"\nnv7$M?T\ZJ?H/B+BA\"A7aQxP\ZD\"bmu7]&MUS=vyofsiK(e}KAE(;q\rQ@gW>_0\Zdr x~|utM,<3j:\\MV\\OS<h$aA\r*(2|KS{?/obQaW=L&S-f%<E55\\3x%z18@N=<rB/Y,AdY-DI1y*gFCTD3\'nCOFF+E.27&u6\r~Hh=n:-PH7AEJBxm3sDm&\0AJRmCb\\[S\'?p~}5O>$t]4\r\\dG#b>kq;KgR#?^RG\0%(*\nhY\n1Ae\n\r\Zu	Rw0Vcb\"hL$jLPXDQ\n:*B&w:o;s\"5y*zmmmDn4HfH\Zs!iQTM\")+]3SFR\rr&4BM(E5Ptg2`#_\"wBif3Xf%Z;D]dFos#$\\rF!;NlS))Rc&a$d?gN]AwIN}#1}-_zj`I;:k#sOy9l=7At`4eJib8dAHGZ W/ehCMa[QsHRQb	&8<<kD}fK<E14!_0[w	8\nHH<YK;&[`\"Ga^Q1RQ_@,g1\"?{YSNgPWW\'w^oo/B*}D(\Z2NHQ1\'!FJqg**vN<xP(\0vYtP@t8qS_zq,-<_NN|?!Vy[Lx@B>:$]4rzS<x\\\0QIH6\ZlA\\<Rpu(0M);(/.=7UWW;)rU?ye p]3jDrMV)INHI[Y.2tG4Zq4;r{kq^e>^dxrIjX%TJ-zJzJi ]f	{Rkf%@sVT{vmus\"2cb/MDD3A	A:\r{{nov+$oo=x,:.ZCb1Z0D!-~l(Iu<&Oy??yuxL4n(ED>\ntL$K~FMu;Ku2$})b@e]1uN=M1sKx~zOv(9yn#|S\\gP\"PzP;h)gQ2h[a(hTo(6eT7 <&\0!AqW9B	(w	K;\0{QIfl*`E.;Wmzq;5jjl2QX82/{}@Y`!:qo#P@$siT%FS_?AD\'Yv${GI\n,\rGqe|Rp=q5K^LvM	fIp@`\"G_uI3XgLp)r2<xu2bi\\bx\rl,Y#OZUv^CqqN((x:gXfp\n..`LBkJ/B8X)$81 dY\n`Zp8eBv) {;>((-Db\'r\'<q<GfYTiF}}C$d@\nl0E(310D\"lvCFLepZb`Gb\n2ah(O+K(IE!#X 1zXrbDFY2rjrxL>y4vBjS`g\nj\rC>97~:GY:)Qh\Ztf;{WC^:Uu+.E\"C.q\nFAYSk\"^*e$4=jj)^W\"]v	-6olMUd\rI#ma-j%n^tx15?y\Zv7qz[]/_oiV%+<>.us,rrxv^qvwv*.^8j)`q;037V}@McOC6 XQ\'	\0\0UVz}y.W(ZmkQ%\ZBkJsAjFG#w/744aM$fUhDD]7T~@&~,\riUDXqAB)`Me\nIC;zhH\"q(~>Xj%XeF\0\0\0\0IENDB`',NULL,NULL,NULL,NULL),(32,'sys','quickAccess_contacts.png','image/png',3101,'2013-12-14 18:15:36',3101,'PNG\r\n\Z\n\0\0\0\rIHDR\0\0\00\0\0\00\0\0\0W\0\0\0gAMA\0\0a\0\0\0sRGB\0\0\0\0 cHRM\0\0z&\0\0\0\0\0\0\0\0\0u0\0\0`\0\0:\0\0pQ<\0\0\0bKGD\0\0\0\0\0\0C\0\0\0	pHYs\0\0\na\0\0\naJ%\0\0\0	vpAg\0\0\00\0\0\00\0W\0\0	IDATh[]Ukt\nBN<0%MI$6\n!hHDHx$ jB	iSI;-e`.3g_}fzy~{.k&\\kqm5H\0*>4\'N(\"]D<\0c(K>3yeA)9\r$	BHcLx2RvFqKcFP4$\\(<1\rc4bu\"ye.~\"Z)l[8:e\rT?tBZ&_GC\n4YGhY(vi|^WDEsoo;s1:hJP@)\nK),0*H`p18V:.\n\nb\",70kf^`iiilR -=JaY{U^ueI1C>I~T1R8!-F\r)\"<BL.XZx|bO?Ba!#\0|1>>pjwu.g}9YU=5p)r\"fC>Apq4Z`aCCC%%<	+uR\nKSXqJKG0]DU&IcZS\'\n$6RP[ 0=4z(;G,TIh|u|5PBRE#`KPI[`p\0k(eD\\Oj(~bi#:`i%,w\rK<.\0#[lpRdsUn-q\n{{<_(4sh5h+)oCV	Ke^|sCe=0\"	+n`@\'V,ySp:\\7X}}9Y[hUo\ZZ&A1`it9nz7{a7V;1:c(d5FL\\\r`i&\"Y<,lE!\n[	Ags~nEzfTjtwZt\0o_Fg0:k0hwME4)h)UK+<QQ})Os#Evf_5/g\nMp*no(S<80X hw:T}<34!&W1OAei<m`lyXJaql@.l\0=7\rr=\"\r}s1=(\0X_RG;6mc,m~\\\ZwSe@k)) rM4k6\0U4vyjD5%mm[h+Y,C_1@&Pjojxk_)8.2uOY:3K.\n\0On@,gBMNbJ%m~RhK-;VYgq~0(ufXXB#T[CXci`PiLxXU0v[Mmz(a,>(%>nu:kI*-1+Et1c M\Z\r)3MT{~Sq4s>mi@bRc7D(d=LU1 UN\\jJW]h7,7oah4qNcM&MWIijAA~gSk[*js$35TcSFQ@wgr[\nfeX(?~EBG}zz:9ycQT6Y.\'|3G&gh\r:RY#bez{{855.T*}}ee+sQEHmEU*)J%^\ra*NyA \\p`X<??D5ok\r<xt+\n}Vs`DyI`A+d2N\\T#\"{}sFH@Hr~=5=kxOwE?6\"~IIe>uo~\0.,,^Gy-`$h`1W4<<|qttu!guZ`Bk3::z=p\'.8D[hRtxg=sM^	ZH*\0\0\0%tEXtcreate-date\02009-11-15T17:02:35-07:00\0\0\0%tEXtdate:create\02010-01-11T09:31:26-07:00kq\0\0\0%tEXtdate:modify\02010-01-11T09:31:26-07:00n\0\0\0gtEXtLicense\0http://creativecommons.org/licenses/by-sa/3.0/ or http://creativecommons.org/licenses/LGPL/2.1/[<c\0\0\0%tEXtmodify-date\02009-06-03T09:58:17-06:00AD\0\0\0tEXtSource\0Oxygen Icons\0\0\0\'tEXtSource_URL\0http://www.oxygen-icons.org/7\0\0\0\0IENDB`','PNG\r\n\Z\n\0\0\0\rIHDR\0\0\00\0\0\00\0\0\0W\0\0\0gAMA\0\0a\0\0\0sRGB\0\0\0\0 cHRM\0\0z&\0\0\0\0\0\0\0\0\0u0\0\0`\0\0:\0\0pQ<\0\0\0bKGD\0\0\0\0\0\0C\0\0\0	pHYs\0\0\na\0\0\naJ%\0\0\0	vpAg\0\0\00\0\0\00\0W\0\0	IDATh[]Ukt\nBN<0%MI$6\n!hHDHx$ jB	iSI;-e`.3g_}fzy~{.k&\\kqm5H\0*>4\'N(\"]D<\0c(K>3yeA)9\r$	BHcLx2RvFqKcFP4$\\(<1\rc4bu\"ye.~\"Z)l[8:e\rT?tBZ&_GC\n4YGhY(vi|^WDEsoo;s1:hJP@)\nK),0*H`p18V:.\n\nb\",70kf^`iiilR -=JaY{U^ueI1C>I~T1R8!-F\r)\"<BL.XZx|bO?Ba!#\0|1>>pjwu.g}9YU=5p)r\"fC>Apq4Z`aCCC%%<	+uR\nKSXqJKG0]DU&IcZS\'\n$6RP[ 0=4z(;G,TIh|u|5PBRE#`KPI[`p\0k(eD\\Oj(~bi#:`i%,w\rK<.\0#[lpRdsUn-q\n{{<_(4sh5h+)oCV	Ke^|sCe=0\"	+n`@\'V,ySp:\\7X}}9Y[hUo\ZZ&A1`it9nz7{a7V;1:c(d5FL\\\r`i&\"Y<,lE!\n[	Ags~nEzfTjtwZt\0o_Fg0:k0hwME4)h)UK+<QQ})Os#Evf_5/g\nMp*no(S<80X hw:T}<34!&W1OAei<m`lyXJaql@.l\0=7\rr=\"\r}s1=(\0X_RG;6mc,m~\\\ZwSe@k)) rM4k6\0U4vyjD5%mm[h+Y,C_1@&Pjojxk_)8.2uOY:3K.\n\0On@,gBMNbJ%m~RhK-;VYgq~0(ufXXB#T[CXci`PiLxXU0v[Mmz(a,>(%>nu:kI*-1+Et1c M\Z\r)3MT{~Sq4s>mi@bRc7D(d=LU1 UN\\jJW]h7,7oah4qNcM&MWIijAA~gSk[*js$35TcSFQ@wgr[\nfeX(?~EBG}zz:9ycQT6Y.\'|3G&gh\r:RY#bez{{855.T*}}ee+sQEHmEU*)J%^\ra*NyA \\p`X<??D5ok\r<xt+\n}Vs`DyI`A+d2N\\T#\"{}sFH@Hr~=5=kxOwE?6\"~IIe>uo~\0.,,^Gy-`$h`1W4<<|qttu!guZ`Bk3::z=p\'.8D[hRtxg=sM^	ZH*\0\0\0%tEXtcreate-date\02009-11-15T17:02:35-07:00\0\0\0%tEXtdate:create\02010-01-11T09:31:26-07:00kq\0\0\0%tEXtdate:modify\02010-01-11T09:31:26-07:00n\0\0\0gtEXtLicense\0http://creativecommons.org/licenses/by-sa/3.0/ or http://creativecommons.org/licenses/LGPL/2.1/[<c\0\0\0%tEXtmodify-date\02009-06-03T09:58:17-06:00AD\0\0\0tEXtSource\0Oxygen Icons\0\0\0\'tEXtSource_URL\0http://www.oxygen-icons.org/7\0\0\0\0IENDB`',NULL,NULL,NULL,NULL),(33,'sys','quickAccess_makePayment.png','image/png',5142,'2013-12-14 18:15:36',5142,'PNG\r\n\Z\n\0\0\0\rIHDR\0\0\00\0\0\00\0\0 \0\0\0tEXtSoftware\0Adobe ImageReadyqe<\0\0IDATxb?6_~2Aw?	$+{9|R= <AR\\qy{9Dxt> ##z[.}(3 @8]}0ce7ai, 4}ac:!3;?uxvI`\0>;}\Z\"s\0?}	h?;\Z@\ZpgTtfx7A}*~00f`v0D##CO_06uM<e99%wm2BCb3[S6M]{%0E%\n_S}A}7J\0 54kS\r~<0C9uo+g~PAvuA|6#`;:2ndan)1{1\0q1Y*_osmU0#-fcN{90|pu#O-KN\";d37	Z\rd8[g\\]zpq{7PfXt1	?Ueh5[ \'_g[P?fm=4w$<\\kNO(r9YXX|AJ\0@\\4nw\Zr:$bbDE\Z2(	##12t*rhSew}v6	?s>Yy%B|>xzkFV\'\Z-*(.*r^]@d%\"|64!)+,:**\' WDjv 7{3L#4<W^5\\#\0^0|#H\nSp1AB\Z\"b}T]G;\rJx<&*+rWp)ft=8X<5,n\'99AY=`IPa4bQ8gp8`#5e5ko(rHJHA|5p8`m84JZHIUbmF	a25vac2CL#.{McSEEck+76!>%d;m(Qx7iB=d=qB |TYvM]~/t,MawLA@\Z9.aIu\\oE_,\'G-^*NzFrSUaHB${\r@z |l-rc|=^j[ftUwkJXDsx-7UkiPda&%uN,eM`mNLl&[\"q8\r/q-(,:Q.shE\\zA)-tK14_;>s:._M=<\"vC\'KUrw	!8M,W.9`4vq{JJ-qRw\"%)4/#\rtN=1\0{n!Obr#$$?>46]@RK*BVPb0?@LX|LF`0K:#9H|@YSH6aFKT[o {1scg3e(1DlGz0s6mp@\")Q;NTHQ/y6h\r(9y|rN ]:0N5nMkL~m\"KvgJj#1i<#k*RAPx^\\_qmHNUI1\0V/)z.(:>\'A	P]$jC\';8E3g6P\'d)DG\ZaZ!`Bh(fALn3Q9E}vuP?:Kd.]L}m\nl+E3cIOiA\Zu<FNwz<5n/0(i4B&JAZn.||<KEP{;`q-9-7nEtD,\'C1aUWN8NH$xBG-`gp<L<cwiO7v[6X,6G7%v\rK/GXaU*o,tEYJY8vCz\0X	{pb--=J7&/$+Vb+`f1VQPx[$OOX,vxm@f@eC,	:S!7=V^8Sz4kMrC_y3i7*~%t(VAF\nTCFpw]R&f	1TlC<k!\reYeEo9Npw]f@;RHs-c<q&\nh_U}f;#s~[Hc2?s=./I3	T\0YkL[~|9_!M!8BiHsY.di3&tiijc?Vi6%VEmMITZ\r.d!@ \r&B]4s|{zGEHdXg& b%G^(3V;8Nvt=vk{%|KJeLS*ir!o5g\0j+F(@D&au_Z6GK]oyoY7_(jwz)l%RyS] y ZXX%,hJwW.FBBvMoX\n0vaq1 y=6]m,Fo_/7LMK2LW y=OA\'\\+^y0khd}Z(T1Er1<0\ZsUkL0+)\'A\"AoD{Fot4!\nFV\"):y\Z@J4p-]$eaj\"<N,MP6GL\'Q!+x9H3&6D?)0\rt(UaEPD?E`B\'j@8fd\Znpl(L	E.x(&%>tMhAA@Q4\rzy1\"L@Cm0E!<Q]\\>/&=#d~$3i?MTe},!c\nc|[}L\"R	aB#@$ `w4PHP(x+kE=9X|m2>u\'PIcD,H2<wa	;L&PJ`=t#8&s$$l|nLtYA\nBb}jFn]BlD<G	HFX.x&/gp|.3N{}\"Zev~xb\n\ZB=f.x*A]HVPQ<&a.c49Yji-4o\\cTb*}-{\nCB2i0r LMM!N-\nqM6z.Pmg)%`~`|>KawZVH^\\/BgG]dC%R,ct^&Vd>iR\'\\PLJ>]tu7G\0v:2RJJhe!au<#X\"~W&[y^RD~vRE%5L]Vp/m^X	?3uzcR\"BP_DuH7\rQePb+W,?*nsS3nbc|BIlRM{zS2+Hh]4H`#HNZw<	\ZF)rl%)XL\ngE0B\'y\"KK0<5b$\n?wuQs>z2)g~5ZQ0le>fEv=)XZI2V.bQMe;4sa)(f,P/}sScYmZXxpyn+83\Z\0\r<VT\'E-r/FrZ=\'*^kD2F0{9\'HIKZ[`AR~m\Z<o[uLuC=0 *fr+V\n)	uO1ejh0f\'(3\0o;Y\\~p=NY|QQV!IT!_W[u[*5jF6;C_iF[e>\ZoVl425^fcm?WfZo*Jg_jp8dK5V|ZN?W%}\0\0\0\0IENDB`','PNG\r\n\Z\n\0\0\0\rIHDR\0\0\00\0\0\00\0\0 \0\0\0tEXtSoftware\0Adobe ImageReadyqe<\0\0IDATxb?6_~2Aw?	$+{9|R= <AR\\qy{9Dxt> ##z[.}(3 @8]}0ce7ai, 4}ac:!3;?uxvI`\0>;}\Z\"s\0?}	h?;\Z@\ZpgTtfx7A}*~00f`v0D##CO_06uM<e99%wm2BCb3[S6M]{%0E%\n_S}A}7J\0 54kS\r~<0C9uo+g~PAvuA|6#`;:2ndan)1{1\0q1Y*_osmU0#-fcN{90|pu#O-KN\";d37	Z\rd8[g\\]zpq{7PfXt1	?Ueh5[ \'_g[P?fm=4w$<\\kNO(r9YXX|AJ\0@\\4nw\Zr:$bbDE\Z2(	##12t*rhSew}v6	?s>Yy%B|>xzkFV\'\Z-*(.*r^]@d%\"|64!)+,:**\' WDjv 7{3L#4<W^5\\#\0^0|#H\nSp1AB\Z\"b}T]G;\rJx<&*+rWp)ft=8X<5,n\'99AY=`IPa4bQ8gp8`#5e5ko(rHJHA|5p8`m84JZHIUbmF	a25vac2CL#.{McSEEck+76!>%d;m(Qx7iB=d=qB |TYvM]~/t,MawLA@\Z9.aIu\\oE_,\'G-^*NzFrSUaHB${\r@z |l-rc|=^j[ftUwkJXDsx-7UkiPda&%uN,eM`mNLl&[\"q8\r/q-(,:Q.shE\\zA)-tK14_;>s:._M=<\"vC\'KUrw	!8M,W.9`4vq{JJ-qRw\"%)4/#\rtN=1\0{n!Obr#$$?>46]@RK*BVPb0?@LX|LF`0K:#9H|@YSH6aFKT[o {1scg3e(1DlGz0s6mp@\")Q;NTHQ/y6h\r(9y|rN ]:0N5nMkL~m\"KvgJj#1i<#k*RAPx^\\_qmHNUI1\0V/)z.(:>\'A	P]$jC\';8E3g6P\'d)DG\ZaZ!`Bh(fALn3Q9E}vuP?:Kd.]L}m\nl+E3cIOiA\Zu<FNwz<5n/0(i4B&JAZn.||<KEP{;`q-9-7nEtD,\'C1aUWN8NH$xBG-`gp<L<cwiO7v[6X,6G7%v\rK/GXaU*o,tEYJY8vCz\0X	{pb--=J7&/$+Vb+`f1VQPx[$OOX,vxm@f@eC,	:S!7=V^8Sz4kMrC_y3i7*~%t(VAF\nTCFpw]R&f	1TlC<k!\reYeEo9Npw]f@;RHs-c<q&\nh_U}f;#s~[Hc2?s=./I3	T\0YkL[~|9_!M!8BiHsY.di3&tiijc?Vi6%VEmMITZ\r.d!@ \r&B]4s|{zGEHdXg& b%G^(3V;8Nvt=vk{%|KJeLS*ir!o5g\0j+F(@D&au_Z6GK]oyoY7_(jwz)l%RyS] y ZXX%,hJwW.FBBvMoX\n0vaq1 y=6]m,Fo_/7LMK2LW y=OA\'\\+^y0khd}Z(T1Er1<0\ZsUkL0+)\'A\"AoD{Fot4!\nFV\"):y\Z@J4p-]$eaj\"<N,MP6GL\'Q!+x9H3&6D?)0\rt(UaEPD?E`B\'j@8fd\Znpl(L	E.x(&%>tMhAA@Q4\rzy1\"L@Cm0E!<Q]\\>/&=#d~$3i?MTe},!c\nc|[}L\"R	aB#@$ `w4PHP(x+kE=9X|m2>u\'PIcD,H2<wa	;L&PJ`=t#8&s$$l|nLtYA\nBb}jFn]BlD<G	HFX.x&/gp|.3N{}\"Zev~xb\n\ZB=f.x*A]HVPQ<&a.c49Yji-4o\\cTb*}-{\nCB2i0r LMM!N-\nqM6z.Pmg)%`~`|>KawZVH^\\/BgG]dC%R,ct^&Vd>iR\'\\PLJ>]tu7G\0v:2RJJhe!au<#X\"~W&[y^RD~vRE%5L]Vp/m^X	?3uzcR\"BP_DuH7\rQePb+W,?*nsS3nbc|BIlRM{zS2+Hh]4H`#HNZw<	\ZF)rl%)XL\ngE0B\'y\"KK0<5b$\n?wuQs>z2)g~5ZQ0le>fEv=)XZI2V.bQMe;4sa)(f,P/}sScYmZXxpyn+83\Z\0\r<VT\'E-r/FrZ=\'*^kD2F0{9\'HIKZ[`AR~m\Z<o[uLuC=0 *fr+V\n)	uO1ejh0f\'(3\0o;Y\\~p=NY|QQV!IT!_W[u[*5jF6;C_iF[e>\ZoVl425^fcm?WfZo*Jg_jp8dK5V|ZN?W%}\0\0\0\0IENDB`',NULL,NULL,NULL,NULL),(34,'sys','quickAccess_messages.png','image/png',5270,'2013-12-14 18:15:36',5270,'PNG\r\n\Z\n\0\0\0\rIHDR\0\0\00\0\0\00\0\0 \0\0\0tEXtSoftware\0Adobe ImageReadyqe<\0\0diTXtXML:com.adobe.xmp\0\0\0\0\0<?xpacket begin=\"\" id=\"W5M0MpCehiHzreSzNTczkc9d\"?> <x:xmpmeta xmlns:x=\"adobe:ns:meta/\" x:xmptk=\"Adobe XMP Core 5.0-c060 61.134777, 2010/02/12-17:32:00        \"> <rdf:RDF xmlns:rdf=\"http://www.w3.org/1999/02/22-rdf-syntax-ns#\"> <rdf:Description rdf:about=\"\" xmlns:xmpMM=\"http://ns.adobe.com/xap/1.0/mm/\" xmlns:stRef=\"http://ns.adobe.com/xap/1.0/sType/ResourceRef#\" xmlns:xmp=\"http://ns.adobe.com/xap/1.0/\" xmpMM:OriginalDocumentID=\"xmp.did:D35CBAD1E4D5DF11B1929CB5A4CCE04B\" xmpMM:DocumentID=\"xmp.did:F20F5CD465B911E08F52CDC811356623\" xmpMM:InstanceID=\"xmp.iid:F20F5CD365B911E08F52CDC811356623\" xmp:CreatorTool=\"Adobe Photoshop CS5 Windows\"> <xmpMM:DerivedFrom stRef:instanceID=\"xmp.iid:74BDB0A2B665E0118CE4B767506F182C\" stRef:documentID=\"xmp.did:D35CBAD1E4D5DF11B1929CB5A4CCE04B\"/> </rdf:Description> </rdf:RDF> </x:xmpmeta> <?xpacket end=\"r\"?>^*|*\0\0IDATxb?<+`6#d4\0xA~	&FFFYbpK_E@Wd``cafe_Dt_10?\0yIiFA+P\\$_(vmfR$\\1d!KP/X@\01\\n/\'o/ZO\n\n0,`u_KA*Nl|wcHsFz-st*\n\Z3dPpf8y=]\r,3<? n`\'O>bad00H\0	\0%0?B0mInVANAt	\Z\":w).(#)!&4*sxg?.]q=#,`o0apKQ\"9i33i0JGuw/ohs	;H$qAim1	HmF1Gl)tf2.T&n*=k9D0n?L(ADqPEE\r:0e~Fz:CaQQ(:	U\Z<P\\C7y!JT%^;_/^6/RqP?;@i4EV[BLXZD|.\\1qe1Qj&6FJ]7&?vH`@1>DJ[RtZ\"4x$.bM;x=\\8c!~wj|wt/|\01qPG\r^057&u\'7M{A[(%^tlMdje2oA&ko~{zrF0\Z5#Q\"NU`\rL^lv[U-H0fV3^:~4WBIT\0a>|F{k\Z1oA9^z84g*E)tKp;\nS}tO 006CWO%ZdE6cO4j\0*B8Y%JK@13\0zUi).kJsxOe3!S43rw+G`/\'(`FXZ-HG\'*DIq;%>Dhzf#-B;\rL\r>c0L`FQBYpht@KW\ZCXm@<^3aebxwt|*\r\r8D\\?b=M?,+\0F8I&vb\rJDRQPRR!D@#/<DPrU*(Bb2g8ns92g93sSvXig.eiZNSzW]-LG9_\rr;+TtZZY@0tf4\ZzL<h\n7|_\Zmvb	|ROQkvva|tz[1|lma;hY[E_<?7d1SclF99O?X. 2Sww^gZ\Zq:<Mu+9{hyjc$`vSA0p4u,z{3(:T%W2{!_~vk!)u\'TM8F2lt1}QItLz5\\hl+k\nlChT\r+I#|	(O[pn*8Y\\\n^L)0hhj.4pRF8``W8.x36\"r5mAQOao.[^/\Z\rU<EyTd4d@\\v:Ig-49v4Z99\r&B\'K FtA6^o[-pM\'}SWI3<MlJ? \0.FSJV\\c%Q. #j1g8H:lSL\rI=shnk\"PS \"B6gvjIAQaL_cOR@\\+TY,BxW})=0%dq,-1sLfW9V}L{G^MiZ0j!(C0k\Z?Ab}rg8g9(j\ZBE9%[rDFH0b\Z, ni2x\\RN1vZ%@s\ZTv]me\"lA&A%F51Q&^/C 8\0d\\\\&c[79ZFl%zzr|{yEiE4\\;/\r\Z{?IX)7xqCnXYmP\n$ee	NsmLgp[ 	Y?e5nMN7J2!ioPF\Z\'vnd\nLiPlsGH+f\02Zs[huGmvJy	S9\"IDXxbX$:s6%Ir!H$+``<Wm F1m,\\^Wjg;w1ke1`IE.CSjkNu\Z2<P}oz,\0W*DU\"IKFuYen=uk@.6B/O2 \02?h5iN=\nv/]tgKN|\'#hM4H$qi8u\0p]{1Pdsbd.LZ*vSp[\r`Sozll\"\Z\Z;`\Z|m &-.IrSi	X\Zd^gDD7.*`luy\0h*bb)-\r\0\".\\m1>W[x2$+Inxq\0cE;>U, 1\'di/}Q+xd6i4dO\'g\0(w	eh5-\nley\0F~>J}iFN,k\rUXiuE/<2\09\0$?pX\Z~,Hc]&h:\rF2HYY*t<(U(1\'~;<jB|IS0}y$\Z\"K.V2JNjLZ$<dk ;\\	.\nILHQ\\Np|j=I^)4oUjG&E:1&mKr?TaUZp3-B0\\>NRe02<~JYG.~fJcTJ}aso_o};h\Zwh]EPIA<?q1:;mRe^z(UN#C&a(t*`,TL\"M8\Za]6j [D%_NCR;VoP|r-bOk]jT %I	L.[\".hO\'a^X.uhjn\"fgRS\"D.#gLjq^mfP4a4~9~5U9SL_B#zAhc06>*><](sDCi5<&3^5^M+_,7(+;yjWk02E00Tg9=N_RN`?{A\n(UlyndB@b8?[g0B4|qyx?~)5{\\z!5@QK	p~xh{&\")R~\Z.7X@\0\0\0\0IENDB`','PNG\r\n\Z\n\0\0\0\rIHDR\0\0\00\0\0\00\0\0 \0\0\0tEXtSoftware\0Adobe ImageReadyqe<\0\0diTXtXML:com.adobe.xmp\0\0\0\0\0<?xpacket begin=\"\" id=\"W5M0MpCehiHzreSzNTczkc9d\"?> <x:xmpmeta xmlns:x=\"adobe:ns:meta/\" x:xmptk=\"Adobe XMP Core 5.0-c060 61.134777, 2010/02/12-17:32:00        \"> <rdf:RDF xmlns:rdf=\"http://www.w3.org/1999/02/22-rdf-syntax-ns#\"> <rdf:Description rdf:about=\"\" xmlns:xmpMM=\"http://ns.adobe.com/xap/1.0/mm/\" xmlns:stRef=\"http://ns.adobe.com/xap/1.0/sType/ResourceRef#\" xmlns:xmp=\"http://ns.adobe.com/xap/1.0/\" xmpMM:OriginalDocumentID=\"xmp.did:D35CBAD1E4D5DF11B1929CB5A4CCE04B\" xmpMM:DocumentID=\"xmp.did:F20F5CD465B911E08F52CDC811356623\" xmpMM:InstanceID=\"xmp.iid:F20F5CD365B911E08F52CDC811356623\" xmp:CreatorTool=\"Adobe Photoshop CS5 Windows\"> <xmpMM:DerivedFrom stRef:instanceID=\"xmp.iid:74BDB0A2B665E0118CE4B767506F182C\" stRef:documentID=\"xmp.did:D35CBAD1E4D5DF11B1929CB5A4CCE04B\"/> </rdf:Description> </rdf:RDF> </x:xmpmeta> <?xpacket end=\"r\"?>^*|*\0\0IDATxb?<+`6#d4\0xA~	&FFFYbpK_E@Wd``cafe_Dt_10?\0yIiFA+P\\$_(vmfR$\\1d!KP/X@\01\\n/\'o/ZO\n\n0,`u_KA*Nl|wcHsFz-st*\n\Z3dPpf8y=]\r,3<? n`\'O>bad00H\0	\0%0?B0mInVANAt	\Z\":w).(#)!&4*sxg?.]q=#,`o0apKQ\"9i33i0JGuw/ohs	;H$qAim1	HmF1Gl)tf2.T&n*=k9D0n?L(ADqPEE\r:0e~Fz:CaQQ(:	U\Z<P\\C7y!JT%^;_/^6/RqP?;@i4EV[BLXZD|.\\1qe1Qj&6FJ]7&?vH`@1>DJ[RtZ\"4x$.bM;x=\\8c!~wj|wt/|\01qPG\r^057&u\'7M{A[(%^tlMdje2oA&ko~{zrF0\Z5#Q\"NU`\rL^lv[U-H0fV3^:~4WBIT\0a>|F{k\Z1oA9^z84g*E)tKp;\nS}tO 006CWO%ZdE6cO4j\0*B8Y%JK@13\0zUi).kJsxOe3!S43rw+G`/\'(`FXZ-HG\'*DIq;%>Dhzf#-B;\rL\r>c0L`FQBYpht@KW\ZCXm@<^3aebxwt|*\r\r8D\\?b=M?,+\0F8I&vb\rJDRQPRR!D@#/<DPrU*(Bb2g8ns92g93sSvXig.eiZNSzW]-LG9_\rr;+TtZZY@0tf4\ZzL<h\n7|_\Zmvb	|ROQkvva|tz[1|lma;hY[E_<?7d1SclF99O?X. 2Sww^gZ\Zq:<Mu+9{hyjc$`vSA0p4u,z{3(:T%W2{!_~vk!)u\'TM8F2lt1}QItLz5\\hl+k\nlChT\r+I#|	(O[pn*8Y\\\n^L)0hhj.4pRF8``W8.x36\"r5mAQOao.[^/\Z\rU<EyTd4d@\\v:Ig-49v4Z99\r&B\'K FtA6^o[-pM\'}SWI3<MlJ? \0.FSJV\\c%Q. #j1g8H:lSL\rI=shnk\"PS \"B6gvjIAQaL_cOR@\\+TY,BxW})=0%dq,-1sLfW9V}L{G^MiZ0j!(C0k\Z?Ab}rg8g9(j\ZBE9%[rDFH0b\Z, ni2x\\RN1vZ%@s\ZTv]me\"lA&A%F51Q&^/C 8\0d\\\\&c[79ZFl%zzr|{yEiE4\\;/\r\Z{?IX)7xqCnXYmP\n$ee	NsmLgp[ 	Y?e5nMN7J2!ioPF\Z\'vnd\nLiPlsGH+f\02Zs[huGmvJy	S9\"IDXxbX$:s6%Ir!H$+``<Wm F1m,\\^Wjg;w1ke1`IE.CSjkNu\Z2<P}oz,\0W*DU\"IKFuYen=uk@.6B/O2 \02?h5iN=\nv/]tgKN|\'#hM4H$qi8u\0p]{1Pdsbd.LZ*vSp[\r`Sozll\"\Z\Z;`\Z|m &-.IrSi	X\Zd^gDD7.*`luy\0h*bb)-\r\0\".\\m1>W[x2$+Inxq\0cE;>U, 1\'di/}Q+xd6i4dO\'g\0(w	eh5-\nley\0F~>J}iFN,k\rUXiuE/<2\09\0$?pX\Z~,Hc]&h:\rF2HYY*t<(U(1\'~;<jB|IS0}y$\Z\"K.V2JNjLZ$<dk ;\\	.\nILHQ\\Np|j=I^)4oUjG&E:1&mKr?TaUZp3-B0\\>NRe02<~JYG.~fJcTJ}aso_o};h\Zwh]EPIA<?q1:;mRe^z(UN#C&a(t*`,TL\"M8\Za]6j [D%_NCR;VoP|r-bOk]jT %I	L.[\".hO\'a^X.uhjn\"fgRS\"D.#gLjq^mfP4a4~9~5U9SL_B#zAhc06>*><](sDCi5<&3^5^M+_,7(+;yjWk02E00Tg9=N_RN`?{A\n(UlyndB@b8?[g0B4|qyx?~)5{\\z!5@QK	p~xh{&\")R~\Z.7X@\0\0\0\0IENDB`',NULL,NULL,NULL,NULL),(35,'sys','quickAccess_placeAd.png','image/png',5352,'2013-12-14 18:15:36',5352,'PNG\r\n\Z\n\0\0\0\rIHDR\0\0\00\0\0\00\0\0 \0\0\0tEXtSoftware\0Adobe ImageReadyqe<\0\0IDATxb?6\":::000pqr100yyy~\02{~xy&Q`8rPoB^At cYy+-\0;2rj\"\"\"7oL=\"bL<.et*>5:\ZZ\0	\" PaS Xp?\n_<eg?1|o}aaH^a~.z\Z@xcW>a?@tt._[ve+2k,}5XX>yrx=\rt(rY\Zv7,fE\01`c+Z\nb5l =&ZX807f72XAhxB#DQpm[uX%x}\"rOp4xWUFREMsk\0LCrnj%v\rP\'F*kDc}H$O/*sG(\nJVDWw7c5P\Z4iM-@3Tgey/o\0(\nkW(>{Bwp\0c$>x4]HWt:s%\r[nfOE<5<TtRw%\0mTNm#E?EfDD EHDz {0c)BitF6ng(ty=k-&7hz;\"o/\Zmm>8N|>C<]G8X@0(ovrwns3/9q\"/Hf55(Z1Hhj\"duFV&#7g0u`=7<O*Cb&!1\0NGK@o7\r\r^o@bRn(DU6%ESz^zt2\rk+a-U3jXYelkGrc?r9`A~!@\rG-f5P00`	VQX]d;$Kjit^qlfvX`E4\n7ani<%b-\Z&H91unL\'H\Z8MHe6YT	ZNdtfr	==k@\0K\r\nmAErkF^(\"4_,J0qv\0G#%cq=*bL*D1Goz5\\*!4ZR\nRFN]\'. y<BWTe#\0eT9u;]\"\"#.4,HxpaHcb/$W%(@`nh1q9+%+.}>^\0fTiXk5PaBiX5~CE#pI#-\ZWY~	WD0aH===D_^wi#7#tZj~`qqVU={N%tl099` r\0p:s4?[}sf}VJK#hyX5he8.VKZ==nE_NgN[Zw{I@2Y ZXNB/!\n;\'*VH-6QR\"fVWbc/si#/$>RYdDU0\Zgq8\Zp8du1(wG\nnvnBRrt6&T\r#	4\'9cpFxY|yn5Xb%Yei15v2iwy$9:2&YSn2IR7/tH&}:G\"VjH(WX?|sSI-[7q1d;?P(9D\'@!].fd9@nj\"d&aR\'{V$y^H?trz\nENu\Z9|T*?(	EQH&Tw\"yH\n?ApEHqb7mZ<^m9cy/dd	5\\A \'LW-<U%A[\ZIg9OfnZObOv@.7#X\nyPkP)[cdv8\"\'\n79*:i)mlwB ]y>Lm6wj.R{NbKW\n\n-b\r\n\"n	(a\r -Ep/i9l?];w\'3TLSQ1jEXDIuzW#JYudTd$!y~qHPT*y9<NAp+\r?	H@Z	[>+5Y5SulGGq|=Ye7_\"U_,j5TTd=\rT</=\r\0Y[lT]3y?gqh0O#?U\rDJ)m@Qy!P./;v{f<sf\nj*{CE;\"Fd..vl^,*L`|srb,BN,FEU!/$uTCNRA75P\relb&\\l`(wQ<(@gb|bWMHlY\rXWu\\zG\\i8Uv~&F=o\rO(T<qZ_L!{P_Zo/_#k.B?y\rpmuP6Ke0 M\rIr$*mOw7L o?\'7sbuC$|C7`US^v66Q:q2?3F PF380NI2\'(H{CFe\'Nh	*wi4,7lar\'L42\0w!b!r*dFH5Eye<!(3BD>tm\'k6d\"u_;;i$W#+@IgW(Sr,34^=7Xy\\^JgD22\0fB1(qjF:1XTR|ETUEkP/jFAh+u\'\'+#X	saQ_9rqr~?$nEauaddb0\r(hI$>O	ASz`jY2w[3]SQ	&q{^\nz]2R3_i7$C<	-#me}$/ZH61bI=DjbE?yuI3g\'R	]Ndpg	Dg5\Z{LvY~6*=Q5e6yrcvF*c:lm=$Z	;M\r4BAI6T\ZT-&-0::SOa\ZvT+)eg7cavA6	hw=HF;(RntLLN$@h\"M!m VW@\n/]2&Feh&!G]LBwJ*=l,^\'~kTPSBYL3dj}CfP3Ti|M)nOq*.Lz\03q;*84lGbQ|N	BJR{M\n>imc,#6\r#PRjgb=x4efS\'ea?S;dne<\0=lThhh =RU/\'	T*NoMrN&5%clI_]Xd>PZ[[[,KzL4wU 3,\ZE,-2EBAXx|eMha+V]Cub@`m7-8|{8X^&|FhGRu\nl0-r=/M`767_tE-[^izvP:.Bs/`Bs>Bbg@7Y#l\n	C}:\\\nQ\\`y7q%\ZHbx)m;iz\ZF{mG:b.z%-@:(ULr4SXQK<Y~\Z;,R{FjlV04]gYy:C6CR?;y3f8=rKa+Y\nSH,^;JH~Dv3\n!rpRp\"7I)RG+VF_mv=QK353}6P0J7GEALFy+V[y8L\"cCWW$j3G\'A4UsFsjP]3$=F,?ID9^2KBGtoYYRYo|XgGm.WV_YOc|j	0r\"_:T\\2RQDPU~6=jl1Knl#ybqzNQPEGH\\$%#T?H|haU$5<16U\0\0\0\0IENDB`','PNG\r\n\Z\n\0\0\0\rIHDR\0\0\00\0\0\00\0\0 \0\0\0tEXtSoftware\0Adobe ImageReadyqe<\0\0IDATxb?6\":::000pqr100yyy~\02{~xy&Q`8rPoB^At cYy+-\0;2rj\"\"\"7oL=\"bL<.et*>5:\ZZ\0	\" PaS Xp?\n_<eg?1|o}aaH^a~.z\Z@xcW>a?@tt._[ve+2k,}5XX>yrx=\rt(rY\Zv7,fE\01`c+Z\nb5l =&ZX807f72XAhxB#DQpm[uX%x}\"rOp4xWUFREMsk\0LCrnj%v\rP\'F*kDc}H$O/*sG(\nJVDWw7c5P\Z4iM-@3Tgey/o\0(\nkW(>{Bwp\0c$>x4]HWt:s%\r[nfOE<5<TtRw%\0mTNm#E?EfDD EHDz {0c)BitF6ng(ty=k-&7hz;\"o/\Zmm>8N|>C<]G8X@0(ovrwns3/9q\"/Hf55(Z1Hhj\"duFV&#7g0u`=7<O*Cb&!1\0NGK@o7\r\r^o@bRn(DU6%ESz^zt2\rk+a-U3jXYelkGrc?r9`A~!@\rG-f5P00`	VQX]d;$Kjit^qlfvX`E4\n7ani<%b-\Z&H91unL\'H\Z8MHe6YT	ZNdtfr	==k@\0K\r\nmAErkF^(\"4_,J0qv\0G#%cq=*bL*D1Goz5\\*!4ZR\nRFN]\'. y<BWTe#\0eT9u;]\"\"#.4,HxpaHcb/$W%(@`nh1q9+%+.}>^\0fTiXk5PaBiX5~CE#pI#-\ZWY~	WD0aH===D_^wi#7#tZj~`qqVU={N%tl099` r\0p:s4?[}sf}VJK#hyX5he8.VKZ==nE_NgN[Zw{I@2Y ZXNB/!\n;\'*VH-6QR\"fVWbc/si#/$>RYdDU0\Zgq8\Zp8du1(wG\nnvnBRrt6&T\r#	4\'9cpFxY|yn5Xb%Yei15v2iwy$9:2&YSn2IR7/tH&}:G\"VjH(WX?|sSI-[7q1d;?P(9D\'@!].fd9@nj\"d&aR\'{V$y^H?trz\nENu\Z9|T*?(	EQH&Tw\"yH\n?ApEHqb7mZ<^m9cy/dd	5\\A \'LW-<U%A[\ZIg9OfnZObOv@.7#X\nyPkP)[cdv8\"\'\n79*:i)mlwB ]y>Lm6wj.R{NbKW\n\n-b\r\n\"n	(a\r -Ep/i9l?];w\'3TLSQ1jEXDIuzW#JYudTd$!y~qHPT*y9<NAp+\r?	H@Z	[>+5Y5SulGGq|=Ye7_\"U_,j5TTd=\rT</=\r\0Y[lT]3y?gqh0O#?U\rDJ)m@Qy!P./;v{f<sf\nj*{CE;\"Fd..vl^,*L`|srb,BN,FEU!/$uTCNRA75P\relb&\\l`(wQ<(@gb|bWMHlY\rXWu\\zG\\i8Uv~&F=o\rO(T<qZ_L!{P_Zo/_#k.B?y\rpmuP6Ke0 M\rIr$*mOw7L o?\'7sbuC$|C7`US^v66Q:q2?3F PF380NI2\'(H{CFe\'Nh	*wi4,7lar\'L42\0w!b!r*dFH5Eye<!(3BD>tm\'k6d\"u_;;i$W#+@IgW(Sr,34^=7Xy\\^JgD22\0fB1(qjF:1XTR|ETUEkP/jFAh+u\'\'+#X	saQ_9rqr~?$nEauaddb0\r(hI$>O	ASz`jY2w[3]SQ	&q{^\nz]2R3_i7$C<	-#me}$/ZH61bI=DjbE?yuI3g\'R	]Ndpg	Dg5\Z{LvY~6*=Q5e6yrcvF*c:lm=$Z	;M\r4BAI6T\ZT-&-0::SOa\ZvT+)eg7cavA6	hw=HF;(RntLLN$@h\"M!m VW@\n/]2&Feh&!G]LBwJ*=l,^\'~kTPSBYL3dj}CfP3Ti|M)nOq*.Lz\03q;*84lGbQ|N	BJR{M\n>imc,#6\r#PRjgb=x4efS\'ea?S;dne<\0=lThhh =RU/\'	T*NoMrN&5%clI_]Xd>PZ[[[,KzL4wU 3,\ZE,-2EBAXx|eMha+V]Cub@`m7-8|{8X^&|FhGRu\nl0-r=/M`767_tE-[^izvP:.Bs/`Bs>Bbg@7Y#l\n	C}:\\\nQ\\`y7q%\ZHbx)m;iz\ZF{mG:b.z%-@:(ULr4SXQK<Y~\Z;,R{FjlV04]gYy:C6CR?;y3f8=rKa+Y\nSH,^;JH~Dv3\n!rpRp\"7I)RG+VF_mv=QK353}6P0J7GEALFy+V[y8L\"cCWW$j3G\'A4UsFsjP]3$=F,?ID9^2KBGtoYYRYo|XgGm.WV_YOc|j	0r\"_:T\\2RQDPU~6=jl1Knl#ybqzNQPEGH\\$%#T?H|haU$5<16U\0\0\0\0IENDB`',NULL,NULL,NULL,NULL),(36,'sys','quickAccess_searchAds.png','image/png',5353,'2013-12-14 18:15:36',5353,'PNG\r\n\Z\n\0\0\0\rIHDR\0\0\00\0\0\00\0\0 \0\0\0tEXtSoftware\0Adobe ImageReadyqe<\0\0IDATxb?6\"\\r/fff~3;zT\\,ll;v`5tge`U \'61AAJ\\A\\L\nb2\n\naa\0bss2c`OJJZLll,@f1w2:3\'w\0-dd/g`y\r\"<<j\ZZ\'O:M]@8]z)0<yyy~>>K/31aaa,@3||^@R^~ck#\r~p5.o,i@ppq0:uaQQQ\".fx4sgNwf6v`X~l\n2@92y~flr@J9iR.Hy$E#vCfx]S}>/D\'s\nDD@(!\\D5J	\'4S;X\n9N_PQF(\"Ib\r{e@B+JIPjQmK$*\r:a45j\"\Z`2[ptm29\0Zt\rcbbw7q0R(fJ>7|~9pO09Za!{8A!`,UvS{;dlr\n+WCbbp9pRX`xi]>`~A{AKji\"RJS:P\nh4D,j..\\P\\.bL HPIKB_tch\"9{rI`vvv~Yl9|b%f6U604n3j){;9\\n,&VYT*tZ$B,2vHR i(#E3Q)&\"S{8D8FGF\Z)RVE,*J	\0!,a	z;zF(mNI|?B 0:ii$\Z1G|f!e)q*D4Z;q\n7tpv<3CEPVh|JuY&cNd-Cb_\'\\p8t%;0>1k/l6_hGkK,-K+\\\\(A\"AI%JUtL<U(RbaUFX,&hTjN \Z.-4$z/@\"\0_0<<$\rF|D/qg@%y3Y\n1[Zm1VUkuz9M(14\'l^lLC\r~\'\r2WWU_2\0WoSen\nel01cK#$1A	10>l31\'8I@u+Fu9S~0:>jy.dq~b9\n 8%LKy.KaZ?[HD\"---4sNW091p8L;i_z( 77!{3],Eo~lnj.6XaAv_2|0(_Y:U2\Z76Bc$i[^=Mt~sv]MM\'j?+mv3|	33k[O\"P;\rVK9S\Z?D4D,VX)I^o@a:lv&uvH!:UY1([1<n\r!J,*_YJHthq ta	5bSK(()@\'PVQMed(4WY.0ym\rw6~nl6i7s(*Vp9HC-X6oqKB5hA2RFM-[G\'[O1/F\'>%+Pz.d@*}/_4Hv+$J>K\'	8zba/oiBm]>_>3ND B!eiGhm7q\r[\rW&\r,\\fumMM -5+$>;K\Z$300s=c|.pGa=IL;eWii@YC\Z],cNLOy\rNj\Z>K\\<<$Ki\'|TMCP,n6,z2w//39AuYE#7Tiwlp_f7<xDAaazj~j.LL.tw3,s\ZdX,lM;*Z#\Z>vm#Hr_^RRWRV.9]*7I9yzwB-g|]qZ*}bra2\Z3lv_)%Rl^53P5>?.)@\ZB}8fcOK	\0Ykl=k|IlN\\\ZP.@J:V4\Zhi~ljiM^vUMehZm rc%H\'v|V6*m,}%_?>sz0.]R\rhw8U#G~_z- g>MtD8x+1`	LJg]]z6	id+Shj$3/7PW[{P6kjj}5j4J@[_{q8+&&\'v\Z\\Fjg68T7;vP+#H>\r=NC=vF7YUy]GzN3HT\'ihqTU-.?&H*#`SZ:v)~O$D/6_\\|V5d5f7_C7D_`h,(%\Z%\\8D\")nC2$x/L8GGu#yE4LMw:lUT\n5c\"42FZ\\s)!\"Z-d2^TRH6^f1 u\rjwDi%FX`/PU-Bo CiJ2\Zh*cg\ZJ\n0F\nh)\'!Ui)QA#A@{wqcwy|\ns!<Fm}<u5R0reN*jz>.BDd|1Cx|~;k8;\r*qMEU[9f\",~cE,\nO!r?T\n12ovQN|Aj5b1Of*-]b^VL>@Q85^}Na_FaqY	V#:7CbUM7oY=N|~-2;XHau0zz,fNdP4 h\\9jfD5[Hr1?~XG!P@s}#oBvCR4gQs\'q|i9~x1XF/Hmq7t c\'##v/Q1VqBb_j7^;wGct{D:?Ph\'blncGmJKmZHn&|w&g6mXGLq7K`dhNo2\nZ<A9<Qp12`#f ^&2s}})N!<\"n ar{FTDd&^qW\r\"k}.F`Lzmk]\"2m\"%LMbB/RDi.a#gcTZ0ar3$/jB4LB],6scmh\\t8la!Je`;{(\"0<T?Z\n<\n]UGm;6b5CeP*W\'>Y9)E;.2x9&\n\Zzts\nNIqC9	k\Zv\nw&w*[kt?	]Vab=V+V2U`4b,-T)[st6\"gxprh]vJuiEHD6E`daMxGO wW\n?~%|8dtW.ShiY21u3S\">Cr*&JmtW	G\r6l0h&T$iq,EB7Ol[*yZ86!t?aC^\Z&`N\ry828Mb|l|nvfMW2NVYVl#g UUTPd49yVkR\ZS5N;/]r}m{nbMZ0w\Z^Bv]=;;N[p%-Pb:7\Z\\Lggn]U!EfNJ;Pl$VW~{-nx4Rc>?//3OZKMLFB]o(XGbJD;0]lbBXyLG.I+1+-+o4.]J\'t-\'S3?e/\r?Rj0	Fxs\'\'jz\'&ve\0\0\0\0IENDB`','PNG\r\n\Z\n\0\0\0\rIHDR\0\0\00\0\0\00\0\0 \0\0\0tEXtSoftware\0Adobe ImageReadyqe<\0\0IDATxb?6\"\\r/fff~3;zT\\,ll;v`5tge`U \'61AAJ\\A\\L\nb2\n\naa\0bss2c`OJJZLll,@f1w2:3\'w\0-dd/g`y\r\"<<j\ZZ\'O:M]@8]z)0<yyy~>>K/31aaa,@3||^@R^~ck#\r~p5.o,i@ppq0:uaQQQ\".fx4sgNwf6v`X~l\n2@92y~flr@J9iR.Hy$E#vCfx]S}>/D\'s\nDD@(!\\D5J	\'4S;X\n9N_PQF(\"Ib\r{e@B+JIPjQmK$*\r:a45j\"\Z`2[ptm29\0Zt\rcbbw7q0R(fJ>7|~9pO09Za!{8A!`,UvS{;dlr\n+WCbbp9pRX`xi]>`~A{AKji\"RJS:P\nh4D,j..\\P\\.bL HPIKB_tch\"9{rI`vvv~Yl9|b%f6U604n3j){;9\\n,&VYT*tZ$B,2vHR i(#E3Q)&\"S{8D8FGF\Z)RVE,*J	\0!,a	z;zF(mNI|?B 0:ii$\Z1G|f!e)q*D4Z;q\n7tpv<3CEPVh|JuY&cNd-Cb_\'\\p8t%;0>1k/l6_hGkK,-K+\\\\(A\"AI%JUtL<U(RbaUFX,&hTjN \Z.-4$z/@\"\0_0<<$\rF|D/qg@%y3Y\n1[Zm1VUkuz9M(14\'l^lLC\r~\'\r2WWU_2\0WoSen\nel01cK#$1A	10>l31\'8I@u+Fu9S~0:>jy.dq~b9\n 8%LKy.KaZ?[HD\"---4sNW091p8L;i_z( 77!{3],Eo~lnj.6XaAv_2|0(_Y:U2\Z76Bc$i[^=Mt~sv]MM\'j?+mv3|	33k[O\"P;\rVK9S\Z?D4D,VX)I^o@a:lv&uvH!:UY1([1<n\r!J,*_YJHthq ta	5bSK(()@\'PVQMed(4WY.0ym\rw6~nl6i7s(*Vp9HC-X6oqKB5hA2RFM-[G\'[O1/F\'>%+Pz.d@*}/_4Hv+$J>K\'	8zba/oiBm]>_>3ND B!eiGhm7q\r[\rW&\r,\\fumMM -5+$>;K\Z$300s=c|.pGa=IL;eWii@YC\Z],cNLOy\rNj\Z>K\\<<$Ki\'|TMCP,n6,z2w//39AuYE#7Tiwlp_f7<xDAaazj~j.LL.tw3,s\ZdX,lM;*Z#\Z>vm#Hr_^RRWRV.9]*7I9yzwB-g|]qZ*}bra2\Z3lv_)%Rl^53P5>?.)@\ZB}8fcOK	\0Ykl=k|IlN\\\ZP.@J:V4\Zhi~ljiM^vUMehZm rc%H\'v|V6*m,}%_?>sz0.]R\rhw8U#G~_z- g>MtD8x+1`	LJg]]z6	id+Shj$3/7PW[{P6kjj}5j4J@[_{q8+&&\'v\Z\\Fjg68T7;vP+#H>\r=NC=vF7YUy]GzN3HT\'ihqTU-.?&H*#`SZ:v)~O$D/6_\\|V5d5f7_C7D_`h,(%\Z%\\8D\")nC2$x/L8GGu#yE4LMw:lUT\n5c\"42FZ\\s)!\"Z-d2^TRH6^f1 u\rjwDi%FX`/PU-Bo CiJ2\Zh*cg\ZJ\n0F\nh)\'!Ui)QA#A@{wqcwy|\ns!<Fm}<u5R0reN*jz>.BDd|1Cx|~;k8;\r*qMEU[9f\",~cE,\nO!r?T\n12ovQN|Aj5b1Of*-]b^VL>@Q85^}Na_FaqY	V#:7CbUM7oY=N|~-2;XHau0zz,fNdP4 h\\9jfD5[Hr1?~XG!P@s}#oBvCR4gQs\'q|i9~x1XF/Hmq7t c\'##v/Q1VqBb_j7^;wGct{D:?Ph\'blncGmJKmZHn&|w&g6mXGLq7K`dhNo2\nZ<A9<Qp12`#f ^&2s}})N!<\"n ar{FTDd&^qW\r\"k}.F`Lzmk]\"2m\"%LMbB/RDi.a#gcTZ0ar3$/jB4LB],6scmh\\t8la!Je`;{(\"0<T?Z\n<\n]UGm;6b5CeP*W\'>Y9)E;.2x9&\n\Zzts\nNIqC9	k\Zv\nw&w*[kt?	]Vab=V+V2U`4b,-T)[st6\"gxprh]vJuiEHD6E`daMxGO wW\n?~%|8dtW.ShiY21u3S\">Cr*&JmtW	G\r6l0h&T$iq,EB7Ol[*yZ86!t?aC^\Z&`N\ry828Mb|l|nvfMW2NVYVl#g UUTPd49yVkR\ZS5N;/]r}m{nbMZ0w\Z^Bv]=;;N[p%-Pb:7\Z\\Lggn]U!EfNJ;Pl$VW~{-nx4Rc>?//3OZKMLFB]o(XGbJD;0]lbBXyLG.I+1+-+o4.]J\'t-\'S3?e/\r?Rj0	Fxs\'\'jz\'&ve\0\0\0\0IENDB`',NULL,NULL,NULL,NULL),(37,'sys','quickAccess_searchMembers.png','image/png',7460,'2013-12-14 18:15:36',7460,'PNG\r\n\Z\n\0\0\0\rIHDR\0\0\00\0\0\00\0\0 \0\0\0tEXtSoftware\0Adobe ImageReadyqe<\0\0fiTXtXML:com.adobe.xmp\0\0\0\0\0<?xpacket begin=\"\" id=\"W5M0MpCehiHzreSzNTczkc9d\"?> <x:xmpmeta xmlns:x=\"adobe:ns:meta/\" x:xmptk=\"Adobe XMP Core 5.0-c061 64.140949, 2010/12/07-10:57:01        \"> <rdf:RDF xmlns:rdf=\"http://www.w3.org/1999/02/22-rdf-syntax-ns#\"> <rdf:Description rdf:about=\"\" xmlns:xmpMM=\"http://ns.adobe.com/xap/1.0/mm/\" xmlns:stRef=\"http://ns.adobe.com/xap/1.0/sType/ResourceRef#\" xmlns:xmp=\"http://ns.adobe.com/xap/1.0/\" xmpMM:OriginalDocumentID=\"xmp.did:ED5C82979246E011876FC40818535BD5\" xmpMM:DocumentID=\"xmp.did:13B7B8F2910611E0805AC0C5CCB6C632\" xmpMM:InstanceID=\"xmp.iid:13B7B8F1910611E0805AC0C5CCB6C632\" xmp:CreatorTool=\"Adobe Photoshop CS5.1 Windows\"> <xmpMM:DerivedFrom stRef:instanceID=\"xmp.iid:6E5F0BFC0491E011AF35AEC708FB1C4A\" stRef:documentID=\"xmp.did:ED5C82979246E011876FC40818535BD5\"/> </rdf:Description> </rdf:RDF> </x:xmpmeta> <?xpacket end=\"r\"?>u]\0\0TIDATxb?Nyf-&01F!a?\'hcxq\'/D28zH6(+*9gOKx/@x]?rO5F#F9->}0\'?3tVzRy*	?lO18OE: aegg3CSPPp=}C5zA%]_k ?}-BDx[`cx}oXku<{pcNgB+q>%S~z]AX1d#]Mcx{,/g`(cu)/]FShi2:D&;lLisoK2H?@\0;,\04:$l14=mcc@x}ojw.*a`eWrr(\' ,$0AHPPcfx-g^ U3^~WpU\r`\rwe0b,a\'_Y\",p?(Oc4]F+%>~o\\>}AmcisO2\'0]3}pYfn$}V&B\\L2qa&C\r<ML5F_bbx?)Z{CVln>nFQ~^O\'$d[.C~wo~%%0Q?b^ke,I0r$-}_v>.\0ZC*IN&f$%M6d(Nn-?J	**c^/X9N*s5N,Z\\k$}_H}}.zd^$\'I?<tZ}}}!m.exh\r55-K1(Viv&v45iGNOBeqAvKB[8vg9\ruPgg=<|3Z6Wn2njh=Q44#K%S  	nfG7?fgb];MiN@41)%+}S;]}]5hKl@0(L*?~IU-Frj3~mo-W6CStZ6 ekt~DQ~dL@eY)cy{|wt!\ZF$GY0\rQ-NEWF35]51 v\r]J)|Yu[Q%/M?-]#tY\'TD7:r:e;qu&svq\n,\\\0&7n/5kh`?\"	@D\\&D6\'el#x4:a}ihe{]=OlMRICaZY}4v0[Cj FW7=S7[.-<3b;]Bih\nuq]D9PfSt>z~!V\Zui*bWr~xJ^Mg98q.DN:.[nR[\"!MHRq	Zj\nmJL4U\0	9Mz$?{y.7oEM6Sa}G{{]\r6P/spMMMI?.ZwT:cshxxp8j>\ZDM&IY%2\r{\\OH$\"2Jt&fn/QOOO9r$`2Ti\nL%^tULv8@%\"t,BKTVGhq(T<JFi87\\Au\\.Gd?%\Z!)j>TtV(N!kX&zk\r&MP\"c5<,\n\'_k$IfnTmYxkM.^?,niiA\\rzV;E,y^voh&]sRW?/.a4h#S;O|=UPr|V+TVk:%)*8(SDp*|x$v\\p_L	ler,Uws~5f:#MK~>zC+|&?#MTU%=\rEg:<IrL+q9t\'\\D^SsziF`\\HAzZP),wM#lhoS&*TwxgfLnENy\Ze \"Yg\nL+%nr|?7C9Uhh\r)LC!3T@VyqVe\r+[jHP1\ny\\eX*n\'Pml#YU!OrNC|wo6MU>Vr2j#!B/|5a	#S\"qi>`NvQv~,Xew#	k2Q7G+3B\r||!soM)SoFjK@d?\'<PTJ|Wsu?(JQ*1K\'x3}\0?p)1VCjrBgqa<QiRp~v\ZO@+PU=:zg.wBI\\_NxKkM?^AS<&y|\nL3U:_Rz`M@\n4-LvrBv&]|&?\Z?omLPO&)\0 rofoFe+1y`IXcNs!UD+&Izu:|0o/J$^_o79kf+v^tcE*`\"@&MU_\nP\0GU<6B	$yhEviSe:S92V;X AAP	IGf{ONug?w{YC|WZ$0#TP),{mB\Z*`-DEQx=0ydd$y;6<`M\\3z59]}fE!(z#i|\0.r6AB$@D8oYEHyvR|\n5EA5G^(un+\r3cggg*>rq@M	<N$&s	\0? q%*6e$MC=eaWy?M#\'\r\r!XGS%e`m*+YC <G-\'%WaM!?.)XNA,NLMmDe-LZ(hTa}; \ZQl-uZkKeN[66f*\nji\0Dma:\n\ZfaMec?i\Z	Fpe7pC*r?^don)4~nn==8mVQPe\0vWEZ#.	y.tt:EMA\rdv44P{t()+2i\rW:k*Pu\r\0+d\ZNsBr,QE\0$|y3fy`p71l<Q(>}O@M\"pr$h,u90RQ+o:\0X8dQ89a=1BiJ\r@i=^\r`\Z@T\nf`0Dv\ranYV^0RN\'F(2 Ss\nb9}us\"h~L\0y{zuc48KgP\Z,~OBM7ri\nQ1_L5ezu2!*5]@kla63Q\\fd4TBD8w?Ln\"\"nm+/[z/cDB@BW\"	-R|T\\Je0A1bIxq$kg=u\ZeJ_nS -*|ZRl&Km>O(GV$@/Y|O3R-?Z\'0T68\'19MRQ/.7hj $Ux?`0\0xs6&A8oaV*6[_9-7qu/Otwe)!G_}jm b4t4<PF	Yy( YfaudqZ(\0-&a dYHdr*FY&,.Ll$JU*w%`~TU4S~	^*JpP88Q@_f K%:,4WwPhJ\n3\n\rTxFFF (3D\ZT@j^x\"K;/g-/^|oZUxL 80_La*@<rEJbDmA*yciB Hh!`	\\R{RFE	2g=}u|&\"3|M|Y-P|</$:ZH4E^x&RPa7\Z/n	1t6SA[\'CZ)\rHl,E)}`\'Zi+d@hi{	?i6r~\"RYcE:H6CLx\'b/WO<}8\"t;I~(!	giUqGA\\q(m<[)dr-NBvp\Z?Q=N34Dj\0~|*2f\nhZ|4)*e$RPp4H+s:|2HW<+DiNQlyt3T\\bsff>#d0J\r5nxBQ%S\ns100\ZOJGTWWyjv`	[sGaL\Z{m\0]]	h&#@icct+a	MG s#(#@Tk24ek\'U\0Ivlm\nqnLLw_\Z=&5\n<iGNH`UP]`oO\rh}$p?F_v@QaZ x1kzp>w?x1|t\n*rLp=!#](+eNL(q\00Wa3wayW_3X%\0\0}CH\n<g]pV89%gF`[-ym/b[rz+PY$15!g\0 #N) EYXj`:wL(>|m~v![v(Mh/c7/\Z_~E>/%FH#pv	]d t O3_!u&x]vlkW\0mwC8v^q\'wF@yLq(x~,\nDGqU\ZB\0\0\0\0IENDB`','PNG\r\n\Z\n\0\0\0\rIHDR\0\0\00\0\0\00\0\0 \0\0\0tEXtSoftware\0Adobe ImageReadyqe<\0\0fiTXtXML:com.adobe.xmp\0\0\0\0\0<?xpacket begin=\"\" id=\"W5M0MpCehiHzreSzNTczkc9d\"?> <x:xmpmeta xmlns:x=\"adobe:ns:meta/\" x:xmptk=\"Adobe XMP Core 5.0-c061 64.140949, 2010/12/07-10:57:01        \"> <rdf:RDF xmlns:rdf=\"http://www.w3.org/1999/02/22-rdf-syntax-ns#\"> <rdf:Description rdf:about=\"\" xmlns:xmpMM=\"http://ns.adobe.com/xap/1.0/mm/\" xmlns:stRef=\"http://ns.adobe.com/xap/1.0/sType/ResourceRef#\" xmlns:xmp=\"http://ns.adobe.com/xap/1.0/\" xmpMM:OriginalDocumentID=\"xmp.did:ED5C82979246E011876FC40818535BD5\" xmpMM:DocumentID=\"xmp.did:13B7B8F2910611E0805AC0C5CCB6C632\" xmpMM:InstanceID=\"xmp.iid:13B7B8F1910611E0805AC0C5CCB6C632\" xmp:CreatorTool=\"Adobe Photoshop CS5.1 Windows\"> <xmpMM:DerivedFrom stRef:instanceID=\"xmp.iid:6E5F0BFC0491E011AF35AEC708FB1C4A\" stRef:documentID=\"xmp.did:ED5C82979246E011876FC40818535BD5\"/> </rdf:Description> </rdf:RDF> </x:xmpmeta> <?xpacket end=\"r\"?>u]\0\0TIDATxb?Nyf-&01F!a?\'hcxq\'/D28zH6(+*9gOKx/@x]?rO5F#F9->}0\'?3tVzRy*	?lO18OE: aegg3CSPPp=}C5zA%]_k ?}-BDx[`cx}oXku<{pcNgB+q>%S~z]AX1d#]Mcx{,/g`(cu)/]FShi2:D&;lLisoK2H?@\0;,\04:$l14=mcc@x}ojw.*a`eWrr(\' ,$0AHPPcfx-g^ U3^~WpU\r`\rwe0b,a\'_Y\",p?(Oc4]F+%>~o\\>}AmcisO2\'0]3}pYfn$}V&B\\L2qa&C\r<ML5F_bbx?)Z{CVln>nFQ~^O\'$d[.C~wo~%%0Q?b^ke,I0r$-}_v>.\0ZC*IN&f$%M6d(Nn-?J	**c^/X9N*s5N,Z\\k$}_H}}.zd^$\'I?<tZ}}}!m.exh\r55-K1(Viv&v45iGNOBeqAvKB[8vg9\ruPgg=<|3Z6Wn2njh=Q44#K%S  	nfG7?fgb];MiN@41)%+}S;]}]5hKl@0(L*?~IU-Frj3~mo-W6CStZ6 ekt~DQ~dL@eY)cy{|wt!\ZF$GY0\rQ-NEWF35]51 v\r]J)|Yu[Q%/M?-]#tY\'TD7:r:e;qu&svq\n,\\\0&7n/5kh`?\"	@D\\&D6\'el#x4:a}ihe{]=OlMRICaZY}4v0[Cj FW7=S7[.-<3b;]Bih\nuq]D9PfSt>z~!V\Zui*bWr~xJ^Mg98q.DN:.[nR[\"!MHRq	Zj\nmJL4U\0	9Mz$?{y.7oEM6Sa}G{{]\r6P/spMMMI?.ZwT:cshxxp8j>\ZDM&IY%2\r{\\OH$\"2Jt&fn/QOOO9r$`2Ti\nL%^tULv8@%\"t,BKTVGhq(T<JFi87\\Au\\.Gd?%\Z!)j>TtV(N!kX&zk\r&MP\"c5<,\n\'_k$IfnTmYxkM.^?,niiA\\rzV;E,y^voh&]sRW?/.a4h#S;O|=UPr|V+TVk:%)*8(SDp*|x$v\\p_L	ler,Uws~5f:#MK~>zC+|&?#MTU%=\rEg:<IrL+q9t\'\\D^SsziF`\\HAzZP),wM#lhoS&*TwxgfLnENy\Ze \"Yg\nL+%nr|?7C9Uhh\r)LC!3T@VyqVe\r+[jHP1\ny\\eX*n\'Pml#YU!OrNC|wo6MU>Vr2j#!B/|5a	#S\"qi>`NvQv~,Xew#	k2Q7G+3B\r||!soM)SoFjK@d?\'<PTJ|Wsu?(JQ*1K\'x3}\0?p)1VCjrBgqa<QiRp~v\ZO@+PU=:zg.wBI\\_NxKkM?^AS<&y|\nL3U:_Rz`M@\n4-LvrBv&]|&?\Z?omLPO&)\0 rofoFe+1y`IXcNs!UD+&Izu:|0o/J$^_o79kf+v^tcE*`\"@&MU_\nP\0GU<6B	$yhEviSe:S92V;X AAP	IGf{ONug?w{YC|WZ$0#TP),{mB\Z*`-DEQx=0ydd$y;6<`M\\3z59]}fE!(z#i|\0.r6AB$@D8oYEHyvR|\n5EA5G^(un+\r3cggg*>rq@M	<N$&s	\0? q%*6e$MC=eaWy?M#\'\r\r!XGS%e`m*+YC <G-\'%WaM!?.)XNA,NLMmDe-LZ(hTa}; \ZQl-uZkKeN[66f*\nji\0Dma:\n\ZfaMec?i\Z	Fpe7pC*r?^don)4~nn==8mVQPe\0vWEZ#.	y.tt:EMA\rdv44P{t()+2i\rW:k*Pu\r\0+d\ZNsBr,QE\0$|y3fy`p71l<Q(>}O@M\"pr$h,u90RQ+o:\0X8dQ89a=1BiJ\r@i=^\r`\Z@T\nf`0Dv\ranYV^0RN\'F(2 Ss\nb9}us\"h~L\0y{zuc48KgP\Z,~OBM7ri\nQ1_L5ezu2!*5]@kla63Q\\fd4TBD8w?Ln\"\"nm+/[z/cDB@BW\"	-R|T\\Je0A1bIxq$kg=u\ZeJ_nS -*|ZRl&Km>O(GV$@/Y|O3R-?Z\'0T68\'19MRQ/.7hj $Ux?`0\0xs6&A8oaV*6[_9-7qu/Otwe)!G_}jm b4t4<PF	Yy( YfaudqZ(\0-&a dYHdr*FY&,.Ll$JU*w%`~TU4S~	^*JpP88Q@_f K%:,4WwPhJ\n3\n\rTxFFF (3D\ZT@j^x\"K;/g-/^|oZUxL 80_La*@<rEJbDmA*yciB Hh!`	\\R{RFE	2g=}u|&\"3|M|Y-P|</$:ZH4E^x&RPa7\Z/n	1t6SA[\'CZ)\rHl,E)}`\'Zi+d@hi{	?i6r~\"RYcE:H6CLx\'b/WO<}8\"t;I~(!	giUqGA\\q(m<[)dr-NBvp\Z?Q=N34Dj\0~|*2f\nhZ|4)*e$RPp4H+s:|2HW<+DiNQlyt3T\\bsff>#d0J\r5nxBQ%S\ns100\ZOJGTWWyjv`	[sGaL\Z{m\0]]	h&#@icct+a	MG s#(#@Tk24ek\'U\0Ivlm\nqnLLw_\Z=&5\n<iGNH`UP]`oO\rh}$p?F_v@QaZ x1kzp>w?x1|t\n*rLp=!#](+eNL(q\00Wa3wayW_3X%\0\0}CH\n<g]pV89%gF`[-ym/b[rz+PY$15!g\0 #N) EYXj`:wL(>|m~v![v(Mh/c7/\Z_~E>/%FH#pv	]d t O3_!u&x]vlkW\0mwC8v^q\'wF@yLq(x~,\nDGqU\ZB\0\0\0\0IENDB`',NULL,NULL,NULL,NULL),(38,'sys','quickAccess_updateProfile.png','image/png',5535,'2013-12-14 18:15:36',5535,'PNG\r\n\Z\n\0\0\0\rIHDR\0\0\00\0\0\00\0\0 \0\0\0tEXtSoftware\0Adobe ImageReadyqe<\0\0AIDATxb?$\'\'o)(A.dg_\\A	\'O/GT`c0I943$Bz0,WQjz?``N%,\0\0sCccN~_}= >\\Q\'=z9g{$Cj7q7;%,\0+Bd^\0#U O@CC[~pqq0311-ea@@_:AA@A!@hx\"\0@1yu/b\r5v32g Wi/\ZuOFhp8#/rg`,e*{;Nf;`HpKg1Dw.=@ \0~   EVVGYE50 7%LT/ecd=d31220y\0.asg}_?008mp^[g_3v^<~tS=/IKH01e%@IQbx{AAH[!(?o\Z1\nc]\"uNn=R	`3,]^z \'|a9\r@/N|t\'(~c`aor\"W2,V	&-D_]?|` 63W18yga|0?~gs>_3CO_PVu!Ma9gB\r ;C\"2H4\"0\"4@0vm;;?\'yy4VYY	I[N2].f M^Eaz9m6b)P<(p#Bl\'\"puw1uytaNlVdF^&:IE;g/Qqq1Wj\nX5#g\0Us,&nA$nk8Rjgc\0`\0PJj\"FyQkS3x<xB@1M/N;07Kkr^*B4~<OQ!SGII28K6UsBaZ>>qUn6+_qHU=Og9^:#;<!l.}f\Z}CPD)3:B5>ChrM%e!q1:V&\r4&f	<p4nQ6\"5	SH4$\";!G z#mo@uG74B?G-v+OUL)D\"R\"~^Dse^T4?B E,\\k9BT	Rz\"JD[{nTs\0WilTU>73o.C[tZ[VZBV@$(\r4$`h\"4\"DRP%68a2N-cK(%}M{9w8o1v}^@%uK\r/TVcO?\nQx>meuxl6&Acc#Coo/b,y2`FrsiiY\':D\"QEH$B\'=0u;A1FMot;a0%P]]zFVVMbR))X975x\r-}a5@_B0=E(xDS5X<+zS%\"##`O6~obx0-\"!:2vb?\rdy8{oO;wsK\'?__U@sDFCY]o[FH$GE)HYlI5w!`=2\rIn`0|rJaOG>]%^;w}k`{1*B.\'7/RjrH3lNYYwhChM1f@\0zz{(dGIG^rL?	0pbHAx>--nxu\Z%,o>fK$T]$Z2|:/R7y;	Sw#)J5EUobA_X`J^+RWO.apsg<bDZH/O@y>{>\r9&`qD88O)t~TBCpl=`/Jb4\"]DLh^Lwp\nA/,k\Z:h7)z7Yu\"Mel,M; iiyBY=55J	X(W%rs74Tl`/by4swQduL>R\r(c0#Y55w0pX\'ir\"<nPSWVj<\"7;a#,leAU0-l\"b[Iycp\n%\r i-tikh|D-(BQ|-e#m.\n:#<O%R:UZsL[~p&[ndK&9`<pd5$(wEg<b7i\0(~=>qyk-%\Z}_wq~zzX\0Y	l*b@BB*IhEDU(BZT	mTBZZ	\"mI	((`b[{xwggvg^7k7,0{{C&Dt,]D\"	zA@{nw#`&	*8Nh\r]G$U 76I0DRN\ZC^WRnN.t_UtF7qkB)EFNNl0hT}J<;$|$G%FM\\[99|dW9s0@<\n]`\na$wq% d+#B\\\"Y02&S_\r7Oh1O)Usifp\'}KaopB\0G7{]3Kmy@z}[[X\"%4zc:I!S@[]6mOJNE7uuu\0	Y/cNhqHSb3<Nze[.y$f/qH4Tr@c/A}4/c%dy(9Au;\"k$	[%ed!sJ\\&CooA}soZDvr35&Nr@b	$hdFbL1MKq|SS/lcFiezS	r9V+V$8 c%F2j0w~wI~P\0;-s<Gw(s_qhQ$)\nY{BtcHdoW\\j;PBCt<c/Rn/3zgSU9Ggu~(!M@Mfv_\"UA\nIRzmJQ%~\rmgUEbWZ6*;]en<pn=c{(nw.Q\\*rx	pgiUL}1  =[]|y~3^TDP,_kt`#Bb1me)).VMTjA#oIH\nJ(42zG[?9]*oY~bi8>G)Eb im*b\"D!o)Ov;_ID/)s]|,]N<ZQ~kih$+VKJr/fIEweE]5ghgI/=|>e8{W|b}y\Z3TN?T)lX5l\nSd$>#>bF%NbtR`h28a[- kPJQh8h$jZi<\'-fZF=We>zBJo ,fI,2WHc]i:hlJ\n)%8\\|,Kh.`\'D?!hMkt5?X]?Els>xwMvLDx-Q:^?OVp4oRX9h`!!e87Wg]Aq([x87nC\rvM)VF[zAN	7>/Zd;N)R(x,N>0\0kTn\Z5MZG}s;M^p9J%e+,J2YH_(~I1s<\")\ZWoPoBBGd|m^j6JD~%BMxppBg2ZxTa.^Y(R:[u#**C1\\D~7f,\\	zS[b	o,	qO(pN\"R-=$QFYaiI/*h1\Z}YTN7pL`/:`]:!v}?_9s:M QX.|YrZv}>N0ap]%\rHIE(rB\'{;nZ<of/[IwvI<c:\"|\"z\Z\rr/\'5V*s<~=\\M+Z+_d5z&$;_p\0\0\0\0IENDB`','PNG\r\n\Z\n\0\0\0\rIHDR\0\0\00\0\0\00\0\0 \0\0\0tEXtSoftware\0Adobe ImageReadyqe<\0\0AIDATxb?$\'\'o)(A.dg_\\A	\'O/GT`c0I943$Bz0,WQjz?``N%,\0\0sCccN~_}= >\\Q\'=z9g{$Cj7q7;%,\0+Bd^\0#U O@CC[~pqq0311-ea@@_:AA@A!@hx\"\0@1yu/b\r5v32g Wi/\ZuOFhp8#/rg`,e*{;Nf;`HpKg1Dw.=@ \0~   EVVGYE50 7%LT/ecd=d31220y\0.asg}_?008mp^[g_3v^<~tS=/IKH01e%@IQbx{AAH[!(?o\Z1\nc]\"uNn=R	`3,]^z \'|a9\r@/N|t\'(~c`aor\"W2,V	&-D_]?|` 63W18yga|0?~gs>_3CO_PVu!Ma9gB\r ;C\"2H4\"0\"4@0vm;;?\'yy4VYY	I[N2].f M^Eaz9m6b)P<(p#Bl\'\"puw1uytaNlVdF^&:IE;g/Qqq1Wj\nX5#g\0Us,&nA$nk8Rjgc\0`\0PJj\"FyQkS3x<xB@1M/N;07Kkr^*B4~<OQ!SGII28K6UsBaZ>>qUn6+_qHU=Og9^:#;<!l.}f\Z}CPD)3:B5>ChrM%e!q1:V&\r4&f	<p4nQ6\"5	SH4$\";!G z#mo@uG74B?G-v+OUL)D\"R\"~^Dse^T4?B E,\\k9BT	Rz\"JD[{nTs\0WilTU>73o.C[tZ[VZBV@$(\r4$`h\"4\"DRP%68a2N-cK(%}M{9w8o1v}^@%uK\r/TVcO?\nQx>meuxl6&Acc#Coo/b,y2`FrsiiY\':D\"QEH$B\'=0u;A1FMot;a0%P]]zFVVMbR))X975x\r-}a5@_B0=E(xDS5X<+zS%\"##`O6~obx0-\"!:2vb?\rdy8{oO;wsK\'?__U@sDFCY]o[FH$GE)HYlI5w!`=2\rIn`0|rJaOG>]%^;w}k`{1*B.\'7/RjrH3lNYYwhChM1f@\0zz{(dGIG^rL?	0pbHAx>--nxu\Z%,o>fK$T]$Z2|:/R7y;	Sw#)J5EUobA_X`J^+RWO.apsg<bDZH/O@y>{>\r9&`qD88O)t~TBCpl=`/Jb4\"]DLh^Lwp\nA/,k\Z:h7)z7Yu\"Mel,M; iiyBY=55J	X(W%rs74Tl`/by4swQduL>R\r(c0#Y55w0pX\'ir\"<nPSWVj<\"7;a#,leAU0-l\"b[Iycp\n%\r i-tikh|D-(BQ|-e#m.\n:#<O%R:UZsL[~p&[ndK&9`<pd5$(wEg<b7i\0(~=>qyk-%\Z}_wq~zzX\0Y	l*b@BB*IhEDU(BZT	mTBZZ	\"mI	((`b[{xwggvg^7k7,0{{C&Dt,]D\"	zA@{nw#`&	*8Nh\r]G$U 76I0DRN\ZC^WRnN.t_UtF7qkB)EFNNl0hT}J<;$|$G%FM\\[99|dW9s0@<\n]`\na$wq% d+#B\\\"Y02&S_\r7Oh1O)Usifp\'}KaopB\0G7{]3Kmy@z}[[X\"%4zc:I!S@[]6mOJNE7uuu\0	Y/cNhqHSb3<Nze[.y$f/qH4Tr@c/A}4/c%dy(9Au;\"k$	[%ed!sJ\\&CooA}soZDvr35&Nr@b	$hdFbL1MKq|SS/lcFiezS	r9V+V$8 c%F2j0w~wI~P\0;-s<Gw(s_qhQ$)\nY{BtcHdoW\\j;PBCt<c/Rn/3zgSU9Ggu~(!M@Mfv_\"UA\nIRzmJQ%~\rmgUEbWZ6*;]en<pn=c{(nw.Q\\*rx	pgiUL}1  =[]|y~3^TDP,_kt`#Bb1me)).VMTjA#oIH\nJ(42zG[?9]*oY~bi8>G)Eb im*b\"D!o)Ov;_ID/)s]|,]N<ZQ~kih$+VKJr/fIEweE]5ghgI/=|>e8{W|b}y\Z3TN?T)lX5l\nSd$>#>bF%NbtR`h28a[- kPJQh8h$jZi<\'-fZF=We>zBJo ,fI,2WHc]i:hlJ\n)%8\\|,Kh.`\'D?!hMkt5?X]?Els>xwMvLDx-Q:^?OVp4oRX9h`!!e87Wg]Aq([x87nC\rvM)VF[zAN	7>/Zd;N)R(x,N>0\0kTn\Z5MZG}s;M^p9J%e+,J2YH_(~I1s<\")\ZWoPoBBGd|m^j6JD~%BMxppBg2ZxTa.^Y(R:[u#**C1\\D~7f,\\	zS[b	o,	qO(pN\"R-=$QFYaiI/*h1\Z}YTN7pL`/:`]:!v}?_9s:M QX.|YrZv}>N0ap]%\rHIE(rB\'{;nZ<of/[IwvI<c:\"|\"z\Z\rr/\'5V*s<~=\\M+Z+_d5z&$;_p\0\0\0\0IENDB`',NULL,NULL,NULL,NULL),(39,'sys','save.gif','image/gif',1691,'2013-12-14 18:15:36',1691,'PNG\r\n\Z\n\0\0\0\rIHDR\0\0\0\0\0\0\0\0h\0\0\0tEXtSoftware\0Adobe ImageReadyqe<\0\0diTXtXML:com.adobe.xmp\0\0\0\0\0<?xpacket begin=\"\" id=\"W5M0MpCehiHzreSzNTczkc9d\"?> <x:xmpmeta xmlns:x=\"adobe:ns:meta/\" x:xmptk=\"Adobe XMP Core 5.0-c060 61.134777, 2010/02/12-17:32:00        \"> <rdf:RDF xmlns:rdf=\"http://www.w3.org/1999/02/22-rdf-syntax-ns#\"> <rdf:Description rdf:about=\"\" xmlns:xmpMM=\"http://ns.adobe.com/xap/1.0/mm/\" xmlns:stRef=\"http://ns.adobe.com/xap/1.0/sType/ResourceRef#\" xmlns:xmp=\"http://ns.adobe.com/xap/1.0/\" xmpMM:OriginalDocumentID=\"xmp.did:8A7BB47ADB69E011910CA28F37913800\" xmpMM:DocumentID=\"xmp.did:8375AB4E69DB11E0B4219AE9E4956031\" xmpMM:InstanceID=\"xmp.iid:8375AB4D69DB11E0B4219AE9E4956031\" xmp:CreatorTool=\"Adobe Photoshop CS5 Windows\"> <xmpMM:DerivedFrom stRef:instanceID=\"xmp.iid:8B7BB47ADB69E011910CA28F37913800\" stRef:documentID=\"xmp.did:8A7BB47ADB69E011910CA28F37913800\"/> </rdf:Description> </rdf:RDF> </x:xmpmeta> <?xpacket end=\"r\"?>\\\0\0IDATxb?0E#Lz?|c\0 ojX&Kex%@\0\0fY;1}A\\\\w0|W!\0o~\rq7M3&T~!g)f&F& gtZ\n5.\0vYy2002 &/=_97:kO|d#XR}%2p21tPZOFK\0\0/$?{o?!6015g9oE#0}o0~	\078\0\0Wh1+`XyKC:{oX7`8}FfJL%Go~u+	du\ZO20122p3w`bx/O`Xf3@I`0iKD%:V! AgP\0g\0\nUEM2|4@A KN?:U_/EceN`\ne`0;p<J\0\0pO\0\0\0\0IENDB`','PNG\r\n\Z\n\0\0\0\rIHDR\0\0\0\0\0\0\0\0h\0\0\0tEXtSoftware\0Adobe ImageReadyqe<\0\0diTXtXML:com.adobe.xmp\0\0\0\0\0<?xpacket begin=\"\" id=\"W5M0MpCehiHzreSzNTczkc9d\"?> <x:xmpmeta xmlns:x=\"adobe:ns:meta/\" x:xmptk=\"Adobe XMP Core 5.0-c060 61.134777, 2010/02/12-17:32:00        \"> <rdf:RDF xmlns:rdf=\"http://www.w3.org/1999/02/22-rdf-syntax-ns#\"> <rdf:Description rdf:about=\"\" xmlns:xmpMM=\"http://ns.adobe.com/xap/1.0/mm/\" xmlns:stRef=\"http://ns.adobe.com/xap/1.0/sType/ResourceRef#\" xmlns:xmp=\"http://ns.adobe.com/xap/1.0/\" xmpMM:OriginalDocumentID=\"xmp.did:8A7BB47ADB69E011910CA28F37913800\" xmpMM:DocumentID=\"xmp.did:8375AB4E69DB11E0B4219AE9E4956031\" xmpMM:InstanceID=\"xmp.iid:8375AB4D69DB11E0B4219AE9E4956031\" xmp:CreatorTool=\"Adobe Photoshop CS5 Windows\"> <xmpMM:DerivedFrom stRef:instanceID=\"xmp.iid:8B7BB47ADB69E011910CA28F37913800\" stRef:documentID=\"xmp.did:8A7BB47ADB69E011910CA28F37913800\"/> </rdf:Description> </rdf:RDF> </x:xmpmeta> <?xpacket end=\"r\"?>\\\0\0IDATxb?0E#Lz?|c\0 ojX&Kex%@\0\0fY;1}A\\\\w0|W!\0o~\rq7M3&T~!g)f&F& gtZ\n5.\0vYy2002 &/=_97:kO|d#XR}%2p21tPZOFK\0\0/$?{o?!6015g9oE#0}o0~	\078\0\0Wh1+`XyKC:{oX7`8}FfJL%Go~u+	du\ZO20122p3w`bx/O`Xf3@I`0iKD%:V! AgP\0g\0\nUEM2|4@A KN?:U_/EceN`\ne`0;p<J\0\0pO\0\0\0\0IENDB`',NULL,NULL,NULL,NULL),(40,'sys','systemLogo.gif','image/gif',3277,'2013-12-14 18:15:36',3816,'GIF89a\0+\0\0en*mr.tx8x|8I|E, IR^V3Bf[[aVQbLE@KFA4hn;\':+-&/uZ7!}gJP)rmmyo%#h].AcdY40r&0OPy/V2znRTOpL4 kG=A,]A:5[=FyhUhp5QG&lwe9FePG1@)tZ=EZC+WK=^dNS7]Vd:Q_XKDn_aS[NpqVkzvlrl_za|js!Created with GIMP\0!\n\0\0,\0\0\0\0\0+\0\0\0	-/X*\\#JHEu;WI(S\\0YZs7`1sO\rHeO`QPJe=cnI}\\:]bN}JSUvuX_~KL3k0(PB-_Fs1#cMs=\Zi-i:CVk=3wwfEb/)JK58b6 z(0Jb	%t.Ap&D-b3.hr-|`ihH&iuJF)RBI2Xfe	4I7|M &+0L?@yNl)tea|%%#Hg&cj9h%$<Nv)\"-1?(v$/`As6\\j&,F+m_CB T\noN(8B\"\\F^kJa\\ .K\"pHb\n\"	 a0j4\r2T.9-d9DR6!	890?J0=t$;l26l!8D `5S0X\\a^\ZfiD[oA\"l-0	_8Z@yof?Q	[+A*I=m!ar#E?(!D=&\"@^c8_z8-\n_d`F\"t_DCklHO}:?*JV?W={A8\r.lWaVh	T3t!|q\Z<e*q>DCOz|*	sfw j?8[&FE-k@ \0yFC/o&C\00&A	%0A\Z\nsEP#,(6(F>jy=2<huz&G<fAq,C11|8D-1Z\ZP&<E\"\0}r]^XE!V0\'\"T> Fl#\ngY.4\0R=#daojG5=E( u-@0wBCp\ZP|E\ZpZ4I5-^\07UG@.	p=a3Y4,F< \r@T)\rZMv\'<p.(\Z|Qmi*G<\0.<Dv3:\r)MR+b\"w]T\'X`C!7\0\r6i!ZcDEL*iBmD#:yUhS>Dp\ru7\r;wG?I#(BnZ1IoXx\Zy9y&\0iLn7s	]u60`z#<\"\rt(ePwyNmShBZs&3\rHH\0ER8Rs\rX877q=`Z_^\0aExr@?,d\0xuz\0X un,|9h9	PY<f@PH1a\0PO29QG4sm(M|lF(L;E<\0!H\0eO#-\'\nGE}&a9-\"_A\Z}\r2R;y~orTCh5>GM\0@a4.F	0v4u1|_(8GbL8QvQP\0\0hH*s\0@ax\04`kEP\r3Y%(GoQ.P/L%5\rd`W|Qp9d\0\0\0sy;W2;Q\'8B(70	6Z,@h@*j&j?SH224xWuGgBuQ:`*?8M7?Z	+d e/S\'y& `3bj&0~=`x&xW\rI284X6x8:<>@hB \0;','PNG\r\n\Z\n\0\0\0\rIHDR\0\0\0d\0\0\0\0\0\0*@\0\0IDATxYyl}Z)RuZ,:d),I?EqH]	5anpIkK6\"+*$R-Kr]9,-!)9%0f~]a4-3Em4MNx[6l:mbtgn;MM5],vV;vnw#k2B.0rdfWtd($;MwQ=y[%%hq,_,Z\nxW.:|oGz%KGKAgc;%^UJj]%XiX)J{09GU\n[zMcOkXN2]g0-fu?XMh2bEnwA:FX.9=H`Tz/=wF5%6Y2eV`[l` Xf:j:}($#PoXQb}cQ[it99$FI,6f!s\'=dc`6?ai\rBZ/-X:w>~ym]t <@]\'9~#*[P_tBJlo!=6	-\0@qsHrN9L;BY;N\0DZQ@dAzWQNa-sq[K4xM1\'KQ{WB:F\\P,Tax,1.HC3Fz:];S;pT#5!/g<7SjaRcRRS4B6AhCf@\"kzX2s\\!+nd5\n4a2A#!R8eB?{M*>*O&~4 _Pw?.6cg,%b699KQD.\r`\'Jp\'\n\0=dXd/!Nb>,q`9\ZB!yDROdVf]l1=9a#(sQC)1\nR\0DvH=hh\n^44g}\rL3KVcd\"+`(u\rti3\'4R(j-;Tq|c?G_#z,!o!b-&Ux; V.C_[EQ#h./\ZGs	\nuN-3J\Z]uXw_2L\"tdhC]Z4~;JI&b.XW|a^4me2o(Q\n8UV<zv{O!|rP[6;W^-\\\\zu><:lHovt\ZHC\0<yT!&;709eFF,oZbhwp1EjK\nXEbjjP9:E_c:w`lnK#I[WOPxj\"C XR\rcF\'8\\4w {M_rY*_ 4^Jv++C`T,05zX,<}9VT=)5SBMk\nN~!2(n].#~Eda(+9-\"F1`i0%0n>Vjk<EAZ0/N/mSd.AJwm5R:GL$\'HJQHIG|%Sq~0T#1\0n^n2)/\rv1SL1)^Zk(Be\nTSL5bqh$y0}Cb}on=MZEZl^8b%a-O?oM]n(I8y+4KSGK`Dv9(;\Z?-h)soG|.=TdHF:4~L^PZ||1ff!LY>&f`^3yb?\'si5MhZ_u\rkyk/mPxw.XU*Tuq|\rLM;	\nCF;+gsWf!gl&)Q6a/ >1`\rn.;eY&M6dfX&jirVJ43hHR[-JE*dT,[Tk0D%E>\rdO\"Gpb:4DeQNU,m2x/3sOBy|MXpZC{n*S\'CpRE$VbmN3sSPq^%-w(~U:\n)8hM@@}:]D9ss\n\Zaa:1=6Vk^E,NCy0$+eE<wF,lf3\nRww2rrl\0E/j09{NJcj<_U|j~iD]\rc\Z@EM3A17td~MM\'M[v\"mYy/lTY%uhAH\ra\n	Qn=#@Q*Zx(;D*1t{}U@W_D*CI,djWN8vCpO^=0W;Hq#W5Yb5Eg#>1\0GZW y!H.L71Q$wg]z>%8zWF6aA:&Og!bHE8EY5RDu\'_y48xA\"g\"Dv	\\@`sxH\'\"OQ#8d^GW2~eH <8{mL|=HL\n.v\ZDHsFuAr\"|I<wlXz\n~8JLDnePXtXV(9bP!wf\0E.-<+HbfH(\">9OP89(2}D[qvqS-`9M\"%fE1 B:d=P-E)D7%zU\ZFXf\r\0#7i$*nJsNcI	n*B(N:UrSMg*N.}h(C7?@w$,k H\ZOgV4j=9dlN`JXW!p~A#6MCn]Olz\Z[>?6UyJ9AjQ7t95;<__.MNFmv;F2n^\'\0\0\0\0IENDB`',NULL,NULL,NULL,NULL),(41,'sys','view.gif','image/gif',1019,'2013-12-14 18:15:36',1019,'GIF89a\0\0\0\\AbL{t~}WcL0e0/_3_acqsmwz{!Created with The GIMP\0!\n\0\0,\0\0\0\0\0\0\0\0+\nD*\\d=xqf-j8H%2X:Xdc7e\r4cTXt.m#=\\!348!,Bx$7w	Cq& :R\0N<0\nHCVD\'&Y,H$,P$\0p@\0\0;','GIF89a\0\0\0\\AbL{t~}WcL0e0/_3_acqsmwz{!Created with The GIMP\0!\n\0\0,\0\0\0\0\0\0\0\0+\nD*\\d=xqf-j8H%2X:Xdc7e\r4cTXt.m#=\\!348!,Bx$7w	Cq& :R\0N<0\nHCVD\'&Y,H$,P$\0p@\0\0;',NULL,NULL,NULL,NULL),(42,'sty','login_form_icon.gif','image/gif',2059,'2013-12-14 18:15:36',2059,'GIF89a0\00\0\0j\\Aq`AtdD}bJteJbGbLxhHgMiR}lL|mRoIpUnSsWu_rZvPrWwZvZ{T{Oya{a~]z^Xe~aac^Yekfannhipfnyujpsmzzojy~xsw|~y\0\0\0!Created with GIMP\0!\n\0\0,\0\0\0\00\00\0\0\0	H*L\nBZH@^+L\0\\Yy*t,%#H\n)OXr&N\"Fe\n `x:C+bsP\0zaQ)A@C`d\"\06LPM5\rpRH(7sV4aH<,>7\\PA-.F\r\\8r#`QsEs<367y&F	X/_|Z+_K\Z_e0y\'Xj^o&\rX*n(L,3B1C.PC;$-tIaC	K/( P;*U+pr@TL0- #2(PbFi%B\rd9C4%l6\rdAq\Z,DP07@1C@*Q)NA=AA	C\'QCM0HdL@_PqDBL@PL=|	uaLL37*O=t	)zkEL4@N2y+->_a\'BvZ;0M:=5O?w!	1C$Y3K1CO>c?X?#lD\\aW4A	2b3{O1<9I+K.K<F\r`;}2;1:c)CiaI.6	a4R4+>|?\ZxK4.\rF1D]<|\r\ZSq-8b8,Kx!71\n4Ln<v\ZXT,@:N=wI1C3N?1oO,04>ANu?2q\nmx~F>&H\nR0l8\0at(~@ 43bP01Hq^@0ch0)}cQ&\"],2.zqo@\Z@Fj \Z.:W7Q_bxc1> &l1thp6ah#bX4 \0Dh 9\nM p0 \09p\0(|\0 ,\n8\0\0B8DP-T\nB2\0@\0;','GIF89a0\00\0\0j\\Aq`AtdD}bJteJbGbLxhHgMiR}lL|mRoIpUnSsWu_rZvPrWwZvZ{T{Oya{a~]z^Xe~aac^Yekfannhipfnyujpsmzzojy~xsw|~y\0\0\0!Created with GIMP\0!\n\0\0,\0\0\0\00\00\0\0\0	H*L\nBZH@^+L\0\\Yy*t,%#H\n)OXr&N\"Fe\n `x:C+bsP\0zaQ)A@C`d\"\06LPM5\rpRH(7sV4aH<,>7\\PA-.F\r\\8r#`QsEs<367y&F	X/_|Z+_K\Z_e0y\'Xj^o&\rX*n(L,3B1C.PC;$-tIaC	K/( P;*U+pr@TL0- #2(PbFi%B\rd9C4%l6\rdAq\Z,DP07@1C@*Q)NA=AA	C\'QCM0HdL@_PqDBL@PL=|	uaLL37*O=t	)zkEL4@N2y+->_a\'BvZ;0M:=5O?w!	1C$Y3K1CO>c?X?#lD\\aW4A	2b3{O1<9I+K.K<F\r`;}2;1:c)CiaI.6	a4R4+>|?\ZxK4.\rF1D]<|\r\ZSq-8b8,Kx!71\n4Ln<v\ZXT,@:N=wI1C3N?1oO,04>ANu?2q\nmx~F>&H\nR0l8\0at(~@ 43bP01Hq^@0ch0)}cQ&\"],2.zqo@\Z@Fj \Z.:W7Q_bxc1> &l1thp6ah#bX4 \0Dh 9\nM p0 \09p\0(|\0 ,\n8\0\0B8DP-T\nB2\0@\0;',NULL,NULL,NULL,NULL),(43,'sty','posweb_header_background.jpg','image/jpeg',765,'2013-12-14 18:15:36',690,'\0JFIF\0\0H\0H\0\0\0Created with GIMP\0C\0\0C\0\0\0\n\0\0\0\0\0\0\0\0\0\0\0\0\0\0\0\0\0	\n\04\0\0\0\0\0\0\0\0\0!1A\"aQSq#bBR\0\0\0\0\0\0\0\0\0\0\0\0\0\0\0\"\0\0\0\0\0\0\0\0\0\01!Q\0\0\0?\0!bib4fD>L54n)k\0PW?@\ZI+Xh\06\0[$@*&*ECpDY!-HDL4R\ZAI4\"1t	D ^h\Zs<)\"$OxH\n:bD6a9sQVWh?)\0IeGrO3qt$L&._J[~?@h`@k.\n\\mmw?6=B2!o[ft@2\Z4Nr{gOZ\'8z1mD6OM	{pYp5*ubEY7\\GOWb\' ,o-CF)\ZE0)(FZm(','\0JFIF\0\0\0\0\0\0\0C\0		\n\r\Z\Z $.\' \",#(7),01444\'9=82<.342\0C			\r\r2!!22222222222222222222222222222222222222222222222222\0\0d\0\"\0\0\0\0\0\0\0\0\0\0\0\0	\n\0\0\0\0}\0!1AQa\"q2#BR$3br	\n\Z%&\'()*456789:CDEFGHIJSTUVWXYZcdefghijstuvwxyz\0\0\0\0\0\0\0\0	\n\0\0\0w\0!1AQaq\"2B	#3Rbr\n$4%\Z&\'()*56789:CDEFGHIJSTUVWXYZcdefghijstuvwxyz\0\0\0?\0*(p(QEm_z\0]=nvCw+U_2h',NULL,NULL,NULL,NULL),(48,'sty','top_background.jpg','image/jpeg',28986,'2013-12-15 02:25:28',1130,'\0JFIF\0\0H\0H\0\0\0Exif\0\0MM\0*\0\0\0\0\0\0\0\0\0\0\0\Z\0\0\0\0\0\0\0J\0\0\0\0\0\0\0R(\0\0\0\0\0\0\0i\0\0\0\0\0\0\0Z\0\0\0\0\0\0\0H\0\0\0\0\0\0H\0\0\0\0\0\0\0\0\0\0\0\0\0\0\0\0\0\0\0\0\0\0\0\0\0\0\0\0\0C\0\n\n\n\r\r\0C		\r\r\0\0\"\0\0\0\0\0\0\0\0\0\0\0\0\0\0\0\0\Z\0\0\0\0\0\0\0\0\0\0\0\0\0\0\0\0\0\rDU\0\0\0\0\0\0\0\0sm\\F8}\n*YW(-*9L\0SX\nK\n,NsX\n0*.f+N\"3R)Fwq83Mo}RZKztU,;*9cFH<Lpnhg2i!=>{pJn[y|y[Ch#\r);^||7xvW0+1! !HA0LH@I@A!LVgA&Q\'8>+OCs_V_|.K&=~r\'r<O\\NN?c3=k#wbtL<hl[$L\"dH#z}c{zS}J~uq.u~s[g^KG_@CWy?q3D_GF`0\0L0L\0L0\00\0\000\00\0IfLYi1S{&mWW)LkG6O3WNb]VhsugeF.l<3Zn;:zI2&oY(.\0Sz\\;sOW	j|,yAm8}BWg_h\0\0\0\0\0\0\0A>	qzxWezi\"k\0D0\0\0\00I0\0\0\0LL\01!\0NXKDbEs%mO8ye[3*,6oI$r}zN\'uN|=W#f(fba9NI,o[E|[c>nd6\0/\'wZ,pN&:]\0\0\0\0\02=~^>b{Smx#?)HADdv vQxD% vDDD:6{w;9SzhpQllfRP67\0})\'V:$|Xs~[]e&oT5O=4}t^}eSi2_zn?V~|o&?G?;yU<*+Oh}vi7_/L[//Bp`/(/(b\n\\M9 B)t[j<g3hztq(<+hyF=7Aq6c=e1x>UG!yncT{^%Qx\0Qt	_L	5}!x/^NZv\0u|V&Ed\\ipbVx`ZFL$d\\a`dXY{49T]Z,T}M;8m]~]#kG|B1|%+>\nyOh\0Ks4,[EA`dX=nUOcU:oYfW~[Tuu3W6fY)cE]UPuNkDgE2.J2,J31+01+3|@0..Jcwi\Z2{]_\nLMir\'?Llkk(zUbpcz_Zo/=&(~s0\"1@*\0\0\0\0\0\0\0\0\0\0\0\0\0\0X2 \0\0\0\0\0 \0\"A$@\0\0\0\0@@\0	@	B/y	\0B\0MK0\'\\\0R@L	Ev\0FY@\"@A\0O\01\0\0\0\0\0\0 !\"013@#$4AP526\0\0$^&A?Og9^<$Y\r;7PPPPCCCCCCCu\r7PCCu\r;;;;;;7XPP%Tl\rf7P- JPea6ade@d;`dFY0=kF<	Y}F2d2\r;7XPPPD\"Lr^~YU\\mKv1W?OFFFFFd`#`JrGcoL6$3-+$#LP{-6mGm-U:V^	(dgA-w)wetUY\"k[l762U+76({jm/\\ieO]b*G.s\0uGrHH{	(IH%jhYjlCXG*lp^\"-a!6(&=YH>#XH	u` 3ysN[9H{9#N0%KT!D7_8qQr996e3\']dYND}$9qysjJ=r.qnx@rH[rfQ[\"-y|Jun$ME~#R[V^X>#R#\r%-8	$9DViXMvfiVsi1jZiJFb5FK~L8iJAZU&\"\n\"`F\Z&PI1)r*z3dn)131!\0dt4*bu{l%2@4ld7<yK[I<f}^mj%!}6\\QNm\n\'7f\"\ZKEJj\0,aUub:,GiL\0\"hc\0j0D%\0!U=mU*&-hK8v-Oz3#Qaz].vOa9vo#2IU#@p[+kX$\r@ufYO9bHD[\\l !\rKhKv<l\0XG9|32eBfW\0\Za{\ZO#\\WiXC\Z\r`\ZmSFQ4?:\0\\9	\n|%\"?Q(G I\"UX~AFJAl)vv/BilKbIFhQ#!)\"p*beqHB>H$PW?O&> C!CrT{q-a2!(x0_q@SzRQe!<\na*{cqgfQ-}]_[DD`e.!gF>)cI.rr[\0?w8]}\rwUE;ftHt|tHt{<<<<<#<<<<<<<<#<#<<#\nt\Zdt0jIsy{VMG)i\"=PIBju2KPTIE&Y|	PPPqH|]>LkrZ$>G({ry=j*\"$neWOjYQa.s[;h9bvQ~}ssLY\'`k\"qK?LV\"*cPoRa7{U_tEn9nI(6K=H\"nC 1fdBZ3jz~>M!t0q7\'g\Z]us<r	k9><O[uR-\0 ;DKXnMDmWrVOv8\n&ddddl22226\rFFFFFFFFFFFFFFFFFFFFF####\"*~fx)RJ5+EV]3[Q\'/-}\nE\":2[L [l2sv(l}f\rY!\'|dl26m+j$?\n!ky4;\Z.XW;\\\'?,\rT|E]Mxk\\Di<&{\n;I+djAq?))Tca7=al6\r#al6\rFFFal26\ral6FF2s+<g8\'+mYx#\0IiJ<\'~dqDEuT%6m3lLfJ<w(:Y&\\dMA`Hddl6\r~nBE$ZI9W$U*63q^+S;|-.\0\nY_kW1n[j`HB[O223Ldg###>}r2y*LpK$\rH&h+u h>U.RMd\"4ueHUR^Bf]A4%P%4\nA$$)j]JF8\0Cw>7[s}y#U,SDdl6FF###adddddl6\rFFFal6#aCfix8f*7\r-*JlSpT$(iCCPQ\ZA%&\r*e25K+)Z$ r3b_Mal6\r%KDt-\\W1y	r5M*%}SV,<j~,Z4Xp{b\'Zn)Rcm<dBls})sJZ%<\0dg##########adddddddl6\ram2#Vb[v\Zd>y^&\'g.$40#\'#\ZS 5N#Eh;xR226$Bq5KRe5sfR\\w21nIy1^q1U5	5!~\rUS[Dy,{T:NB\ryWTeFklFF##adl6\radl226al26FF#aZC\\}}a# 14$hacG&<SfIyA&t2(%C#addl\Zaa\0s\'#<7??x=\r~Z?\0\0*\0\0\0\0\0\0\0\0\0!1 \"0@AQ23aBq\0?=(6,l)#SR{.l\\!I%iR/fl6zY7|12^~tG.&GKc%;vG+^42GF>s>oeE#S_ge:2PBI\ZUz|}=0s2F4\0*N&}e$bmaenY8\08a*jk%~HVB(ADrNUj$z0%D<.$12RcF7o#yF7o#y##yHHX,HHsgF\'*iL[?FK\06<y%<Kx\0\'y$)C,\0\n/\'P(G^!rc2c\0$q%RMJf>8J\nZz:K/k$?c:w^*d`$mb4~5e6df>}]	l`1_aYeYeYeYeYeYef1edz,8%cdb0:/S9zYeD\0a\0+\0\0\0\0\0\0\0\0\0\0!1 0@A\"BP#Qa\0?{%:Xe\'D;\'X\Z+UwYwZ.>S$1+\rI(l*b#T,PT\07^F2W*TQ.i 4mD#T>7&UiU*a?T0OB^FRkC.l<:F[(dcvTY|Vsz },zA,\0k!1DEg0$dC(kIZ|Fy!MI\\4|Lk%\Zw@ Zne,i8=\n[m4MS|tp~-V~4Xac&~k(c\0I\0\0\0\0\0!1\"2AQ#aq 3BR0Pbr4@Cs$S%c\0\0?.VTp5e\"4nF;a;	KZM	Lk1cXc\Zk<cXc\Z51cX\Zk<cXc\Z51xc5k<cXc\Zk1cXc\Zk<cXLbc\Z1<cXO<c\0G\nc\Z11cX|c\0tz^<QB|QB|QB|QsGLbcX&111Lbx\Zk1xc5k1}\\HqQH#8P^yFV\0)/8)[nlH\"!:/XmaeX]6B/\n^k)[6\\	t+\0S\Z+G@5O<!NTOi\0.\ner`V;5?8.OPI\0\nu}2n[q=Pf\Z*)KHWXmi8F*LeiWQ%.E_iFuho)YHTIm|s\nrm\Z+\Zg]	U\"Z\'2.\n86qA&q\n!!10Q\0O>4LH_#Xq\n\r|cUiy[Ud<^x\\OFFd(\Z@dR_V,F#8>$Y\0Q}~zT`^\r1?f?Omb%r.p\rER| j]-m.<\Z\rK1).Q}[B.}l*Y\"\n#\"p+*bq\\k\n*0@>BKl|%v2tYH\ZJDPRm\'gcs(rL\ZI\'\\pHR\Z[ueQNU[bjjZK4+XSzyyR7_hu\0)]vX_\0hhHkA\n\'gD/W~\rP\rT\nRH`Ol<;Y&Q\0j6x;\0\rTa)S27<sP)KKw-^q;_1,\\w\n:jtapEr^7m\rlL8eU-2,i*NU%BgbG]eJAB\'mEc%7KiHV\nFm3]j_r*.,J0%$5i6[USay\"+%@q14Z8E\'d!xBBbas;!r-\nR%S6m\Z_8\0;K=U\nUB.XQAEv}7ZP0FJ\\YJB`zzPR}/_?fBB\0F\0[1\0##I &TmN8R]\"{IXHwy)C	D;`:\\Aq[[\0Cj_7tZi-m=2LKS|&J\nnbni$\n|?1k8kL\nO6bm\\Nc0mS.E!D/hEv}w1b%kQVJl|!VUX6@1\0c&<F\ZVna7\Z+m_\01dM)P/%N]uRy`{W\'Vaqk_T\0*U~>RN	kjKGf\Z+m]KT$E(AKd \r0-$Q\nKrTu+A$)}Pn&<\"Sr\'23MB;i )m\'Oe<!,6V$\\T1W[=TR]$Cti[EK(jw4L*i;y@Cv+uVD\ZW4@P!	h>Ehl1c0*\\k+~qb>JQ@0Y)Iiz%RzD6xmoDcKsL&xJm%BnXCiF2ZyYUiU>xEDnH\0BilYkwf<KKn1?\ncWby4S;l5:DSjTy,\0)EJEAUP?wpZai:VHx(0{bGb\\>\\n9--\Zl8s.Z~i\rSm6TEKU\r!nt{$vfMk0\r\rD4jW(fV$\0!elJT]}by]#>q<1o|\'1of1o|\'1o[8o|1o[c\'1o|1o|?X1o|\'1o[8o|1o|Y[8[c5}c?X1k|\'1o|\'1o|?X1o[`\n>p=\"1o[}cY~_RW4s}-ObMBk?`aJ*<1O/RU^GpGVmHG+FnXjF~b~k7-k5>|fenIrfW%{L!5L/C(K?617fE2{V=.s,<U]vOS-/ ?<bc eUR]X}X2;\'OnORn/@+Y\"fl>ttY6\ng\\)9zzqR/\\Jx}low+nNNbU~Oe7HF \ZzTk+ii7xbIX\"SVQ\r #*1fo}WC:eT%.ve@1+icdV&9%!Il\"^40n800 ]$m@]4\01gh4&:d[\08~hHvEfTS0+9I\'FRA -\\;)q.J)W$L6m/tnYF\Z8 2+HpKmE+	Vlra3h,7KnlMbW&dr>eR~vp@1RF\'EguCe@R0.poUxS3nZl0	;nMCm61/}as\r ^](,)V{SRv[EFQ\0c8tXmm3{\rhE-N&1Qd&@\\%\0%9nN1:#\Z}yJX1FBF5Ii)hXa9*]9P_X{g?Us adlC2nvk=;Bu=L]J.Ho1/4_Q\').K)$f0jdaEl)2d0P)Z_8-z!{BLLKo ^T\"\06p:\nh9fIfUTnS-89\'Bw#udUR(D~b^jY.!w37*_Ci4fZM 6m$ZW~~fj{fR}DJ%\'G]&2NNNA\rrT=<nMk@<STZBbO{*}Q0\Z\r0\0?/$9(U^O3[)*v\rg&:J\Zd`vE\nAtWx5\\p\\!plc\nmm^o6lwbY]l\r;PZd{j6EJla&4P7c\n(mil]B\\MkE\n.qPB[T\\6l?a>r,c2]Klm6nL,<(p\rT67B.R6Hd\\FwCCb^rrq%SB\"FP.&}K!JfQ:m<r1l)4vvCNQ/~*0f%)!j	Yi\'#HgS\\I\'8p5G:;6m(Mw!)\0?/tNh&(<Ox`Uvq)Q^hUa\r\re`LPJNh\0R8EP\r;a\n\".V#g\\_\"1(74lL87[1u|nS8\nSh$ffnuR,Y#+St%D9:XNpS8@\0|eis:*Dnvv^Beu_},7!vpAwG_\\ataCeX\n	TtB4hbGo%V{G\rErcMM1dJ#|thJ;Id}I5I4x8\0vZpu<)ed^H}A.\\f`Y  iKD-^A)ZQf\\M*&]6$B^t)_BoWibVTlg.IC\nB4Eb3M.K.bMR(V\"R4wa\nw6iM/JlQp!%yq!%W6*$\'\nq1aTh\nN(bpYo:z\\s7K$Dj}i\n)0J.y:z4T,ci\Z\0lW6kL\"a.\'`M:zt_%9o!}}h_UjFyJQR| p\nQ\\aVw&q@v%6|Ojet+,3*ATgPLG<JmH55!,POlCIi))XI^-\\%T!\':P%x%JONh\"`o!iq6w:M39Z\r)in=.kJRP (J~,S\0\0/[p?may\n\'\'v9D&b^m\0^sj}t]Rt#M\0OL#t\\`FjABWZm)Pcuk_6PNsSLrOi\0)\0\0\0\0\0\0\0!1AQaq 0@\0\0?!.Yf@v=B?Wz9f:(\0Z~W^v;\03O(?J\'`7YbmriV=nBcgV~A8^/&`Z4,OiBoz~IAzzoY\0:c,\'Lo=Gn2\ro(\Za@l?Q)59\r\"2VLjUvv&I}n/Mi_~M^q.~.<rBeM1<YPUio&A-&zCwihxyU\';l\n];e\nB+X_gh{P2s\Z\Z#%.SYHj97JC@,`mcMv;%\Z]_V=pAu,\ZQ<wXi\\|\'3/mz%o*v%]f{(~Te~6RmId-zU]`LXJFoi*2mq62;,mh-KEV7:YPaKicn5<QqlRL/72{Y~[4@?ps{G0>W\Z\Z#\rfNT{:*$i	W@zT!zP(\rfDE5J18z8WC\ZtG$GmCSW\r.\rq]:om1Q]/:j`R ~KHQ01\rfWpN<;W&`[u4>=	}nf-62+r\Z5k\'^eK#Yx\ng\rQD9<^ eL\0=;x rc4BBZ%`	#V5%**Whp1F/c1?li~}%FhPKPn7Ztx}$nO]Ke1\nb!)fo*}GQ{S0Wo)VpJ:cH.h\raG.SzJnx\nNkf@*{4iJ?\Z\Z\01N@V<anUW6#TC%r\Z4p:cX@}ni_Ku5yryr}/pC/\"^t;M>4:e7]|cZaM{d\'C*i9[8}iLE{4?vt$P *0{}myk.H\0YneP;(!)%*\nS\02\r4PL\\qo;>7Rl t&Q&0~\0\0BNntmdE^ea\ZDsaX{z|MzzufNOO\0@$pxT-\rDf\"tTq{r}KX3Pa5?W:=\\ ,kt(L@\\_W:g-+&F%H5lohHoL(m4\ZD]NM\'jHkp!IyN9!b`NIdtJkS?L53Lu\\!uDe@[w\'Tg;w\0MY\04}SHHiWI*	Fi+_[wGSl7d{C#~5\"kYg7M\0(\ZLir{~cijg!.9EGvH\\1Wh@pgc\"X}0kBI/8s,CICi7=7\\=PY?I[4ca\ZG,J@_\'IrYejeF&pS],:|Y7/\0 m5kptA2A3,=\Z|vk%S2Ae:8\0/|L	/3}n l1W(}X5*SP\"\r-y;hmh4j2}/*qOtJ>hcG%Ofo@y21=b[YH=!\Z%^0>\0ht< 3TCYLH(ZVs?!W/`XiK4C\Zh\Z\0;08se/-be|<p]8`-$_>?F?gOy\'9Ar y`\0q<:3GMX2`ggvCXZ7Sv\ZCr};nF_e-P-DTeV*my28bYq;}#M}B,\"Rsh^YThpqg\nTnL;9\0m-4*C+N!n>Ytv5>093r-w1]P6mVx^(MsT)4hh= gO.\\\\/IM.xAK\\<\'}K53s/\\E!{h]e^%f]\'7..eOr(]+n>u>?z+\Z.QZx&o)/x^_8R4n\Za	\ry~7j|1m:\r)yWS#=4cYq=YnDjZdL\nJ5.MAx- kp@\ZK7w2R&4u*($r	7%55irj$[Y^$TnP)fm_d]qNmzJx?\0t3 eb`Yh;wLS;!nJ30vN\\V\"Q4bY[pk\\(N0.V|6=W\rL3\"g5qAtSIC(\0!UZ &d/i~\\ez+)_d(wBjK}0\ZSUwx[qkm\Z5Y%\'\"e#S0\n@P/ispB|Lz\0X%&nnq/c!-thB\0\nZR>t{%gV[@NRPnK~Ng	{W\rjk)U()|4/0o9UA\n>?G|!^%=~NP0cSkvC\raA.\"D072uQ`C6ik,4vW1lxMEKUor<7E(OF\rPd}. .*(|aRCfzcv}>slE{	*dA)wWVZQ3W~!-zB:t)(0+I`[F9A]oB*E(fv\"]k\'8tQ?6\ZXZiz[[itF?-bz\rZm<fh)77V\"4L}:GEe.yO)<y<<yK//Yr<[)ryO(DMgJ044I-/Y-uz+?[&mhvv[,=F[\Z7q$<[\0U7Dk/h>Fj<	TVl6y^0B_;>^pxt;#S/W\'V5\'3yKS_yrTRXpf5@,XhKWx`mkoC&>aO4v\00[SLoWXuO91\'SdBI:^Z=>a@K\rp;~.2K09C]^`{Y\r \\\rBZ-Z{6O.j]_=^1S1V3y}%Lw `5`/->z/@#\0\r1)u+H:aF5\ZZ[,+(ky\0]RgH\nZVN74Lft]ThMQEWG1G`\ZALc.LDn@VBz&\0U\ZNM%nezJv\\cRU4UFMc)\\\'B)sq;]eSKJ}FxT s{kF_FVhzgi}}25)O	mN5e\rqF}JJJShb@\r,QVWmM,8N52Ha6l)>[`*n/m6\rq+^t?773^05ja3vP70}>2ITBSN;T!U VabkWAz-}vlAa(1YIv1@\"X\\FC! *.n$6TYeMhI&uag+Jm\0LYe^40\ZjVF^+lq\nQf>C\r\n%	{V!FYiT3\0\r|_C\0M :|h=FKiyzEuN1oHCiHR(W-q\"k>(Ph\"w%J^[+Eb1+`0%[-q#_|!\Zy\0t:;t7:6Rm[WW6CX:7::3N~s43i\0\0\0\0\0\0<\'E\0j]\0w+yayCFyru$25<mK-wLbI$8:Q\"-(M?{Ly\r,-c\"-#D;<8*K|_M\\[1,oRmB?uw<G?m=\\Ng:1V,<^rK`u}Y8XqHi?[tPG\0<r8(|h\0{al6,]sId2$D#\ni$*%wEI\rTtvy2G\'y4	Du<<<?8x7\0\0/\r\0(\0\0\0\0\0\0\0\0\0!1AQaq 0@\0?IXTKbeE%}+W_r*ee<?!h6+=bGc2?59S}Q|YMZ_=<#dO$_a{\0LjJdb:I6c4Q*^Q+D4#n\n\n>{|jE6`	JV\Z)H\"<|f*+{\rw!$}02FIXx!1:cvd,&bO\0j3\'$q>}qok,/^MRL(%LF(9\nzDF`]QzCy+NQ\\7m\\xap61ki!+![P1<cy1<cy!<A2b\rr1hYQE-\r,R;}A8MyR$xcPI`5k~dI\n/\"L\0)M)JR)JR)JSHFy55j+S1DC1Xw(REHP<*/(CzENo5R&Ee+)JR)YJRLeRRKC4o`L(jz1[KeFt?$qbG\"zb<<	kDAMGo]W\"#COO\"Cm#\0&\0\0\0\0\0\0\0\0\0\0!1A aq0@Q\0?iQ.	Nk43T|mS@8/\r!iLM<d4Ib#uq#$\'|SLkbGXQ=PlvR,1!&\\c8\rGA6DL*dciFF\'MK7o\nG;bA	nqIF$D6D%Dd+j7$1w+6y\"\n$&G\')JR)JR)J&&1J]pn%wp,!ez-m<U_	&cz%4oFmbCfCZCRz\"*$B$[11JZ(-X]7\Zs6Qx~1+KR(+l?EF8*bOa*Q(EERJJ+2VgitR(B)t-&0%5[^qJ]w?UG>\0)\0\0\0\0\0\0\0!1AQaq 0@\0\0?\0$,@V\n:<(Z{?/k\n,AKRT>6\0DZuJv |O)\')o{L>~	\0RTWf{\ns%iSgz@3p<o\retvxwvz<|~G#h~Yz(%`so[G(yF*}\ne-F m^Tb5uq~7*vK_=?*`x8ft\Z(oH)?s?utr~XZ4nPS2G	YW(~\\klyA{TKt_.s)YqX-M;6pU?&Ek	+6>R\\bh[>H*PlCQNh(-\rNTdeI-/s<Q+<\0.-nsNf_%	?YYue1X83cNP\\TV,V+\Z1Vw\'K,[.Y]#?tr]U`5}\"8J/PynWXL.WSsH.,I32h[;QD3;cl.H 1`Nlx~` IU:y|[4n4iAZ%CR.N1[F^doT~FE]%/s-VUzd55Bn\ruXp-IDa=aUv0S\'ysDr*:N7h|.[`:v\n.)7h/k`ft]-D_R>CooY#go3mk85c D36(R!5Ln|R]tj T(xQA)?5pfV\\p\"+\ZJe@N	(\0|BsfWIcQkrVO[H<J_*m Y-/\0%F5`]+ox\'8/J 547{(/0tbsK\r |*>#rw7fV``=*T@;>bb5/|76T9lWXM*8r)A&N(|jE@5P!@($m^hM]vjiB<MG, gqKQKm0<]{x(\'(qMMpV^(_W>}9E5r/	LCW(q*ONN* :XSxM\"eaJ[G&c	i[HNj hdZi>	`\0+*^|	rU09S\r!^^U\r8V:o,(S-TZ ;,TtSmYaDBIyNvRlc\\WWa4d\npnVFM\0L>WN\"	9+`c9TtfWyT6QU_lw^lwcU,b1XjKgl!tXx2xfe6/D6WQn%j8Ix6x[\0Gvar0}>Y%(W*$A@ZR735JTZ=rwXX {3}cRaaVqD@p\0|\0*W-q7w-T,wT-S]n{$)i6Y:-d\"BSt]?d%mA :PQkVN1S9@P* n\rR\0UU\rgmN3\nIf9Ip.c1CQ[Us(\0vij,1L6+,8-l^Q;.oz7+#>WA5\'(SvBPL!]bRr6Tco\0\0N.NtTXP/.3e*VJ_t^A.rXSPjU`KP[lRlq4^W,\0r,[&x)g[jZ ^y]pPK/<\\9{3\0amKYOr0Wr4KZEs37k<Mufnxif_3mJWX^n#n6\n]aa\r[q lGsoSg4o-eIrY_+0p#tYF@Uk7%(QXM1nwbAP+@M	`-yX 18#\'NZMYy5p+Cf@Z!)\\;#@=uxbo,&9=70_:iCl`Lh8ge	~/y-.r-VGO[.E\Z;DK4M0q)\n+wg)+Tt\0kS%F 5%+8G\nE?e;|Fn*uw:Smb\n7pw6Jrpg*M%UHE=j-AW%jd`S{{SX-5)c++D-Z!\r69\n&3.KP7b@(Vx7Okj\0	\0)6{@Pn(Y3y\0/9(Nr|_G/h,NhOIEd^JsuK7k^\".+\rnS|D[WPoxV-<+YZ ]|&VK\"v\r!C)=bElS\"pU;|^2\0i%vqcf720z-Pk<\"G@\0\0R[/mm8a?P\"-\0XD0\\}$jV)io+q?IH-xK,g=\nbM%!:\n+f(9yV&(9Xt7X>9Yw#a|U<u\'.n%PZPT<J^~[F(x]yR=`mTk6\Zd\Z^\0U7\n\r5%ITN(e-\nzG0\n.lUn/i0R1eeg0:@W*(*j7	@\01K$y/2lR@Qe\0wVqVV\'E-avvegw[1xJc\\d.K0)ZlB_ c3cps.{GlCBh.\nZ3ytwN\\7H)-=eJ%\n]K$8e};E80sXV\"#\0}LqZE2NLg5i~V,rxoRmszQo9;f/ :ryXV2u\n-<Ky%o?behvXZaq6K/~4EMVY+b-;]sU.vns:ZK8tC.m1H\0hBB@}dM^HF?qPPDxa!=eeh*3xPoL3Z\Z%E-NWY\'GCgYxl6dV<\'P445\nhl+|y0_\\Fps-0S4R\'xEn)NE=g1B\0p*,s;l=eVa8[k\06E\Z%D~~`\rabE%9}i!5wX.Q(]-pFvRQ\n@gFYgk#$aO-+y!ywHDmrlVi4QFF!)VX@:6X!Mb\0;!;!au[P*I)%ak|24Ejs0	J+2\Z}e\0Q!mqYFzmamUq[\nZ`x>Eh&C.B!+HSuB.KqsWhUjq[BDJ2*p)_hzO2u~m\0%oejlo+opEnN[*dsW9q*a\nK\Zq<8z:-)\n\r]zP[hr[#A\r!,,r2u@Lh@_wCc6%UZn.Z$3P\"{O!=kQ+E	N\0dUQ.uux1QG*jk]5~B!!UrTr2viAfwQi[\\2Sslen{c.UT\\R*zEff3~\Z-O-r[j\09`e2Klo%LM\'][][-5\Zk-]:z*jhCFM+rhGJ-\"|kLg|bE\0\Zij0iV=Jo.\\e-/	nl%NX\0#-G1B50?o@;}aVXsE\Z}W<A[a\0v\0b-61Z\0H8^0?@lF4Z(\r%rZ]M(VP\"DERJ^I=zP#	3B~n46H9b\ZhQ!\';bk*)c{#tD46Cv4d4qF.}H[EF	u\0`Sq!j\0 6Qp\\\nNlZ 8E\08)v4Pu* (8\0\0\n\Z]C$Wl}wa!4WIAyjv2(\0e;>.RVe7 Gy4Du).nowcXJP\Z,1J>mx8!_N%/VmnbCU3>b^G6:eXbsT{u-G-.&81J/rr+Wb;`WWL4FCN]0V_Z:@w0^jcKWQs*Hv\'PnSM0D\'\n*\\[TdmL[jfG_V$o=ojgh1Pq6teJ	2\\v^+362pE^%\n#{;Pj6HpZ|!F[Qr\r]y*UMm&PZ+QF=!h2CDoUb,D\0P.,\0Gl$gd\'\n.)3L<oX(U7h=S$[*vDD _(OPXT0U\Zh2kd\r VF@Y!AN^@*N\n\"x*I.%Kx:#LTK>&;DbyOV%<BdjP7_J=PHm1z:T\nWIK!/]V<\r+i0ZPfSFEQdi9\r0`\"L0!rz71\n^S:PK/fG\0P~yo}v;\0 8BrjZG!9!\"cL,+|WAEZw{i]89\Z.bmP#Rc\0t,Z%\rhjXB|1)]R<*~\"YPQ]k\0Vy1\0~s1^C\r6%4=uJSGf>o>[YXjqu~ FA	\Z<L!X=E5X)_\0#$X<$@g\\\Za@-P\0dvk&PyqjK^~DRZEYwJ*\0\0kS]8-t rKqhfb;\\FF&.`BT5\ZS C<Y	]]ApX],\0\0R//qU[VQXH8JRr#S(GWoga=Tfe/(-aercr9[7lBT\n75ZwL~evbwBeT\\Uw!R\raxzLb3eacP(.:f<GQY1.DeZs8 ayZ#=YLl3x]SdmKi#nE>P5Y&Y&pv[C;FtZ\ZAQ!t|{bXH98Le5A(K\0q+p~.xCt1Avf2F[.DbFjv\\Z8xU\0N vCo*p\\0\0q)T(.ryO)s6ZEVR~ #jA<LrAW@Uq]ed?GNPiD3FY6UV;*qvCLFh\0EQ9w$j\n^\niC!)[MpCMw<\"NCfs\Z],\n}@3T[2b\\:1C2eds	>!f;J.2\Zo{eF>%o\018#dlA^PwR+B3\r!~de\0X9F:*YEg>dEKht|	&!H15	@ExduK!Lc2\ZufD1\rXlz\"4x<ukU(Rkz!O]`PaBi_55@-R9!!ko0Nv&W_B\Z3/oF\nz7b)\0wUv$|XXlYnYI\0eO%t]_~uYFUI\"\nq:^*jf%M\"ukgPPX;kc?OYwpxZ-%X\\\n\ni7~QDnQe0rW]h,@4xIv8Er]\"	mi2J?\'e\rt\0]\r!l(>`:o5,DaKmuP8\"8&d\r(1.5xwM*} V-i}Dz6J?m 3Rzlu>g\Z\"\ZP\'?H<593f$V\r\r}FAF`vcT\05\0wu~}jdR@0MM$\Zw[hw_d]uHW4{4\0^_~D* n.j7iMrQvI?&\'jhhe|\'eve.*kvA8bAvxvD6tC]V&W	ueCikGt%`x J|+@\08	E\nU+2_>%.\\Ez}%_B	dl\\@h\'q40JjgUz5]Fn6+KP8\0,&2b}2{N,J6u\ZJ5YR	^spPB xZ\ne	MrUl\nV2ck\0alk!u;h\Z8?OP*F HzNmjf!-h&)@@Qz3Ljc 3n9:m8]@KLCY.RFf^paiPl\"4`\\CT4L.<l1Nd^s>#\nq:#;w)NzA66+y 1BC(?YV+.0#%E- p-2/Th%ZH*f`TY._|E.;a_2Ky%O+im\nP\'#PeV1bQSAD\n\r&s\\gUC7F,FgJX\0t6G?`A]}-QYu5QNg|r2\nen2S??08Cs\Z<ii\r{3yf\Zs#Hq\ZGCIvN&;<#1{mgg>}m\'fSw|\03?1#\r:&>8y9O:O','\0JFIF\0\0\0\0\0\0\0C\0		\n\r\Z\Z $.\' \",#(7),01444\'9=82<.342\0C			\r\r2!!22222222222222222222222222222222222222222222222222\0\0\0d\"\0\0\0\0\0\0\0\0\0\0\0\0	\n\0\0\0\0}\0!1AQa\"q2#BR$3br	\n\Z%&\'()*456789:CDEFGHIJSTUVWXYZcdefghijstuvwxyz\0\0\0\0\0\0\0\0	\n\0\0\0w\0!1AQaq\"2B	#3Rbr\n$4%\Z&\'()*56789:CDEFGHIJSTUVWXYZcdefghijstuvwxyz\0\0\0?\05k_9a,`KrBibcZF)ozwpq#KI;~umK52a\0Gm*6.@LmPy0k3Yf}\nT|X\'I4m&O6M:#)\09V6\0?T\ZwXwY]yi(cyy$oCF5gkm\00gth{1p.m>!\0nNI@N@<0=k{\Z|ZH(<pUn]rG#g}nZ[cX\r\rt?q0]8b\0= *-).?\'TFrtk\n{{5F*H8g+{q-J9\'6kxdEB2	tG\Z|c\\Q\\\'v?',NULL,NULL,NULL,NULL);
/*!40000 ALTER TABLE `images` ENABLE KEYS */;
UNLOCK TABLES;

--
-- Table structure for table `imported_ad_categories`
--

DROP TABLE IF EXISTS `imported_ad_categories`;
/*!40101 SET @saved_cs_client     = @@character_set_client */;
/*!40101 SET character_set_client = utf8 */;
CREATE TABLE `imported_ad_categories` (
  `id` int(11) NOT NULL AUTO_INCREMENT,
  `ad_import_id` int(11) NOT NULL,
  `existing_parent_id` int(11) DEFAULT NULL,
  `imported_parent_id` int(11) DEFAULT NULL,
  `name` varchar(100) DEFAULT NULL,
  PRIMARY KEY (`id`),
  KEY `FKFC5711BDA69BAAC3` (`existing_parent_id`),
  KEY `FKFC5711BDB79265E7` (`ad_import_id`),
  KEY `FKFC5711BDA7E88FA0` (`imported_parent_id`),
  CONSTRAINT `FKFC5711BDA7E88FA0` FOREIGN KEY (`imported_parent_id`) REFERENCES `imported_ad_categories` (`id`),
  CONSTRAINT `FKFC5711BDA69BAAC3` FOREIGN KEY (`existing_parent_id`) REFERENCES `ad_categories` (`id`),
  CONSTRAINT `FKFC5711BDB79265E7` FOREIGN KEY (`ad_import_id`) REFERENCES `ad_imports` (`id`)
) ENGINE=InnoDB DEFAULT CHARSET=utf8;
/*!40101 SET character_set_client = @saved_cs_client */;

--
-- Dumping data for table `imported_ad_categories`
--

LOCK TABLES `imported_ad_categories` WRITE;
/*!40000 ALTER TABLE `imported_ad_categories` DISABLE KEYS */;
/*!40000 ALTER TABLE `imported_ad_categories` ENABLE KEYS */;
UNLOCK TABLES;

--
-- Table structure for table `imported_ads`
--

DROP TABLE IF EXISTS `imported_ads`;
/*!40101 SET @saved_cs_client     = @@character_set_client */;
/*!40101 SET character_set_client = utf8 */;
CREATE TABLE `imported_ads` (
  `id` int(11) NOT NULL AUTO_INCREMENT,
  `import_id` int(11) NOT NULL,
  `line_number` int(11) DEFAULT NULL,
  `status` varchar(50) NOT NULL,
  `error_argument1` varchar(200) DEFAULT NULL,
  `error_argument2` varchar(200) DEFAULT NULL,
  `existing_category_id` int(11) DEFAULT NULL,
  `imported_category_id` int(11) DEFAULT NULL,
  `owner_id` int(11) DEFAULT NULL,
  `permanent` bit(1) NOT NULL,
  `external_publication` bit(1) NOT NULL,
  `title` varchar(100) DEFAULT NULL,
  `trade_type` varchar(1) DEFAULT NULL,
  `price` decimal(15,6) DEFAULT NULL,
  `publication_start` date DEFAULT NULL,
  `publication_end` date DEFAULT NULL,
  `description` longtext,
  `is_html` bit(1) NOT NULL,
  PRIMARY KEY (`id`),
  KEY `FKA3AAB0F5FCABEF03` (`import_id`),
  KEY `FKA3AAB0F541A07D8C` (`imported_category_id`),
  KEY `FKA3AAB0F5D45742EF` (`existing_category_id`),
  KEY `FKA3AAB0F5FE01A09E` (`owner_id`),
  CONSTRAINT `FKA3AAB0F5FE01A09E` FOREIGN KEY (`owner_id`) REFERENCES `members` (`id`),
  CONSTRAINT `FKA3AAB0F541A07D8C` FOREIGN KEY (`imported_category_id`) REFERENCES `imported_ad_categories` (`id`),
  CONSTRAINT `FKA3AAB0F5D45742EF` FOREIGN KEY (`existing_category_id`) REFERENCES `ad_categories` (`id`),
  CONSTRAINT `FKA3AAB0F5FCABEF03` FOREIGN KEY (`import_id`) REFERENCES `ad_imports` (`id`)
) ENGINE=InnoDB DEFAULT CHARSET=utf8;
/*!40101 SET character_set_client = @saved_cs_client */;

--
-- Dumping data for table `imported_ads`
--

LOCK TABLES `imported_ads` WRITE;
/*!40000 ALTER TABLE `imported_ads` DISABLE KEYS */;
/*!40000 ALTER TABLE `imported_ads` ENABLE KEYS */;
UNLOCK TABLES;

--
-- Table structure for table `imported_member_records`
--

DROP TABLE IF EXISTS `imported_member_records`;
/*!40101 SET @saved_cs_client     = @@character_set_client */;
/*!40101 SET character_set_client = utf8 */;
CREATE TABLE `imported_member_records` (
  `id` int(11) NOT NULL AUTO_INCREMENT,
  `imported_member_id` int(11) DEFAULT NULL,
  `member_record_type_id` int(11) NOT NULL,
  PRIMARY KEY (`id`),
  KEY `FK579F7038E46288C5` (`member_record_type_id`),
  KEY `FK579F703881B2B280` (`imported_member_id`),
  CONSTRAINT `FK579F703881B2B280` FOREIGN KEY (`imported_member_id`) REFERENCES `imported_members` (`id`),
  CONSTRAINT `FK579F7038E46288C5` FOREIGN KEY (`member_record_type_id`) REFERENCES `member_record_types` (`id`)
) ENGINE=InnoDB DEFAULT CHARSET=utf8;
/*!40101 SET character_set_client = @saved_cs_client */;

--
-- Dumping data for table `imported_member_records`
--

LOCK TABLES `imported_member_records` WRITE;
/*!40000 ALTER TABLE `imported_member_records` DISABLE KEYS */;
/*!40000 ALTER TABLE `imported_member_records` ENABLE KEYS */;
UNLOCK TABLES;

--
-- Table structure for table `imported_members`
--

DROP TABLE IF EXISTS `imported_members`;
/*!40101 SET @saved_cs_client     = @@character_set_client */;
/*!40101 SET character_set_client = utf8 */;
CREATE TABLE `imported_members` (
  `id` int(11) NOT NULL AUTO_INCREMENT,
  `import_id` int(11) NOT NULL,
  `status` varchar(50) NOT NULL,
  `line_number` int(11) DEFAULT NULL,
  `error_argument1` varchar(200) DEFAULT NULL,
  `error_argument2` varchar(200) DEFAULT NULL,
  `name` varchar(100) DEFAULT NULL,
  `salt` varchar(32) DEFAULT NULL,
  `username` varchar(64) DEFAULT NULL,
  `password` varchar(64) DEFAULT NULL,
  `email` varchar(100) DEFAULT NULL,
  `creation_date` date DEFAULT NULL,
  `credit_limit` decimal(15,6) DEFAULT NULL,
  `upper_credit_limit` decimal(15,6) DEFAULT NULL,
  `initial_balance` decimal(15,6) DEFAULT NULL,
  PRIMARY KEY (`id`),
  KEY `FKF8A856DE731AC71` (`import_id`),
  CONSTRAINT `FKF8A856DE731AC71` FOREIGN KEY (`import_id`) REFERENCES `member_imports` (`id`)
) ENGINE=InnoDB DEFAULT CHARSET=utf8;
/*!40101 SET character_set_client = @saved_cs_client */;

--
-- Dumping data for table `imported_members`
--

LOCK TABLES `imported_members` WRITE;
/*!40000 ALTER TABLE `imported_members` DISABLE KEYS */;
/*!40000 ALTER TABLE `imported_members` ENABLE KEYS */;
UNLOCK TABLES;

--
-- Table structure for table `index_operations`
--

DROP TABLE IF EXISTS `index_operations`;
/*!40101 SET @saved_cs_client     = @@character_set_client */;
/*!40101 SET character_set_client = utf8 */;
CREATE TABLE `index_operations` (
  `id` int(11) NOT NULL AUTO_INCREMENT,
  `date` datetime NOT NULL,
  `entity_type` varchar(3) NOT NULL,
  `operation_type` varchar(3) NOT NULL,
  `entity_id` bigint(20) DEFAULT NULL,
  PRIMARY KEY (`id`),
  KEY `ix_indexops_date` (`date`)
) ENGINE=InnoDB AUTO_INCREMENT=7 DEFAULT CHARSET=utf8;
/*!40101 SET character_set_client = @saved_cs_client */;

--
-- Dumping data for table `index_operations`
--

LOCK TABLES `index_operations` WRITE;
/*!40000 ALTER TABLE `index_operations` DISABLE KEYS */;
INSERT INTO `index_operations` VALUES (1,'2013-12-15 00:36:12','MBR','ADD',2),(2,'2013-12-15 00:37:32','MBR','ADD',2),(3,'2013-12-15 03:08:55','MBR','ADD',3),(4,'2013-12-15 03:11:01','MBR','ADD',3),(5,'2013-12-15 03:15:37','MBR','ADD',2),(6,'2013-12-15 03:35:56','OPR','ADD',4);
/*!40000 ALTER TABLE `index_operations` ENABLE KEYS */;
UNLOCK TABLES;

--
-- Table structure for table `info_text_aliases`
--

DROP TABLE IF EXISTS `info_text_aliases`;
/*!40101 SET @saved_cs_client     = @@character_set_client */;
/*!40101 SET character_set_client = utf8 */;
CREATE TABLE `info_text_aliases` (
  `info_text_id` int(11) NOT NULL,
  `alias` varchar(255) DEFAULT NULL,
  KEY `FK83C54DDDB4F0D375` (`info_text_id`),
  CONSTRAINT `FK83C54DDDB4F0D375` FOREIGN KEY (`info_text_id`) REFERENCES `info_texts` (`id`)
) ENGINE=InnoDB DEFAULT CHARSET=utf8;
/*!40101 SET character_set_client = @saved_cs_client */;

--
-- Dumping data for table `info_text_aliases`
--

LOCK TABLES `info_text_aliases` WRITE;
/*!40000 ALTER TABLE `info_text_aliases` DISABLE KEYS */;
/*!40000 ALTER TABLE `info_text_aliases` ENABLE KEYS */;
UNLOCK TABLES;

--
-- Table structure for table `info_texts`
--

DROP TABLE IF EXISTS `info_texts`;
/*!40101 SET @saved_cs_client     = @@character_set_client */;
/*!40101 SET character_set_client = utf8 */;
CREATE TABLE `info_texts` (
  `id` int(11) NOT NULL AUTO_INCREMENT,
  `subject` varchar(160) NOT NULL,
  `body` longtext,
  `enabled` bit(1) NOT NULL,
  `begin_date` date DEFAULT NULL,
  `end_date` date DEFAULT NULL,
  PRIMARY KEY (`id`)
) ENGINE=InnoDB DEFAULT CHARSET=utf8;
/*!40101 SET character_set_client = @saved_cs_client */;

--
-- Dumping data for table `info_texts`
--

LOCK TABLES `info_texts` WRITE;
/*!40000 ALTER TABLE `info_texts` DISABLE KEYS */;
/*!40000 ALTER TABLE `info_texts` ENABLE KEYS */;
UNLOCK TABLES;

--
-- Table structure for table `invoice_payments`
--

DROP TABLE IF EXISTS `invoice_payments`;
/*!40101 SET @saved_cs_client     = @@character_set_client */;
/*!40101 SET character_set_client = utf8 */;
CREATE TABLE `invoice_payments` (
  `id` int(11) NOT NULL AUTO_INCREMENT,
  `invoice_id` int(11) DEFAULT NULL,
  `date` datetime NOT NULL,
  `amount` decimal(15,6) NOT NULL,
  `transfer_id` bigint(20) DEFAULT NULL,
  PRIMARY KEY (`id`),
  KEY `FK1D3D3FFF2F78F3B3` (`transfer_id`),
  KEY `FK1D3D3FFFE9B959A1` (`invoice_id`),
  CONSTRAINT `FK1D3D3FFFE9B959A1` FOREIGN KEY (`invoice_id`) REFERENCES `invoices` (`id`),
  CONSTRAINT `FK1D3D3FFF2F78F3B3` FOREIGN KEY (`transfer_id`) REFERENCES `transfers` (`id`)
) ENGINE=InnoDB DEFAULT CHARSET=utf8;
/*!40101 SET character_set_client = @saved_cs_client */;

--
-- Dumping data for table `invoice_payments`
--

LOCK TABLES `invoice_payments` WRITE;
/*!40000 ALTER TABLE `invoice_payments` DISABLE KEYS */;
/*!40000 ALTER TABLE `invoice_payments` ENABLE KEYS */;
UNLOCK TABLES;

--
-- Table structure for table `invoices`
--

DROP TABLE IF EXISTS `invoices`;
/*!40101 SET @saved_cs_client     = @@character_set_client */;
/*!40101 SET character_set_client = utf8 */;
CREATE TABLE `invoices` (
  `id` int(11) NOT NULL AUTO_INCREMENT,
  `from_member_id` int(11) DEFAULT NULL,
  `to_member_id` int(11) DEFAULT NULL,
  `sent_by_id` int(11) DEFAULT NULL,
  `performed_by_id` int(11) DEFAULT NULL,
  `date` datetime NOT NULL,
  `amount` decimal(15,6) NOT NULL,
  `status` varchar(1) NOT NULL,
  `description` longtext,
  `dest_type_id` int(11) DEFAULT NULL,
  `transfer_type_id` int(11) DEFAULT NULL,
  `transfer_id` bigint(20) DEFAULT NULL,
  `account_fee_log_id` int(11) DEFAULT NULL,
  `scheduled_payment_id` int(11) DEFAULT NULL,
  PRIMARY KEY (`id`),
  KEY `FK25F222E6B3A79238` (`scheduled_payment_id`),
  KEY `FK25F222E62F78F3B3` (`transfer_id`),
  KEY `FK25F222E6A440355B` (`sent_by_id`),
  KEY `FK25F222E6A4766B0A` (`transfer_type_id`),
  KEY `FK25F222E69F954783` (`performed_by_id`),
  KEY `FK25F222E6C70B3BCA` (`dest_type_id`),
  KEY `FK25F222E66957A5AA` (`account_fee_log_id`),
  KEY `FK25F222E6823FB102` (`from_member_id`),
  KEY `FK25F222E69DCA1693` (`to_member_id`),
  CONSTRAINT `FK25F222E69DCA1693` FOREIGN KEY (`to_member_id`) REFERENCES `members` (`id`),
  CONSTRAINT `FK25F222E62F78F3B3` FOREIGN KEY (`transfer_id`) REFERENCES `transfers` (`id`),
  CONSTRAINT `FK25F222E66957A5AA` FOREIGN KEY (`account_fee_log_id`) REFERENCES `account_fee_logs` (`id`),
  CONSTRAINT `FK25F222E6823FB102` FOREIGN KEY (`from_member_id`) REFERENCES `members` (`id`),
  CONSTRAINT `FK25F222E69F954783` FOREIGN KEY (`performed_by_id`) REFERENCES `members` (`id`),
  CONSTRAINT `FK25F222E6A440355B` FOREIGN KEY (`sent_by_id`) REFERENCES `members` (`id`),
  CONSTRAINT `FK25F222E6A4766B0A` FOREIGN KEY (`transfer_type_id`) REFERENCES `transfer_types` (`id`),
  CONSTRAINT `FK25F222E6B3A79238` FOREIGN KEY (`scheduled_payment_id`) REFERENCES `scheduled_payments` (`id`),
  CONSTRAINT `FK25F222E6C70B3BCA` FOREIGN KEY (`dest_type_id`) REFERENCES `account_types` (`id`)
) ENGINE=InnoDB DEFAULT CHARSET=utf8;
/*!40101 SET character_set_client = @saved_cs_client */;

--
-- Dumping data for table `invoices`
--

LOCK TABLES `invoices` WRITE;
/*!40000 ALTER TABLE `invoices` DISABLE KEYS */;
/*!40000 ALTER TABLE `invoices` ENABLE KEYS */;
UNLOCK TABLES;

--
-- Table structure for table `loan_groups`
--

DROP TABLE IF EXISTS `loan_groups`;
/*!40101 SET @saved_cs_client     = @@character_set_client */;
/*!40101 SET character_set_client = utf8 */;
CREATE TABLE `loan_groups` (
  `id` int(11) NOT NULL AUTO_INCREMENT,
  `name` varchar(100) NOT NULL,
  `description` longtext,
  PRIMARY KEY (`id`)
) ENGINE=InnoDB DEFAULT CHARSET=utf8;
/*!40101 SET character_set_client = @saved_cs_client */;

--
-- Dumping data for table `loan_groups`
--

LOCK TABLES `loan_groups` WRITE;
/*!40000 ALTER TABLE `loan_groups` DISABLE KEYS */;
/*!40000 ALTER TABLE `loan_groups` ENABLE KEYS */;
UNLOCK TABLES;

--
-- Table structure for table `loan_payments`
--

DROP TABLE IF EXISTS `loan_payments`;
/*!40101 SET @saved_cs_client     = @@character_set_client */;
/*!40101 SET character_set_client = utf8 */;
CREATE TABLE `loan_payments` (
  `id` int(11) NOT NULL AUTO_INCREMENT,
  `loan_id` int(11) NOT NULL,
  `payment_index` int(11) NOT NULL,
  `expiration_date` date NOT NULL,
  `amount` decimal(15,6) NOT NULL,
  `repaid_amount` decimal(15,6) NOT NULL,
  `status` varchar(1) NOT NULL,
  `repayment_date` datetime DEFAULT NULL,
  `external_transfer_id` int(11) DEFAULT NULL,
  PRIMARY KEY (`id`),
  KEY `FKAF53099C617A8174` (`external_transfer_id`),
  KEY `FKAF53099CF9B21025` (`loan_id`),
  CONSTRAINT `FKAF53099CF9B21025` FOREIGN KEY (`loan_id`) REFERENCES `loans` (`id`),
  CONSTRAINT `FKAF53099C617A8174` FOREIGN KEY (`external_transfer_id`) REFERENCES `external_transfers` (`id`)
) ENGINE=InnoDB DEFAULT CHARSET=utf8;
/*!40101 SET character_set_client = @saved_cs_client */;

--
-- Dumping data for table `loan_payments`
--

LOCK TABLES `loan_payments` WRITE;
/*!40000 ALTER TABLE `loan_payments` DISABLE KEYS */;
/*!40000 ALTER TABLE `loan_payments` ENABLE KEYS */;
UNLOCK TABLES;

--
-- Table structure for table `loans`
--

DROP TABLE IF EXISTS `loans`;
/*!40101 SET @saved_cs_client     = @@character_set_client */;
/*!40101 SET character_set_client = utf8 */;
CREATE TABLE `loans` (
  `id` int(11) NOT NULL AUTO_INCREMENT,
  `transfer_id` bigint(20) NOT NULL,
  `total_amount` decimal(15,6) NOT NULL,
  `loan_group_id` int(11) DEFAULT NULL,
  `type` varchar(1) NOT NULL,
  `grant_fee_value` decimal(15,6) DEFAULT NULL,
  `grant_fee_type` char(1) DEFAULT NULL,
  `monthly_interest` decimal(15,6) DEFAULT NULL,
  `expiration_fee_value` decimal(15,6) DEFAULT NULL,
  `expiration_fee_type` char(1) DEFAULT NULL,
  `expiration_daily_interest` decimal(15,6) DEFAULT NULL,
  PRIMARY KEY (`id`),
  KEY `FK625D9832F78F3B3` (`transfer_id`),
  KEY `FK625D98354774F2E` (`loan_group_id`),
  CONSTRAINT `FK625D98354774F2E` FOREIGN KEY (`loan_group_id`) REFERENCES `loan_groups` (`id`),
  CONSTRAINT `FK625D9832F78F3B3` FOREIGN KEY (`transfer_id`) REFERENCES `transfers` (`id`)
) ENGINE=InnoDB DEFAULT CHARSET=utf8;
/*!40101 SET character_set_client = @saved_cs_client */;

--
-- Dumping data for table `loans`
--

LOCK TABLES `loans` WRITE;
/*!40000 ALTER TABLE `loans` DISABLE KEYS */;
/*!40000 ALTER TABLE `loans` ENABLE KEYS */;
UNLOCK TABLES;

--
-- Table structure for table `login_history`
--

DROP TABLE IF EXISTS `login_history`;
/*!40101 SET @saved_cs_client     = @@character_set_client */;
/*!40101 SET character_set_client = utf8 */;
CREATE TABLE `login_history` (
  `id` int(11) NOT NULL AUTO_INCREMENT,
  `user_id` int(11) NOT NULL,
  `date` datetime NOT NULL,
  `remote_address` varchar(40) NOT NULL,
  PRIMARY KEY (`id`),
  KEY `FK88A801BEA19267FC` (`user_id`),
  CONSTRAINT `FK88A801BEA19267FC` FOREIGN KEY (`user_id`) REFERENCES `users` (`id`)
) ENGINE=InnoDB AUTO_INCREMENT=17 DEFAULT CHARSET=utf8;
/*!40101 SET character_set_client = @saved_cs_client */;

--
-- Dumping data for table `login_history`
--

LOCK TABLES `login_history` WRITE;
/*!40000 ALTER TABLE `login_history` DISABLE KEYS */;
INSERT INTO `login_history` VALUES (1,1,'2013-12-14 18:17:31','0:0:0:0:0:0:0:1%0'),(2,1,'2013-12-15 00:25:46','0:0:0:0:0:0:0:1%0'),(3,1,'2013-12-15 00:29:18','0:0:0:0:0:0:0:1%0'),(4,1,'2013-12-15 00:29:26','0:0:0:0:0:0:0:1%0'),(5,1,'2013-12-15 00:36:53','0:0:0:0:0:0:0:1%0'),(6,2,'2013-12-15 00:38:32','0:0:0:0:0:0:0:1%0'),(7,1,'2013-12-15 00:40:16','0:0:0:0:0:0:0:1%0'),(8,1,'2013-12-15 01:30:18','0:0:0:0:0:0:0:1%0'),(9,1,'2013-12-15 02:23:57','0:0:0:0:0:0:0:1%0'),(10,1,'2013-12-15 03:07:49','0:0:0:0:0:0:0:1%0'),(11,3,'2013-12-15 03:20:52','0:0:0:0:0:0:0:1%0'),(12,1,'2013-12-15 03:30:04','0:0:0:0:0:0:0:1%0'),(13,2,'2013-12-15 03:33:47','0:0:0:0:0:0:0:1%0'),(14,2,'2013-12-15 03:38:31','0:0:0:0:0:0:0:1%0'),(15,2,'2013-12-15 03:40:12','0:0:0:0:0:0:0:1%0'),(16,2,'2013-12-15 03:48:49','0:0:0:0:0:0:0:1%0');
/*!40000 ALTER TABLE `login_history` ENABLE KEYS */;
UNLOCK TABLES;

--
-- Table structure for table `member_account_fee_logs`
--

DROP TABLE IF EXISTS `member_account_fee_logs`;
/*!40101 SET @saved_cs_client     = @@character_set_client */;
/*!40101 SET character_set_client = utf8 */;
CREATE TABLE `member_account_fee_logs` (
  `id` bigint(20) NOT NULL AUTO_INCREMENT,
  `date` datetime NOT NULL,
  `member_id` int(11) NOT NULL,
  `account_fee_log_id` int(11) DEFAULT NULL,
  `amount` decimal(15,6) DEFAULT NULL,
  `success` bit(1) NOT NULL,
  `recharge_attempt` int(11) NOT NULL DEFAULT '0',
  `transfer_id` bigint(20) DEFAULT NULL,
  `invoice_id` int(11) DEFAULT NULL,
  PRIMARY KEY (`id`),
  KEY `FK74581F9F2F78F3B3` (`transfer_id`),
  KEY `FK74581F9FEAE0AB57` (`member_id`),
  KEY `FK74581F9FE9B959A1` (`invoice_id`),
  KEY `FK74581F9F6957A5AA` (`account_fee_log_id`),
  CONSTRAINT `FK74581F9F6957A5AA` FOREIGN KEY (`account_fee_log_id`) REFERENCES `account_fee_logs` (`id`),
  CONSTRAINT `FK74581F9F2F78F3B3` FOREIGN KEY (`transfer_id`) REFERENCES `transfers` (`id`),
  CONSTRAINT `FK74581F9FE9B959A1` FOREIGN KEY (`invoice_id`) REFERENCES `invoices` (`id`),
  CONSTRAINT `FK74581F9FEAE0AB57` FOREIGN KEY (`member_id`) REFERENCES `members` (`id`)
) ENGINE=InnoDB DEFAULT CHARSET=utf8;
/*!40101 SET character_set_client = @saved_cs_client */;

--
-- Dumping data for table `member_account_fee_logs`
--

LOCK TABLES `member_account_fee_logs` WRITE;
/*!40000 ALTER TABLE `member_account_fee_logs` DISABLE KEYS */;
/*!40000 ALTER TABLE `member_account_fee_logs` ENABLE KEYS */;
UNLOCK TABLES;

--
-- Table structure for table `member_group_account_settings`
--

DROP TABLE IF EXISTS `member_group_account_settings`;
/*!40101 SET @saved_cs_client     = @@character_set_client */;
/*!40101 SET character_set_client = utf8 */;
CREATE TABLE `member_group_account_settings` (
  `id` int(11) NOT NULL AUTO_INCREMENT,
  `group_id` int(11) NOT NULL,
  `type_id` int(11) NOT NULL,
  `default_type` bit(1) NOT NULL,
  `transaction_password_required` bit(1) NOT NULL,
  `hide_when_no_credit_limit` bit(1) NOT NULL,
  `default_credit_limit` decimal(15,6) NOT NULL,
  `default_upper_credit_limit` decimal(15,6) DEFAULT NULL,
  `initial_credit` decimal(15,6) DEFAULT NULL,
  `initial_credit_transfer_type_id` int(11) DEFAULT NULL,
  `low_units` decimal(15,6) DEFAULT NULL,
  `low_units_message` longtext,
  PRIMARY KEY (`id`),
  KEY `FK3D84E6FA797D2395` (`initial_credit_transfer_type_id`),
  KEY `FK3D84E6FAB45926EE` (`group_id`),
  KEY `FK3D84E6FAB93596D` (`type_id`),
  CONSTRAINT `FK3D84E6FAB93596D` FOREIGN KEY (`type_id`) REFERENCES `account_types` (`id`),
  CONSTRAINT `FK3D84E6FA797D2395` FOREIGN KEY (`initial_credit_transfer_type_id`) REFERENCES `transfer_types` (`id`),
  CONSTRAINT `FK3D84E6FAB45926EE` FOREIGN KEY (`group_id`) REFERENCES `groups` (`id`)
) ENGINE=InnoDB AUTO_INCREMENT=4 DEFAULT CHARSET=utf8;
/*!40101 SET character_set_client = @saved_cs_client */;

--
-- Dumping data for table `member_group_account_settings`
--

LOCK TABLES `member_group_account_settings` WRITE;
/*!40000 ALTER TABLE `member_group_account_settings` DISABLE KEYS */;
INSERT INTO `member_group_account_settings` VALUES (1,5,5,'','\0','\0','0.000000',NULL,'0.000000',23,'20.000000','You are reaching your credit limit'),(2,9,5,'','\0','\0','0.000000',NULL,'0.000000',23,'20.000000','You are reaching your credit limit');
/*!40000 ALTER TABLE `member_group_account_settings` ENABLE KEYS */;
UNLOCK TABLES;

--
-- Table structure for table `member_groups_custom_fields`
--

DROP TABLE IF EXISTS `member_groups_custom_fields`;
/*!40101 SET @saved_cs_client     = @@character_set_client */;
/*!40101 SET character_set_client = utf8 */;
CREATE TABLE `member_groups_custom_fields` (
  `custom_field_id` int(11) NOT NULL,
  `group_id` int(11) NOT NULL,
  KEY `FKABBE5CA1A288505` (`custom_field_id`),
  KEY `FKABBE5CA17514938B` (`custom_field_id`),
  KEY `FKABBE5CA1B45926EE` (`group_id`),
  CONSTRAINT `FKABBE5CA1B45926EE` FOREIGN KEY (`group_id`) REFERENCES `groups` (`id`),
  CONSTRAINT `FKABBE5CA17514938B` FOREIGN KEY (`custom_field_id`) REFERENCES `custom_fields` (`id`),
  CONSTRAINT `FKABBE5CA1A288505` FOREIGN KEY (`custom_field_id`) REFERENCES `custom_fields` (`id`)
) ENGINE=InnoDB DEFAULT CHARSET=utf8;
/*!40101 SET character_set_client = @saved_cs_client */;

--
-- Dumping data for table `member_groups_custom_fields`
--

LOCK TABLES `member_groups_custom_fields` WRITE;
/*!40000 ALTER TABLE `member_groups_custom_fields` DISABLE KEYS */;
INSERT INTO `member_groups_custom_fields` VALUES (1,5),(1,6),(1,9),(2,5),(2,6),(2,9),(3,5),(3,6),(3,9),(4,5),(4,6),(4,9),(5,5),(5,6),(5,9),(6,5),(6,6),(6,9),(7,5),(7,6),(7,9),(8,5),(8,6),(8,9),(9,5),(9,6),(9,9),(10,5),(10,6),(10,9),(13,7),(13,5),(13,6);
/*!40000 ALTER TABLE `member_groups_custom_fields` ENABLE KEYS */;
UNLOCK TABLES;

--
-- Table structure for table `member_groups_default_sms_message_types`
--

DROP TABLE IF EXISTS `member_groups_default_sms_message_types`;
/*!40101 SET @saved_cs_client     = @@character_set_client */;
/*!40101 SET character_set_client = utf8 */;
CREATE TABLE `member_groups_default_sms_message_types` (
  `group_id` int(11) NOT NULL,
  `type` varchar(3) NOT NULL,
  KEY `FKCDC0F1B7B45926EE` (`group_id`),
  CONSTRAINT `FKCDC0F1B7B45926EE` FOREIGN KEY (`group_id`) REFERENCES `groups` (`id`)
) ENGINE=InnoDB DEFAULT CHARSET=utf8;
/*!40101 SET character_set_client = @saved_cs_client */;

--
-- Dumping data for table `member_groups_default_sms_message_types`
--

LOCK TABLES `member_groups_default_sms_message_types` WRITE;
/*!40000 ALTER TABLE `member_groups_default_sms_message_types` DISABLE KEYS */;
/*!40000 ALTER TABLE `member_groups_default_sms_message_types` ENABLE KEYS */;
UNLOCK TABLES;

--
-- Table structure for table `member_groups_email_validation`
--

DROP TABLE IF EXISTS `member_groups_email_validation`;
/*!40101 SET @saved_cs_client     = @@character_set_client */;
/*!40101 SET character_set_client = utf8 */;
CREATE TABLE `member_groups_email_validation` (
  `group_id` int(11) NOT NULL,
  `type` varchar(1) NOT NULL,
  PRIMARY KEY (`group_id`,`type`),
  KEY `FK9FC60562B45926EE` (`group_id`),
  CONSTRAINT `FK9FC60562B45926EE` FOREIGN KEY (`group_id`) REFERENCES `groups` (`id`)
) ENGINE=InnoDB DEFAULT CHARSET=utf8;
/*!40101 SET character_set_client = @saved_cs_client */;

--
-- Dumping data for table `member_groups_email_validation`
--

LOCK TABLES `member_groups_email_validation` WRITE;
/*!40000 ALTER TABLE `member_groups_email_validation` DISABLE KEYS */;
INSERT INTO `member_groups_email_validation` VALUES (5,'U');
/*!40000 ALTER TABLE `member_groups_email_validation` ENABLE KEYS */;
UNLOCK TABLES;

--
-- Table structure for table `member_groups_message_types`
--

DROP TABLE IF EXISTS `member_groups_message_types`;
/*!40101 SET @saved_cs_client     = @@character_set_client */;
/*!40101 SET character_set_client = utf8 */;
CREATE TABLE `member_groups_message_types` (
  `group_id` int(11) NOT NULL,
  `type` varchar(3) NOT NULL,
  KEY `FK348B579BB45926EE` (`group_id`),
  CONSTRAINT `FK348B579BB45926EE` FOREIGN KEY (`group_id`) REFERENCES `groups` (`id`)
) ENGINE=InnoDB DEFAULT CHARSET=utf8;
/*!40101 SET character_set_client = @saved_cs_client */;

--
-- Dumping data for table `member_groups_message_types`
--

LOCK TABLES `member_groups_message_types` WRITE;
/*!40000 ALTER TABLE `member_groups_message_types` DISABLE KEYS */;
/*!40000 ALTER TABLE `member_groups_message_types` ENABLE KEYS */;
UNLOCK TABLES;

--
-- Table structure for table `member_groups_sms_message_types`
--

DROP TABLE IF EXISTS `member_groups_sms_message_types`;
/*!40101 SET @saved_cs_client     = @@character_set_client */;
/*!40101 SET character_set_client = utf8 */;
CREATE TABLE `member_groups_sms_message_types` (
  `group_id` int(11) NOT NULL,
  `type` varchar(3) NOT NULL,
  KEY `FKCF01DA35B45926EE` (`group_id`),
  CONSTRAINT `FKCF01DA35B45926EE` FOREIGN KEY (`group_id`) REFERENCES `groups` (`id`)
) ENGINE=InnoDB DEFAULT CHARSET=utf8;
/*!40101 SET character_set_client = @saved_cs_client */;

--
-- Dumping data for table `member_groups_sms_message_types`
--

LOCK TABLES `member_groups_sms_message_types` WRITE;
/*!40000 ALTER TABLE `member_groups_sms_message_types` DISABLE KEYS */;
/*!40000 ALTER TABLE `member_groups_sms_message_types` ENABLE KEYS */;
UNLOCK TABLES;

--
-- Table structure for table `member_imports`
--

DROP TABLE IF EXISTS `member_imports`;
/*!40101 SET @saved_cs_client     = @@character_set_client */;
/*!40101 SET character_set_client = utf8 */;
CREATE TABLE `member_imports` (
  `id` int(11) NOT NULL AUTO_INCREMENT,
  `by_id` int(11) NOT NULL,
  `date` datetime NOT NULL,
  `group_id` int(11) NOT NULL,
  `account_type_id` int(11) DEFAULT NULL,
  `initial_credit_transfer_type_id` int(11) DEFAULT NULL,
  `initial_debit_transfer_type_id` int(11) DEFAULT NULL,
  PRIMARY KEY (`id`),
  KEY `FKF21FF8C9123F9A53` (`by_id`),
  KEY `FKF21FF8C9C2D40D5B` (`account_type_id`),
  KEY `FKF21FF8C9A824C958` (`initial_debit_transfer_type_id`),
  KEY `FKF21FF8C9797D2395` (`initial_credit_transfer_type_id`),
  KEY `FKF21FF8C9B45926EE` (`group_id`),
  CONSTRAINT `FKF21FF8C9B45926EE` FOREIGN KEY (`group_id`) REFERENCES `groups` (`id`),
  CONSTRAINT `FKF21FF8C9123F9A53` FOREIGN KEY (`by_id`) REFERENCES `members` (`id`),
  CONSTRAINT `FKF21FF8C9797D2395` FOREIGN KEY (`initial_credit_transfer_type_id`) REFERENCES `transfer_types` (`id`),
  CONSTRAINT `FKF21FF8C9A824C958` FOREIGN KEY (`initial_debit_transfer_type_id`) REFERENCES `transfer_types` (`id`),
  CONSTRAINT `FKF21FF8C9C2D40D5B` FOREIGN KEY (`account_type_id`) REFERENCES `account_types` (`id`)
) ENGINE=InnoDB DEFAULT CHARSET=utf8;
/*!40101 SET character_set_client = @saved_cs_client */;

--
-- Dumping data for table `member_imports`
--

LOCK TABLES `member_imports` WRITE;
/*!40000 ALTER TABLE `member_imports` DISABLE KEYS */;
/*!40000 ALTER TABLE `member_imports` ENABLE KEYS */;
UNLOCK TABLES;

--
-- Table structure for table `member_pos`
--

DROP TABLE IF EXISTS `member_pos`;
/*!40101 SET @saved_cs_client     = @@character_set_client */;
/*!40101 SET character_set_client = utf8 */;
CREATE TABLE `member_pos` (
  `id` int(11) NOT NULL AUTO_INCREMENT,
  `pos_name` varchar(64) DEFAULT NULL,
  `pos_pin` varchar(64) DEFAULT NULL,
  `date` datetime NOT NULL,
  `allow_make_payment` bit(1) NOT NULL,
  `max_scheduling_payments` int(11) NOT NULL,
  `number_of_copies` int(11) NOT NULL,
  `result_page_size` int(11) NOT NULL,
  `status` varchar(1) NOT NULL,
  `pos_id` int(11) NOT NULL,
  `owner_id` int(11) NOT NULL,
  PRIMARY KEY (`id`),
  KEY `FKB0148F2FF3ECFBC0` (`pos_id`),
  KEY `FKB0148F2FFE01A09E` (`owner_id`),
  CONSTRAINT `FKB0148F2FFE01A09E` FOREIGN KEY (`owner_id`) REFERENCES `members` (`id`),
  CONSTRAINT `FKB0148F2FF3ECFBC0` FOREIGN KEY (`pos_id`) REFERENCES `pos` (`id`)
) ENGINE=InnoDB DEFAULT CHARSET=utf8;
/*!40101 SET character_set_client = @saved_cs_client */;

--
-- Dumping data for table `member_pos`
--

LOCK TABLES `member_pos` WRITE;
/*!40000 ALTER TABLE `member_pos` DISABLE KEYS */;
/*!40000 ALTER TABLE `member_pos` ENABLE KEYS */;
UNLOCK TABLES;

--
-- Table structure for table `member_record_types`
--

DROP TABLE IF EXISTS `member_record_types`;
/*!40101 SET @saved_cs_client     = @@character_set_client */;
/*!40101 SET character_set_client = utf8 */;
CREATE TABLE `member_record_types` (
  `id` int(11) NOT NULL AUTO_INCREMENT,
  `name` varchar(100) NOT NULL,
  `label` varchar(100) NOT NULL,
  `editable` bit(1) NOT NULL,
  `show_menu_item` bit(1) NOT NULL,
  `layout` varchar(1) NOT NULL,
  `description` longtext,
  PRIMARY KEY (`id`)
) ENGINE=InnoDB AUTO_INCREMENT=2 DEFAULT CHARSET=utf8;
/*!40101 SET character_set_client = @saved_cs_client */;

--
-- Dumping data for table `member_record_types`
--

LOCK TABLES `member_record_types` WRITE;
/*!40000 ALTER TABLE `member_record_types` DISABLE KEYS */;
INSERT INTO `member_record_types` VALUES (1,'Remark','Remarks','\0','','F','Remarks');
/*!40000 ALTER TABLE `member_record_types` ENABLE KEYS */;
UNLOCK TABLES;

--
-- Table structure for table `member_records`
--

DROP TABLE IF EXISTS `member_records`;
/*!40101 SET @saved_cs_client     = @@character_set_client */;
/*!40101 SET character_set_client = utf8 */;
CREATE TABLE `member_records` (
  `id` int(11) NOT NULL AUTO_INCREMENT,
  `member_record_type_id` int(11) NOT NULL,
  `element_id` int(11) NOT NULL,
  `by_id` int(11) NOT NULL,
  `modified_by_id` int(11) DEFAULT NULL,
  `date` datetime NOT NULL,
  `last_modified` datetime DEFAULT NULL,
  PRIMARY KEY (`id`),
  KEY `FKBFDA159D2B1214C2` (`by_id`),
  KEY `FKBFDA159DE46288C5` (`member_record_type_id`),
  KEY `FKBFDA159D47C8C3FD` (`element_id`),
  KEY `FKBFDA159D41B97FCC` (`modified_by_id`),
  CONSTRAINT `FKBFDA159D41B97FCC` FOREIGN KEY (`modified_by_id`) REFERENCES `members` (`id`),
  CONSTRAINT `FKBFDA159D2B1214C2` FOREIGN KEY (`by_id`) REFERENCES `members` (`id`),
  CONSTRAINT `FKBFDA159D47C8C3FD` FOREIGN KEY (`element_id`) REFERENCES `members` (`id`),
  CONSTRAINT `FKBFDA159DE46288C5` FOREIGN KEY (`member_record_type_id`) REFERENCES `member_record_types` (`id`)
) ENGINE=InnoDB DEFAULT CHARSET=utf8;
/*!40101 SET character_set_client = @saved_cs_client */;

--
-- Dumping data for table `member_records`
--

LOCK TABLES `member_records` WRITE;
/*!40000 ALTER TABLE `member_records` DISABLE KEYS */;
/*!40000 ALTER TABLE `member_records` ENABLE KEYS */;
UNLOCK TABLES;

--
-- Table structure for table `member_sms_status`
--

DROP TABLE IF EXISTS `member_sms_status`;
/*!40101 SET @saved_cs_client     = @@character_set_client */;
/*!40101 SET character_set_client = utf8 */;
CREATE TABLE `member_sms_status` (
  `id` int(11) NOT NULL AUTO_INCREMENT,
  `member_id` int(11) NOT NULL,
  `free_sms_sent` int(11) NOT NULL,
  `free_sms_expiration` datetime DEFAULT NULL,
  `paid_sms_left` int(11) NOT NULL,
  `paid_sms_expiration` datetime DEFAULT NULL,
  `allow_charging_sms` bit(1) NOT NULL,
  `accept_free_mailing` bit(1) NOT NULL,
  `accept_paid_mailing` bit(1) NOT NULL,
  PRIMARY KEY (`id`),
  UNIQUE KEY `member_id` (`member_id`),
  KEY `FKCC65105DEAE0AB57` (`member_id`),
  CONSTRAINT `FKCC65105DEAE0AB57` FOREIGN KEY (`member_id`) REFERENCES `members` (`id`)
) ENGINE=InnoDB DEFAULT CHARSET=utf8;
/*!40101 SET character_set_client = @saved_cs_client */;

--
-- Dumping data for table `member_sms_status`
--

LOCK TABLES `member_sms_status` WRITE;
/*!40000 ALTER TABLE `member_sms_status` DISABLE KEYS */;
/*!40000 ALTER TABLE `member_sms_status` ENABLE KEYS */;
UNLOCK TABLES;

--
-- Table structure for table `member_sms_status_locks`
--

DROP TABLE IF EXISTS `member_sms_status_locks`;
/*!40101 SET @saved_cs_client     = @@character_set_client */;
/*!40101 SET character_set_client = utf8 */;
CREATE TABLE `member_sms_status_locks` (
  `id` int(11) NOT NULL,
  PRIMARY KEY (`id`)
) ENGINE=InnoDB DEFAULT CHARSET=utf8;
/*!40101 SET character_set_client = @saved_cs_client */;

--
-- Dumping data for table `member_sms_status_locks`
--

LOCK TABLES `member_sms_status_locks` WRITE;
/*!40000 ALTER TABLE `member_sms_status_locks` DISABLE KEYS */;
/*!40000 ALTER TABLE `member_sms_status_locks` ENABLE KEYS */;
UNLOCK TABLES;

--
-- Table structure for table `members`
--

DROP TABLE IF EXISTS `members`;
/*!40101 SET @saved_cs_client     = @@character_set_client */;
/*!40101 SET character_set_client = utf8 */;
CREATE TABLE `members` (
  `id` int(11) NOT NULL AUTO_INCREMENT,
  `subclass` varchar(1) NOT NULL,
  `name` varchar(100) NOT NULL,
  `creation_date` datetime NOT NULL,
  `group_id` int(11) NOT NULL,
  `email` varchar(100) DEFAULT NULL,
  `member_activation_date` datetime DEFAULT NULL,
  `hide_email` bit(1) NOT NULL DEFAULT b'0',
  `member_broker_id` int(11) DEFAULT NULL,
  `member_id` int(11) DEFAULT NULL,
  PRIMARY KEY (`id`),
  KEY `ix_email` (`email`),
  KEY `FK388EC91941F9CE53` (`member_broker_id`),
  KEY `FK388EC919EAE0AB57` (`member_id`),
  KEY `FK388EC91925A5B3E8` (`group_id`),
  CONSTRAINT `FK388EC91925A5B3E8` FOREIGN KEY (`group_id`) REFERENCES `groups` (`id`),
  CONSTRAINT `FK388EC91941F9CE53` FOREIGN KEY (`member_broker_id`) REFERENCES `members` (`id`),
  CONSTRAINT `FK388EC919EAE0AB57` FOREIGN KEY (`member_id`) REFERENCES `members` (`id`)
) ENGINE=InnoDB AUTO_INCREMENT=5 DEFAULT CHARSET=utf8;
/*!40101 SET character_set_client = @saved_cs_client */;

--
-- Dumping data for table `members`
--

LOCK TABLES `members` WRITE;
/*!40000 ALTER TABLE `members` DISABLE KEYS */;
INSERT INTO `members` VALUES (1,'A','Administrator','2013-12-14 18:15:32',1,'admin@mail.nl',NULL,'\0',NULL,NULL),(2,'M','Roberto Andrade','2013-12-15 00:36:12',5,'roberto.andrade@gmail.com','2013-12-15 00:37:32','\0',3,NULL),(3,'M','One Thor Branch Manager','2013-12-15 03:08:55',9,'onethor@branch.acacia.br','2013-12-15 03:11:01','\0',NULL,NULL),(4,'O','Robertoperator','2013-12-15 03:35:56',12,'operator@robertoandrade.com',NULL,'\0',NULL,2);
/*!40000 ALTER TABLE `members` ENABLE KEYS */;
UNLOCK TABLES;

--
-- Table structure for table `members_channels`
--

DROP TABLE IF EXISTS `members_channels`;
/*!40101 SET @saved_cs_client     = @@character_set_client */;
/*!40101 SET character_set_client = utf8 */;
CREATE TABLE `members_channels` (
  `member_id` int(11) NOT NULL,
  `channel_id` int(11) NOT NULL,
  KEY `FK66F8B836EAE0AB57` (`member_id`),
  KEY `FK66F8B8369B71D578` (`channel_id`),
  CONSTRAINT `FK66F8B8369B71D578` FOREIGN KEY (`channel_id`) REFERENCES `channels` (`id`),
  CONSTRAINT `FK66F8B836EAE0AB57` FOREIGN KEY (`member_id`) REFERENCES `members` (`id`)
) ENGINE=InnoDB DEFAULT CHARSET=utf8;
/*!40101 SET character_set_client = @saved_cs_client */;

--
-- Dumping data for table `members_channels`
--

LOCK TABLES `members_channels` WRITE;
/*!40000 ALTER TABLE `members_channels` DISABLE KEYS */;
INSERT INTO `members_channels` VALUES (3,1);
/*!40000 ALTER TABLE `members_channels` ENABLE KEYS */;
UNLOCK TABLES;

--
-- Table structure for table `members_loan_groups`
--

DROP TABLE IF EXISTS `members_loan_groups`;
/*!40101 SET @saved_cs_client     = @@character_set_client */;
/*!40101 SET character_set_client = utf8 */;
CREATE TABLE `members_loan_groups` (
  `member_id` int(11) NOT NULL,
  `loan_group_id` int(11) NOT NULL,
  KEY `FKBE11EDDDEAE0AB57` (`member_id`),
  KEY `FKBE11EDDD54774F2E` (`loan_group_id`),
  CONSTRAINT `FKBE11EDDD54774F2E` FOREIGN KEY (`loan_group_id`) REFERENCES `loan_groups` (`id`),
  CONSTRAINT `FKBE11EDDDEAE0AB57` FOREIGN KEY (`member_id`) REFERENCES `members` (`id`)
) ENGINE=InnoDB DEFAULT CHARSET=utf8;
/*!40101 SET character_set_client = @saved_cs_client */;

--
-- Dumping data for table `members_loan_groups`
--

LOCK TABLES `members_loan_groups` WRITE;
/*!40000 ALTER TABLE `members_loan_groups` DISABLE KEYS */;
/*!40000 ALTER TABLE `members_loan_groups` ENABLE KEYS */;
UNLOCK TABLES;

--
-- Table structure for table `members_loans`
--

DROP TABLE IF EXISTS `members_loans`;
/*!40101 SET @saved_cs_client     = @@character_set_client */;
/*!40101 SET character_set_client = utf8 */;
CREATE TABLE `members_loans` (
  `loan_id` int(11) NOT NULL,
  `member_id` int(11) NOT NULL,
  KEY `FKAD520EDDEAE0AB57` (`member_id`),
  KEY `FKAD520EDDF9B21025` (`loan_id`),
  CONSTRAINT `FKAD520EDDF9B21025` FOREIGN KEY (`loan_id`) REFERENCES `loans` (`id`),
  CONSTRAINT `FKAD520EDDEAE0AB57` FOREIGN KEY (`member_id`) REFERENCES `members` (`id`)
) ENGINE=InnoDB DEFAULT CHARSET=utf8;
/*!40101 SET character_set_client = @saved_cs_client */;

--
-- Dumping data for table `members_loans`
--

LOCK TABLES `members_loans` WRITE;
/*!40000 ALTER TABLE `members_loans` DISABLE KEYS */;
/*!40000 ALTER TABLE `members_loans` ENABLE KEYS */;
UNLOCK TABLES;

--
-- Table structure for table `members_pending_charge`
--

DROP TABLE IF EXISTS `members_pending_charge`;
/*!40101 SET @saved_cs_client     = @@character_set_client */;
/*!40101 SET character_set_client = utf8 */;
CREATE TABLE `members_pending_charge` (
  `account_fee_log_id` int(11) NOT NULL,
  `member_id` int(11) NOT NULL,
  KEY `FK265D1E42EAE0AB57` (`member_id`),
  KEY `FK265D1E426957A5AA` (`account_fee_log_id`),
  CONSTRAINT `FK265D1E426957A5AA` FOREIGN KEY (`account_fee_log_id`) REFERENCES `account_fee_logs` (`id`),
  CONSTRAINT `FK265D1E42EAE0AB57` FOREIGN KEY (`member_id`) REFERENCES `members` (`id`)
) ENGINE=InnoDB DEFAULT CHARSET=utf8;
/*!40101 SET character_set_client = @saved_cs_client */;

--
-- Dumping data for table `members_pending_charge`
--

LOCK TABLES `members_pending_charge` WRITE;
/*!40000 ALTER TABLE `members_pending_charge` DISABLE KEYS */;
/*!40000 ALTER TABLE `members_pending_charge` ENABLE KEYS */;
UNLOCK TABLES;

--
-- Table structure for table `message_categories`
--

DROP TABLE IF EXISTS `message_categories`;
/*!40101 SET @saved_cs_client     = @@character_set_client */;
/*!40101 SET character_set_client = utf8 */;
CREATE TABLE `message_categories` (
  `id` int(11) NOT NULL AUTO_INCREMENT,
  `name` varchar(200) NOT NULL,
  PRIMARY KEY (`id`)
) ENGINE=InnoDB AUTO_INCREMENT=4 DEFAULT CHARSET=utf8;
/*!40101 SET character_set_client = @saved_cs_client */;

--
-- Dumping data for table `message_categories`
--

LOCK TABLES `message_categories` WRITE;
/*!40000 ALTER TABLE `message_categories` DISABLE KEYS */;
INSERT INTO `message_categories` VALUES (1,'Support'),(2,'Administration'),(3,'Loan request');
/*!40000 ALTER TABLE `message_categories` ENABLE KEYS */;
UNLOCK TABLES;

--
-- Table structure for table `messages`
--

DROP TABLE IF EXISTS `messages`;
/*!40101 SET @saved_cs_client     = @@character_set_client */;
/*!40101 SET character_set_client = utf8 */;
CREATE TABLE `messages` (
  `id` int(11) NOT NULL AUTO_INCREMENT,
  `date` datetime NOT NULL,
  `subject` varchar(255) NOT NULL,
  `type` varchar(3) NOT NULL,
  `direction` varchar(1) NOT NULL,
  `is_read` bit(1) NOT NULL,
  `is_replied` bit(1) NOT NULL,
  `is_html` bit(1) NOT NULL,
  `removed_at` datetime DEFAULT NULL,
  `from_member_id` int(11) DEFAULT NULL,
  `to_member_id` int(11) DEFAULT NULL,
  `category_id` int(11) DEFAULT NULL,
  `body` longtext,
  `email_sent` bit(1) NOT NULL,
  PRIMARY KEY (`id`),
  KEY `FKE475014C3F6F4BDC` (`category_id`),
  KEY `FKE475014C823FB102` (`from_member_id`),
  KEY `FKE475014C9DCA1693` (`to_member_id`),
  CONSTRAINT `FKE475014C9DCA1693` FOREIGN KEY (`to_member_id`) REFERENCES `members` (`id`),
  CONSTRAINT `FKE475014C3F6F4BDC` FOREIGN KEY (`category_id`) REFERENCES `message_categories` (`id`),
  CONSTRAINT `FKE475014C823FB102` FOREIGN KEY (`from_member_id`) REFERENCES `members` (`id`)
) ENGINE=InnoDB DEFAULT CHARSET=utf8;
/*!40101 SET character_set_client = @saved_cs_client */;

--
-- Dumping data for table `messages`
--

LOCK TABLES `messages` WRITE;
/*!40000 ALTER TABLE `messages` DISABLE KEYS */;
/*!40000 ALTER TABLE `messages` ENABLE KEYS */;
UNLOCK TABLES;

--
-- Table structure for table `messages_to_groups`
--

DROP TABLE IF EXISTS `messages_to_groups`;
/*!40101 SET @saved_cs_client     = @@character_set_client */;
/*!40101 SET character_set_client = utf8 */;
CREATE TABLE `messages_to_groups` (
  `message_id` int(11) NOT NULL,
  `group_id` int(11) NOT NULL,
  KEY `FKE76064E5B45926EE` (`group_id`),
  KEY `FKE76064E52FA70115` (`message_id`),
  CONSTRAINT `FKE76064E52FA70115` FOREIGN KEY (`message_id`) REFERENCES `messages` (`id`),
  CONSTRAINT `FKE76064E5B45926EE` FOREIGN KEY (`group_id`) REFERENCES `groups` (`id`)
) ENGINE=InnoDB DEFAULT CHARSET=utf8;
/*!40101 SET character_set_client = @saved_cs_client */;

--
-- Dumping data for table `messages_to_groups`
--

LOCK TABLES `messages_to_groups` WRITE;
/*!40000 ALTER TABLE `messages_to_groups` DISABLE KEYS */;
/*!40000 ALTER TABLE `messages_to_groups` ENABLE KEYS */;
UNLOCK TABLES;

--
-- Table structure for table `notification_preferences`
--

DROP TABLE IF EXISTS `notification_preferences`;
/*!40101 SET @saved_cs_client     = @@character_set_client */;
/*!40101 SET character_set_client = utf8 */;
CREATE TABLE `notification_preferences` (
  `id` int(11) NOT NULL AUTO_INCREMENT,
  `member` int(11) DEFAULT NULL,
  `type` varchar(3) NOT NULL,
  `is_message` bit(1) NOT NULL,
  `is_email` bit(1) NOT NULL,
  `is_sms` bit(1) NOT NULL,
  PRIMARY KEY (`id`),
  KEY `ix_np_member_type` (`member`,`type`),
  KEY `FK9BBCBDA45AA28D11` (`member`),
  CONSTRAINT `FK9BBCBDA45AA28D11` FOREIGN KEY (`member`) REFERENCES `members` (`id`)
) ENGINE=InnoDB AUTO_INCREMENT=35 DEFAULT CHARSET=utf8;
/*!40101 SET character_set_client = @saved_cs_client */;

--
-- Dumping data for table `notification_preferences`
--

LOCK TABLES `notification_preferences` WRITE;
/*!40000 ALTER TABLE `notification_preferences` DISABLE KEYS */;
INSERT INTO `notification_preferences` VALUES (1,2,'mbr','','\0','\0'),(2,2,'a2m','','\0','\0'),(3,2,'a2g','','\0','\0'),(4,2,'acs','','\0','\0'),(5,2,'act','','\0','\0'),(6,2,'brk','','\0','\0'),(7,2,'pmt','','\0','\0'),(8,2,'ept','','\0','\0'),(9,2,'loa','','\0','\0'),(10,2,'ade','','\0','\0'),(11,2,'adi','','\0','\0'),(12,2,'inv','','\0','\0'),(13,2,'ref','','\0','\0'),(14,2,'tfb','','\0','\0'),(15,2,'cer','','\0','\0'),(16,2,'gua','','\0','\0'),(17,2,'pob','','\0','\0'),(18,3,'mbr','','\0','\0'),(19,3,'a2m','','\0','\0'),(20,3,'a2g','','\0','\0'),(21,3,'acs','','\0','\0'),(22,3,'act','','\0','\0'),(23,3,'brk','','\0','\0'),(24,3,'pmt','','\0','\0'),(25,3,'ept','','\0','\0'),(26,3,'loa','','\0','\0'),(27,3,'ade','','\0','\0'),(28,3,'adi','','\0','\0'),(29,3,'inv','','\0','\0'),(30,3,'ref','','\0','\0'),(31,3,'tfb','','\0','\0'),(32,3,'cer','','\0','\0'),(33,3,'gua','','\0','\0'),(34,3,'pob','','\0','\0');
/*!40000 ALTER TABLE `notification_preferences` ENABLE KEYS */;
UNLOCK TABLES;

--
-- Table structure for table `operator_groups_max_amount`
--

DROP TABLE IF EXISTS `operator_groups_max_amount`;
/*!40101 SET @saved_cs_client     = @@character_set_client */;
/*!40101 SET character_set_client = utf8 */;
CREATE TABLE `operator_groups_max_amount` (
  `group_id` int(11) NOT NULL,
  `amount` decimal(15,6) NOT NULL,
  `transfer_type_id` int(11) NOT NULL,
  PRIMARY KEY (`group_id`,`transfer_type_id`),
  KEY `FK14F01003A4766B0A` (`transfer_type_id`),
  KEY `FK14F0100363FBF3A4` (`group_id`),
  CONSTRAINT `FK14F0100363FBF3A4` FOREIGN KEY (`group_id`) REFERENCES `groups` (`id`),
  CONSTRAINT `FK14F01003A4766B0A` FOREIGN KEY (`transfer_type_id`) REFERENCES `transfer_types` (`id`)
) ENGINE=InnoDB DEFAULT CHARSET=utf8;
/*!40101 SET character_set_client = @saved_cs_client */;

--
-- Dumping data for table `operator_groups_max_amount`
--

LOCK TABLES `operator_groups_max_amount` WRITE;
/*!40000 ALTER TABLE `operator_groups_max_amount` DISABLE KEYS */;
/*!40000 ALTER TABLE `operator_groups_max_amount` ENABLE KEYS */;
UNLOCK TABLES;

--
-- Table structure for table `password_history`
--

DROP TABLE IF EXISTS `password_history`;
/*!40101 SET @saved_cs_client     = @@character_set_client */;
/*!40101 SET character_set_client = utf8 */;
CREATE TABLE `password_history` (
  `id` int(11) NOT NULL AUTO_INCREMENT,
  `user_id` int(11) NOT NULL,
  `date` date NOT NULL,
  `type` varchar(1) NOT NULL,
  `password` varchar(64) NOT NULL,
  PRIMARY KEY (`id`),
  KEY `FKF16E7AF0A19267FC` (`user_id`),
  CONSTRAINT `FKF16E7AF0A19267FC` FOREIGN KEY (`user_id`) REFERENCES `users` (`id`)
) ENGINE=InnoDB AUTO_INCREMENT=2 DEFAULT CHARSET=utf8;
/*!40101 SET character_set_client = @saved_cs_client */;

--
-- Dumping data for table `password_history`
--

LOCK TABLES `password_history` WRITE;
/*!40000 ALTER TABLE `password_history` DISABLE KEYS */;
INSERT INTO `password_history` VALUES (1,4,'2013-12-15','L','FFD23A566D99EF5E99379031ACC123F44E98BA1E9C57B1CCFCBAC2EE7ABC0F8C');
/*!40000 ALTER TABLE `password_history` ENABLE KEYS */;
UNLOCK TABLES;

--
-- Table structure for table `payment_filters`
--

DROP TABLE IF EXISTS `payment_filters`;
/*!40101 SET @saved_cs_client     = @@character_set_client */;
/*!40101 SET character_set_client = utf8 */;
CREATE TABLE `payment_filters` (
  `id` int(11) NOT NULL AUTO_INCREMENT,
  `account_type_id` int(11) NOT NULL,
  `name` varchar(100) NOT NULL,
  `show_in_account_history` bit(1) NOT NULL,
  `show_in_reports` bit(1) NOT NULL,
  `description` longtext,
  PRIMARY KEY (`id`),
  KEY `FK260516C2461D0C55` (`account_type_id`),
  CONSTRAINT `FK260516C2461D0C55` FOREIGN KEY (`account_type_id`) REFERENCES `account_types` (`id`)
) ENGINE=InnoDB AUTO_INCREMENT=27 DEFAULT CHARSET=utf8;
/*!40101 SET character_set_client = @saved_cs_client */;

--
-- Dumping data for table `payment_filters`
--

LOCK TABLES `payment_filters` WRITE;
/*!40000 ALTER TABLE `payment_filters` DISABLE KEYS */;
INSERT INTO `payment_filters` VALUES (1,5,'Member payments','','','Member payments'),(2,5,'Loan payments','','','Loan payments'),(3,5,'Taxes and fees','','','Taxes and fees'),(4,5,'Commission payments','','','Commission payments'),(5,5,'Voucher payments','','','Voucher payments'),(6,5,'System payments','','','System payments'),(7,1,'Community payments','','','Community payments'),(8,1,'Voucher payments','','','Voucher payments'),(9,1,'Organization payments','','','Organization payments'),(10,1,'Member payments','','','Member payments'),(11,2,'Voucher payments','','','Voucher payments'),(12,2,'Debit payments','','','Debit payments'),(13,2,'Organization payments','','','Organization payments'),(14,2,'Contribution payments','','','Contribution payments'),(15,2,'Liquidity tax payments','','','Liquidity tax payments'),(16,2,'Broker commission payments','','','Broker commission payments'),(17,2,'Loan payments','','','Loan payments'),(18,2,'Member payments','','','Member payments'),(19,3,'Debit payments','','','Debit payments'),(20,3,'Community payments','','','Community payments'),(21,3,'Organization payments','','','Organization payments'),(22,3,'Member payments','','','Member payments'),(23,4,'Debit payments','','','Debit payments'),(24,4,'Community payments','','','Community payments'),(25,4,'Voucher payments','','','Voucher payments'),(26,4,'Member payments','','','Member payments');
/*!40000 ALTER TABLE `payment_filters` ENABLE KEYS */;
UNLOCK TABLES;

--
-- Table structure for table `payment_obligation_logs`
--

DROP TABLE IF EXISTS `payment_obligation_logs`;
/*!40101 SET @saved_cs_client     = @@character_set_client */;
/*!40101 SET character_set_client = utf8 */;
CREATE TABLE `payment_obligation_logs` (
  `id` int(11) NOT NULL AUTO_INCREMENT,
  `date` datetime NOT NULL,
  `status` varchar(2) NOT NULL,
  `payment_obligation_id` int(11) NOT NULL,
  `by_id` int(11) DEFAULT NULL,
  PRIMARY KEY (`id`),
  KEY `FK6EE4F972B1214C2` (`by_id`),
  KEY `FK6EE4F973AEC8F84` (`payment_obligation_id`),
  CONSTRAINT `FK6EE4F973AEC8F84` FOREIGN KEY (`payment_obligation_id`) REFERENCES `payment_obligations` (`id`),
  CONSTRAINT `FK6EE4F972B1214C2` FOREIGN KEY (`by_id`) REFERENCES `members` (`id`)
) ENGINE=InnoDB DEFAULT CHARSET=utf8;
/*!40101 SET character_set_client = @saved_cs_client */;

--
-- Dumping data for table `payment_obligation_logs`
--

LOCK TABLES `payment_obligation_logs` WRITE;
/*!40000 ALTER TABLE `payment_obligation_logs` DISABLE KEYS */;
/*!40000 ALTER TABLE `payment_obligation_logs` ENABLE KEYS */;
UNLOCK TABLES;

--
-- Table structure for table `payment_obligations`
--

DROP TABLE IF EXISTS `payment_obligations`;
/*!40101 SET @saved_cs_client     = @@character_set_client */;
/*!40101 SET character_set_client = utf8 */;
CREATE TABLE `payment_obligations` (
  `id` int(11) NOT NULL AUTO_INCREMENT,
  `status` varchar(2) NOT NULL,
  `amount` decimal(15,6) NOT NULL,
  `expiration_date` date NOT NULL,
  `max_publish_date` date NOT NULL,
  `registration_date` datetime NOT NULL,
  `description` longtext,
  `guarantee_id` int(11) DEFAULT NULL,
  `currency_id` int(11) NOT NULL,
  `buyer_id` int(11) NOT NULL,
  `seller_id` int(11) NOT NULL,
  PRIMARY KEY (`id`),
  KEY `FK409CBDFCC0E7F6FA` (`currency_id`),
  KEY `FK409CBDFC29C0E817` (`guarantee_id`),
  KEY `FK409CBDFC608B319E` (`buyer_id`),
  KEY `FK409CBDFC40A58052` (`seller_id`),
  CONSTRAINT `FK409CBDFC40A58052` FOREIGN KEY (`seller_id`) REFERENCES `members` (`id`),
  CONSTRAINT `FK409CBDFC29C0E817` FOREIGN KEY (`guarantee_id`) REFERENCES `guarantees` (`id`),
  CONSTRAINT `FK409CBDFC608B319E` FOREIGN KEY (`buyer_id`) REFERENCES `members` (`id`),
  CONSTRAINT `FK409CBDFCC0E7F6FA` FOREIGN KEY (`currency_id`) REFERENCES `currencies` (`id`)
) ENGINE=InnoDB DEFAULT CHARSET=utf8;
/*!40101 SET character_set_client = @saved_cs_client */;

--
-- Dumping data for table `payment_obligations`
--

LOCK TABLES `payment_obligations` WRITE;
/*!40000 ALTER TABLE `payment_obligations` DISABLE KEYS */;
/*!40000 ALTER TABLE `payment_obligations` ENABLE KEYS */;
UNLOCK TABLES;

--
-- Table structure for table `pending_email_changes`
--

DROP TABLE IF EXISTS `pending_email_changes`;
/*!40101 SET @saved_cs_client     = @@character_set_client */;
/*!40101 SET character_set_client = utf8 */;
CREATE TABLE `pending_email_changes` (
  `id` int(11) NOT NULL AUTO_INCREMENT,
  `creation_date` datetime NOT NULL,
  `member_id` int(11) NOT NULL,
  `by_id` int(11) DEFAULT NULL,
  `new_email` varchar(100) NOT NULL,
  `validation_key` varchar(64) NOT NULL,
  `last_email_date` datetime DEFAULT NULL,
  `remote_address` varchar(100) DEFAULT NULL,
  PRIMARY KEY (`id`),
  KEY `FK4B7C40782B1214C2` (`by_id`),
  KEY `FK4B7C4078EAE0AB57` (`member_id`),
  CONSTRAINT `FK4B7C4078EAE0AB57` FOREIGN KEY (`member_id`) REFERENCES `members` (`id`),
  CONSTRAINT `FK4B7C40782B1214C2` FOREIGN KEY (`by_id`) REFERENCES `members` (`id`)
) ENGINE=InnoDB DEFAULT CHARSET=utf8;
/*!40101 SET character_set_client = @saved_cs_client */;

--
-- Dumping data for table `pending_email_changes`
--

LOCK TABLES `pending_email_changes` WRITE;
/*!40000 ALTER TABLE `pending_email_changes` DISABLE KEYS */;
/*!40000 ALTER TABLE `pending_email_changes` ENABLE KEYS */;
UNLOCK TABLES;

--
-- Table structure for table `pending_members`
--

DROP TABLE IF EXISTS `pending_members`;
/*!40101 SET @saved_cs_client     = @@character_set_client */;
/*!40101 SET character_set_client = utf8 */;
CREATE TABLE `pending_members` (
  `id` int(11) NOT NULL AUTO_INCREMENT,
  `creation_date` datetime NOT NULL,
  `group_id` int(11) NOT NULL,
  `name` varchar(100) NOT NULL,
  `salt` varchar(32) DEFAULT NULL,
  `username` varchar(64) DEFAULT NULL,
  `password` varchar(64) DEFAULT NULL,
  `force_change_password` bit(1) NOT NULL,
  `email` varchar(100) NOT NULL,
  `pin` varchar(64) DEFAULT NULL,
  `validation_key` varchar(64) NOT NULL,
  `hide_email` bit(1) NOT NULL DEFAULT b'0',
  `last_email_date` datetime DEFAULT NULL,
  `broker_id` int(11) DEFAULT NULL,
  `registration_agreement_id` int(11) DEFAULT NULL,
  `registration_agreement_date` datetime DEFAULT NULL,
  `member_id` int(11) DEFAULT NULL,
  `remote_address` varchar(100) DEFAULT NULL,
  PRIMARY KEY (`id`),
  KEY `FK60337271EAE0AB57` (`member_id`),
  KEY `FK603372714B8741B8` (`broker_id`),
  KEY `FK6033727133E01D0A` (`registration_agreement_id`),
  KEY `FK60337271B45926EE` (`group_id`),
  CONSTRAINT `FK60337271B45926EE` FOREIGN KEY (`group_id`) REFERENCES `groups` (`id`),
  CONSTRAINT `FK6033727133E01D0A` FOREIGN KEY (`registration_agreement_id`) REFERENCES `registration_agreements` (`id`),
  CONSTRAINT `FK603372714B8741B8` FOREIGN KEY (`broker_id`) REFERENCES `members` (`id`),
  CONSTRAINT `FK60337271EAE0AB57` FOREIGN KEY (`member_id`) REFERENCES `members` (`id`)
) ENGINE=InnoDB AUTO_INCREMENT=2 DEFAULT CHARSET=utf8;
/*!40101 SET character_set_client = @saved_cs_client */;

--
-- Dumping data for table `pending_members`
--

LOCK TABLES `pending_members` WRITE;
/*!40000 ALTER TABLE `pending_members` DISABLE KEYS */;
/*!40000 ALTER TABLE `pending_members` ENABLE KEYS */;
UNLOCK TABLES;

--
-- Table structure for table `permission_denieds`
--

DROP TABLE IF EXISTS `permission_denieds`;
/*!40101 SET @saved_cs_client     = @@character_set_client */;
/*!40101 SET character_set_client = utf8 */;
CREATE TABLE `permission_denieds` (
  `id` int(11) NOT NULL AUTO_INCREMENT,
  `date` datetime NOT NULL,
  `user_id` int(11) NOT NULL,
  PRIMARY KEY (`id`),
  KEY `FK61FE25C8A19267FC` (`user_id`),
  CONSTRAINT `FK61FE25C8A19267FC` FOREIGN KEY (`user_id`) REFERENCES `users` (`id`)
) ENGINE=InnoDB DEFAULT CHARSET=utf8;
/*!40101 SET character_set_client = @saved_cs_client */;

--
-- Dumping data for table `permission_denieds`
--

LOCK TABLES `permission_denieds` WRITE;
/*!40000 ALTER TABLE `permission_denieds` DISABLE KEYS */;
/*!40000 ALTER TABLE `permission_denieds` ENABLE KEYS */;
UNLOCK TABLES;

--
-- Table structure for table `permissions`
--

DROP TABLE IF EXISTS `permissions`;
/*!40101 SET @saved_cs_client     = @@character_set_client */;
/*!40101 SET character_set_client = utf8 */;
CREATE TABLE `permissions` (
  `group_id` int(11) NOT NULL,
  `permission` varchar(255) NOT NULL,
  PRIMARY KEY (`group_id`,`permission`),
  KEY `FK4392F48425A5B3E8` (`group_id`),
  CONSTRAINT `FK4392F48425A5B3E8` FOREIGN KEY (`group_id`) REFERENCES `groups` (`id`)
) ENGINE=InnoDB DEFAULT CHARSET=utf8;
/*!40101 SET character_set_client = @saved_cs_client */;

--
-- Dumping data for table `permissions`
--

LOCK TABLES `permissions` WRITE;
/*!40000 ALTER TABLE `permissions` DISABLE KEYS */;
INSERT INTO `permissions` VALUES (1,'AdminAdminPermission.ACCESS_CHANGE_PASSWORD'),(1,'AdminAdminPermission.ACCESS_DISCONNECT'),(1,'AdminAdminPermission.ACCESS_ENABLE_LOGIN'),(1,'AdminAdminPermission.ACCESS_TRANSACTION_PASSWORD'),(1,'AdminAdminPermission.ADMINS_CHANGE_GROUP'),(1,'AdminAdminPermission.ADMINS_CHANGE_PROFILE'),(1,'AdminAdminPermission.ADMINS_REGISTER'),(1,'AdminAdminPermission.ADMINS_REMOVE'),(1,'AdminAdminPermission.ADMINS_VIEW'),(1,'AdminAdminPermission.RECORDS_CREATE'),(1,'AdminAdminPermission.RECORDS_DELETE'),(1,'AdminAdminPermission.RECORDS_MODIFY'),(1,'AdminAdminPermission.RECORDS_VIEW'),(1,'AdminMemberPermission.ACCESS_CHANGE_CHANNELS_ACCESS'),(1,'AdminMemberPermission.ACCESS_CHANGE_PASSWORD'),(1,'AdminMemberPermission.ACCESS_CHANGE_PIN'),(1,'AdminMemberPermission.ACCESS_DISCONNECT'),(1,'AdminMemberPermission.ACCESS_ENABLE_LOGIN'),(1,'AdminMemberPermission.ACCESS_RESET_PASSWORD'),(1,'AdminMemberPermission.ACCESS_TRANSACTION_PASSWORD'),(1,'AdminMemberPermission.ACCESS_UNBLOCK_PIN'),(1,'AdminMemberPermission.ACCOUNTS_CREDIT_LIMIT'),(1,'AdminMemberPermission.ACCOUNTS_INFORMATION'),(1,'AdminMemberPermission.ACCOUNTS_SCHEDULED_INFORMATION'),(1,'AdminMemberPermission.ADS_IMPORT'),(1,'AdminMemberPermission.ADS_MANAGE'),(1,'AdminMemberPermission.ADS_VIEW'),(1,'AdminMemberPermission.BROKERINGS_CHANGE_BROKER'),(1,'AdminMemberPermission.BROKERINGS_VIEW_LOANS'),(1,'AdminMemberPermission.BROKERINGS_VIEW_MEMBERS'),(1,'AdminMemberPermission.BULK_ACTIONS_CHANGE_BROKER'),(1,'AdminMemberPermission.BULK_ACTIONS_CHANGE_CHANNELS'),(1,'AdminMemberPermission.BULK_ACTIONS_CHANGE_GROUP'),(1,'AdminMemberPermission.BULK_ACTIONS_GENERATE_CARD'),(1,'AdminMemberPermission.CARDS_BLOCK'),(1,'AdminMemberPermission.CARDS_CANCEL'),(1,'AdminMemberPermission.CARDS_CHANGE_CARD_SECURITY_CODE'),(1,'AdminMemberPermission.CARDS_GENERATE'),(1,'AdminMemberPermission.CARDS_UNBLOCK'),(1,'AdminMemberPermission.CARDS_UNBLOCK_SECURITY_CODE'),(1,'AdminMemberPermission.CARDS_VIEW'),(1,'AdminMemberPermission.GROUPS_MANAGE_ACCOUNT_SETTINGS'),(1,'AdminMemberPermission.GROUPS_MANAGE_MEMBER_CUSTOMIZED_FILES'),(1,'AdminMemberPermission.GROUPS_VIEW'),(1,'AdminMemberPermission.INVOICES_ACCEPT'),(1,'AdminMemberPermission.INVOICES_CANCEL'),(1,'AdminMemberPermission.INVOICES_DENY'),(1,'AdminMemberPermission.INVOICES_SEND'),(1,'AdminMemberPermission.INVOICES_VIEW'),(1,'AdminMemberPermission.LOANS_DISCARD'),(1,'AdminMemberPermission.LOANS_GRANT'),(1,'AdminMemberPermission.LOANS_MANAGE_EXPIRED_STATUS'),(1,'AdminMemberPermission.LOANS_REPAY'),(1,'AdminMemberPermission.LOANS_VIEW'),(1,'AdminMemberPermission.LOAN_GROUPS_MANAGE'),(1,'AdminMemberPermission.LOAN_GROUPS_VIEW'),(1,'AdminMemberPermission.MEMBERS_CHANGE_EMAIL'),(1,'AdminMemberPermission.MEMBERS_CHANGE_GROUP'),(1,'AdminMemberPermission.MEMBERS_CHANGE_NAME'),(1,'AdminMemberPermission.MEMBERS_CHANGE_PROFILE'),(1,'AdminMemberPermission.MEMBERS_IMPORT'),(1,'AdminMemberPermission.MEMBERS_MANAGE_PENDING'),(1,'AdminMemberPermission.MEMBERS_REGISTER'),(1,'AdminMemberPermission.MEMBERS_REMOVE'),(1,'AdminMemberPermission.MEMBERS_VIEW'),(1,'AdminMemberPermission.MESSAGES_MANAGE'),(1,'AdminMemberPermission.MESSAGES_SEND_TO_GROUP'),(1,'AdminMemberPermission.MESSAGES_SEND_TO_MEMBER'),(1,'AdminMemberPermission.MESSAGES_VIEW'),(1,'AdminMemberPermission.PAYMENTS_CHARGEBACK'),(1,'AdminMemberPermission.PAYMENTS_PAYMENT'),(1,'AdminMemberPermission.PREFERENCES_MANAGE_NOTIFICATIONS'),(1,'AdminMemberPermission.RECORDS_CREATE'),(1,'AdminMemberPermission.RECORDS_DELETE'),(1,'AdminMemberPermission.RECORDS_MODIFY'),(1,'AdminMemberPermission.RECORDS_VIEW'),(1,'AdminMemberPermission.REFERENCES_MANAGE'),(1,'AdminMemberPermission.REFERENCES_VIEW'),(1,'AdminMemberPermission.REPORTS_SHOW_ACCOUNT_INFORMATION'),(1,'AdminMemberPermission.REPORTS_VIEW'),(1,'AdminMemberPermission.SMS_MAILINGS_FREE_SMS_MAILINGS'),(1,'AdminMemberPermission.SMS_MAILINGS_PAID_SMS_MAILINGS'),(1,'AdminMemberPermission.SMS_MAILINGS_VIEW'),(1,'AdminMemberPermission.TRANSACTION_FEEDBACKS_MANAGE'),(1,'AdminMemberPermission.TRANSACTION_FEEDBACKS_VIEW'),(1,'AdminSystemPermission.ACCOUNTS_INFORMATION'),(1,'AdminSystemPermission.ACCOUNTS_MANAGE'),(1,'AdminSystemPermission.ACCOUNTS_SCHEDULED_INFORMATION'),(1,'AdminSystemPermission.ACCOUNTS_VIEW'),(1,'AdminSystemPermission.ACCOUNT_FEES_CHARGE'),(1,'AdminSystemPermission.ACCOUNT_FEES_VIEW'),(1,'AdminSystemPermission.ADMIN_GROUPS_MANAGE_ADMIN_CUSTOMIZED_FILES'),(1,'AdminSystemPermission.ADMIN_GROUPS_VIEW'),(1,'AdminSystemPermission.AD_CATEGORIES_FILE'),(1,'AdminSystemPermission.AD_CATEGORIES_MANAGE'),(1,'AdminSystemPermission.AD_CATEGORIES_VIEW'),(1,'AdminSystemPermission.ALERTS_MANAGE_MEMBER_ALERTS'),(1,'AdminSystemPermission.ALERTS_MANAGE_SYSTEM_ALERTS'),(1,'AdminSystemPermission.ALERTS_VIEW_MEMBER_ALERTS'),(1,'AdminSystemPermission.ALERTS_VIEW_SYSTEM_ALERTS'),(1,'AdminSystemPermission.CARD_TYPES_MANAGE'),(1,'AdminSystemPermission.CARD_TYPES_VIEW'),(1,'AdminSystemPermission.CHANNELS_MANAGE'),(1,'AdminSystemPermission.CHANNELS_VIEW'),(1,'AdminSystemPermission.CURRENCIES_MANAGE'),(1,'AdminSystemPermission.CURRENCIES_VIEW'),(1,'AdminSystemPermission.CUSTOMIZED_FILES_MANAGE'),(1,'AdminSystemPermission.CUSTOMIZED_FILES_VIEW'),(1,'AdminSystemPermission.CUSTOM_FIELDS_MANAGE'),(1,'AdminSystemPermission.CUSTOM_FIELDS_VIEW'),(1,'AdminSystemPermission.CUSTOM_IMAGES_MANAGE'),(1,'AdminSystemPermission.CUSTOM_IMAGES_VIEW'),(1,'AdminSystemPermission.ERROR_LOG_MANAGE'),(1,'AdminSystemPermission.ERROR_LOG_VIEW'),(1,'AdminSystemPermission.EXTERNAL_ACCOUNTS_CHECK_PAYMENT'),(1,'AdminSystemPermission.EXTERNAL_ACCOUNTS_DETAILS'),(1,'AdminSystemPermission.EXTERNAL_ACCOUNTS_MANAGE'),(1,'AdminSystemPermission.EXTERNAL_ACCOUNTS_MANAGE_PAYMENT'),(1,'AdminSystemPermission.EXTERNAL_ACCOUNTS_PROCESS_PAYMENT'),(1,'AdminSystemPermission.EXTERNAL_ACCOUNTS_VIEW'),(1,'AdminSystemPermission.GROUPS_MANAGE_ADMIN'),(1,'AdminSystemPermission.GROUPS_MANAGE_BROKER'),(1,'AdminSystemPermission.GROUPS_MANAGE_MEMBER'),(1,'AdminSystemPermission.GROUP_FILTERS_MANAGE'),(1,'AdminSystemPermission.GROUP_FILTERS_MANAGE_CUSTOMIZED_FILES'),(1,'AdminSystemPermission.GROUP_FILTERS_VIEW'),(1,'AdminSystemPermission.INFO_TEXTS_MANAGE'),(1,'AdminSystemPermission.INFO_TEXTS_VIEW'),(1,'AdminSystemPermission.LOAN_GROUPS_MANAGE'),(1,'AdminSystemPermission.LOAN_GROUPS_VIEW'),(1,'AdminSystemPermission.MEMBER_RECORD_TYPES_MANAGE'),(1,'AdminSystemPermission.MEMBER_RECORD_TYPES_VIEW'),(1,'AdminSystemPermission.MESSAGE_CATEGORIES_MANAGE'),(1,'AdminSystemPermission.MESSAGE_CATEGORIES_VIEW'),(1,'AdminSystemPermission.PAYMENTS_BLOCK_SCHEDULED'),(1,'AdminSystemPermission.PAYMENTS_CANCEL_SCHEDULED'),(1,'AdminSystemPermission.PAYMENTS_CHARGEBACK'),(1,'AdminSystemPermission.PAYMENTS_PAYMENT'),(1,'AdminSystemPermission.REGISTRATION_AGREEMENTS_MANAGE'),(1,'AdminSystemPermission.REGISTRATION_AGREEMENTS_VIEW'),(1,'AdminSystemPermission.REPORTS_CURRENT'),(1,'AdminSystemPermission.REPORTS_MEMBER_LIST'),(1,'AdminSystemPermission.REPORTS_SIMULATIONS'),(1,'AdminSystemPermission.REPORTS_STATISTICS'),(1,'AdminSystemPermission.SERVICE_CLIENTS_MANAGE'),(1,'AdminSystemPermission.SERVICE_CLIENTS_VIEW'),(1,'AdminSystemPermission.SETTINGS_FILE'),(1,'AdminSystemPermission.SETTINGS_MANAGE_ACCESS'),(1,'AdminSystemPermission.SETTINGS_MANAGE_ALERT'),(1,'AdminSystemPermission.SETTINGS_MANAGE_LOCAL'),(1,'AdminSystemPermission.SETTINGS_MANAGE_LOG'),(1,'AdminSystemPermission.SETTINGS_MANAGE_MAIL'),(1,'AdminSystemPermission.SETTINGS_VIEW'),(1,'AdminSystemPermission.STATUS_VIEW'),(1,'AdminSystemPermission.STATUS_VIEW_CONNECTED_ADMINS'),(1,'AdminSystemPermission.STATUS_VIEW_CONNECTED_BROKERS'),(1,'AdminSystemPermission.STATUS_VIEW_CONNECTED_MEMBERS'),(1,'AdminSystemPermission.TASKS_MANAGE_INDEXES'),(1,'AdminSystemPermission.TASKS_ONLINE_STATE'),(1,'AdminSystemPermission.THEMES_EXPORT'),(1,'AdminSystemPermission.THEMES_IMPORT'),(1,'AdminSystemPermission.THEMES_REMOVE'),(1,'AdminSystemPermission.THEMES_SELECT'),(1,'AdminSystemPermission.TRANSLATION_FILE'),(1,'AdminSystemPermission.TRANSLATION_MANAGE'),(1,'AdminSystemPermission.TRANSLATION_MANAGE_MAIL_TRANSLATION'),(1,'AdminSystemPermission.TRANSLATION_MANAGE_NOTIFICATION'),(1,'AdminSystemPermission.TRANSLATION_VIEW'),(1,'BasicPermission.BASIC_LOGIN'),(2,'AdminMemberPermission.ACCESS_CHANGE_CHANNELS_ACCESS'),(2,'AdminMemberPermission.ACCESS_CHANGE_PASSWORD'),(2,'AdminMemberPermission.ACCESS_CHANGE_PIN'),(2,'AdminMemberPermission.ACCESS_DISCONNECT'),(2,'AdminMemberPermission.ACCESS_ENABLE_LOGIN'),(2,'AdminMemberPermission.ACCESS_RESET_PASSWORD'),(2,'AdminMemberPermission.ACCESS_TRANSACTION_PASSWORD'),(2,'AdminMemberPermission.ACCESS_UNBLOCK_PIN'),(2,'AdminMemberPermission.ACCOUNTS_CREDIT_LIMIT'),(2,'AdminMemberPermission.ACCOUNTS_INFORMATION'),(2,'AdminMemberPermission.ACCOUNTS_SCHEDULED_INFORMATION'),(2,'AdminMemberPermission.ADS_MANAGE'),(2,'AdminMemberPermission.ADS_VIEW'),(2,'AdminMemberPermission.BROKERINGS_CHANGE_BROKER'),(2,'AdminMemberPermission.BROKERINGS_VIEW_LOANS'),(2,'AdminMemberPermission.BROKERINGS_VIEW_MEMBERS'),(2,'AdminMemberPermission.BULK_ACTIONS_CHANGE_BROKER'),(2,'AdminMemberPermission.BULK_ACTIONS_CHANGE_CHANNELS'),(2,'AdminMemberPermission.BULK_ACTIONS_CHANGE_GROUP'),(2,'AdminMemberPermission.BULK_ACTIONS_GENERATE_CARD'),(2,'AdminMemberPermission.CARDS_BLOCK'),(2,'AdminMemberPermission.CARDS_CANCEL'),(2,'AdminMemberPermission.CARDS_CHANGE_CARD_SECURITY_CODE'),(2,'AdminMemberPermission.CARDS_GENERATE'),(2,'AdminMemberPermission.CARDS_UNBLOCK'),(2,'AdminMemberPermission.CARDS_UNBLOCK_SECURITY_CODE'),(2,'AdminMemberPermission.CARDS_VIEW'),(2,'AdminMemberPermission.GROUPS_MANAGE_ACCOUNT_SETTINGS'),(2,'AdminMemberPermission.GROUPS_MANAGE_MEMBER_CUSTOMIZED_FILES'),(2,'AdminMemberPermission.GROUPS_VIEW'),(2,'AdminMemberPermission.INVOICES_ACCEPT'),(2,'AdminMemberPermission.INVOICES_CANCEL'),(2,'AdminMemberPermission.INVOICES_DENY'),(2,'AdminMemberPermission.INVOICES_SEND'),(2,'AdminMemberPermission.INVOICES_VIEW'),(2,'AdminMemberPermission.LOANS_DISCARD'),(2,'AdminMemberPermission.LOANS_GRANT'),(2,'AdminMemberPermission.LOANS_MANAGE_EXPIRED_STATUS'),(2,'AdminMemberPermission.LOANS_REPAY'),(2,'AdminMemberPermission.LOANS_VIEW'),(2,'AdminMemberPermission.LOAN_GROUPS_MANAGE'),(2,'AdminMemberPermission.LOAN_GROUPS_VIEW'),(2,'AdminMemberPermission.MEMBERS_CHANGE_EMAIL'),(2,'AdminMemberPermission.MEMBERS_CHANGE_GROUP'),(2,'AdminMemberPermission.MEMBERS_CHANGE_NAME'),(2,'AdminMemberPermission.MEMBERS_CHANGE_PROFILE'),(2,'AdminMemberPermission.MEMBERS_MANAGE_PENDING'),(2,'AdminMemberPermission.MEMBERS_REGISTER'),(2,'AdminMemberPermission.MEMBERS_REMOVE'),(2,'AdminMemberPermission.MEMBERS_VIEW'),(2,'AdminMemberPermission.MESSAGES_MANAGE'),(2,'AdminMemberPermission.MESSAGES_SEND_TO_GROUP'),(2,'AdminMemberPermission.MESSAGES_SEND_TO_MEMBER'),(2,'AdminMemberPermission.MESSAGES_VIEW'),(2,'AdminMemberPermission.PAYMENTS_CHARGEBACK'),(2,'AdminMemberPermission.PAYMENTS_PAYMENT'),(2,'AdminMemberPermission.PREFERENCES_MANAGE_NOTIFICATIONS'),(2,'AdminMemberPermission.RECORDS_CREATE'),(2,'AdminMemberPermission.RECORDS_DELETE'),(2,'AdminMemberPermission.RECORDS_MODIFY'),(2,'AdminMemberPermission.RECORDS_VIEW'),(2,'AdminMemberPermission.REFERENCES_MANAGE'),(2,'AdminMemberPermission.REFERENCES_VIEW'),(2,'AdminMemberPermission.REPORTS_SHOW_ACCOUNT_INFORMATION'),(2,'AdminMemberPermission.REPORTS_VIEW'),(2,'AdminMemberPermission.SMS_MAILINGS_FREE_SMS_MAILINGS'),(2,'AdminMemberPermission.SMS_MAILINGS_PAID_SMS_MAILINGS'),(2,'AdminMemberPermission.SMS_MAILINGS_VIEW'),(2,'AdminMemberPermission.TRANSACTION_FEEDBACKS_MANAGE'),(2,'AdminMemberPermission.TRANSACTION_FEEDBACKS_VIEW'),(2,'BasicPermission.BASIC_LOGIN'),(5,'BasicPermission.BASIC_INVITE_MEMBER'),(5,'BasicPermission.BASIC_LOGIN'),(5,'MemberPermission.ACCESS_CHANGE_CHANNELS_ACCESS'),(5,'MemberPermission.ACCESS_UNBLOCK_PIN'),(5,'MemberPermission.ACCOUNT_SCHEDULED_INFORMATION'),(5,'MemberPermission.CARDS_BLOCK'),(5,'MemberPermission.CARDS_CHANGE_CARD_SECURITY_CODE'),(5,'MemberPermission.CARDS_UNBLOCK'),(5,'MemberPermission.CARDS_VIEW'),(5,'MemberPermission.INVOICES_SEND_TO_MEMBER'),(5,'MemberPermission.INVOICES_VIEW'),(5,'MemberPermission.LOANS_REPAY'),(5,'MemberPermission.LOANS_VIEW'),(5,'MemberPermission.MESSAGES_MANAGE'),(5,'MemberPermission.MESSAGES_SEND_TO_ADMINISTRATION'),(5,'MemberPermission.MESSAGES_SEND_TO_MEMBER'),(5,'MemberPermission.MESSAGES_VIEW'),(5,'MemberPermission.PAYMENTS_BLOCK_SCHEDULED'),(5,'MemberPermission.PAYMENTS_PAYMENT_TO_MEMBER'),(5,'MemberPermission.PAYMENTS_PAYMENT_TO_SYSTEM'),(5,'MemberPermission.PAYMENTS_TICKET'),(5,'MemberPermission.PREFERENCES_MANAGE_NOTIFICATIONS'),(5,'MemberPermission.PROFILE_CHANGE_EMAIL'),(5,'MemberPermission.PROFILE_CHANGE_NAME'),(5,'MemberPermission.PROFILE_CHANGE_USERNAME'),(5,'MemberPermission.PROFILE_VIEW'),(5,'MemberPermission.REPORTS_VIEW'),(9,'BasicPermission.BASIC_LOGIN'),(9,'BrokerPermission.ACCOUNTS_INFORMATION'),(9,'BrokerPermission.ACCOUNTS_SCHEDULED_INFORMATION'),(9,'BrokerPermission.ADS_MANAGE'),(9,'BrokerPermission.ADS_VIEW'),(9,'BrokerPermission.CARDS_BLOCK'),(9,'BrokerPermission.CARDS_CANCEL'),(9,'BrokerPermission.CARDS_CHANGE_CARD_SECURITY_CODE'),(9,'BrokerPermission.CARDS_GENERATE'),(9,'BrokerPermission.CARDS_UNBLOCK'),(9,'BrokerPermission.CARDS_UNBLOCK_SECURITY_CODE'),(9,'BrokerPermission.CARDS_VIEW'),(9,'BrokerPermission.INVOICES_VIEW'),(9,'BrokerPermission.LOANS_VIEW'),(9,'BrokerPermission.LOAN_GROUPS_VIEW'),(9,'BrokerPermission.MEMBERS_CHANGE_EMAIL'),(9,'BrokerPermission.MEMBERS_CHANGE_PROFILE'),(9,'BrokerPermission.MEMBERS_MANAGE_CONTRACTS'),(9,'BrokerPermission.MEMBERS_MANAGE_DEFAULTS'),(9,'BrokerPermission.MEMBERS_MANAGE_PENDING'),(9,'BrokerPermission.MEMBERS_REGISTER'),(9,'BrokerPermission.MEMBER_ACCESS_CHANGE_CHANNELS_ACCESS'),(9,'BrokerPermission.MEMBER_ACCESS_CHANGE_PASSWORD'),(9,'BrokerPermission.MEMBER_ACCESS_CHANGE_PIN'),(9,'BrokerPermission.MEMBER_ACCESS_RESET_PASSWORD'),(9,'BrokerPermission.MEMBER_ACCESS_TRANSACTION_PASSWORD'),(9,'BrokerPermission.MEMBER_ACCESS_UNBLOCK_PIN'),(9,'BrokerPermission.MEMBER_PAYMENTS_AUTHORIZE'),(9,'BrokerPermission.MEMBER_RECORDS_CREATE'),(9,'BrokerPermission.MEMBER_RECORDS_DELETE'),(9,'BrokerPermission.MEMBER_RECORDS_MODIFY'),(9,'BrokerPermission.MEMBER_RECORDS_VIEW'),(9,'BrokerPermission.MESSAGES_SEND_TO_MEMBERS'),(9,'BrokerPermission.POS_ASSIGN'),(9,'BrokerPermission.POS_BLOCK'),(9,'BrokerPermission.POS_CHANGE_PARAMETERS'),(9,'BrokerPermission.POS_CHANGE_PIN'),(9,'BrokerPermission.POS_DISCARD'),(9,'BrokerPermission.POS_MANAGE'),(9,'BrokerPermission.POS_UNBLOCK_PIN'),(9,'BrokerPermission.POS_VIEW'),(9,'BrokerPermission.PREFERENCES_MANAGE_NOTIFICATIONS'),(9,'BrokerPermission.REFERENCES_MANAGE'),(9,'BrokerPermission.REPORTS_SHOW_ACCOUNT_INFORMATION'),(9,'BrokerPermission.REPORTS_VIEW'),(9,'BrokerPermission.SMS_MAILINGS_FREE_SMS_MAILINGS'),(9,'BrokerPermission.SMS_MAILINGS_PAID_SMS_MAILINGS'),(9,'MemberPermission.ACCESS_CHANGE_CHANNELS_ACCESS'),(9,'MemberPermission.ACCESS_UNBLOCK_PIN'),(9,'MemberPermission.ACCOUNT_SCHEDULED_INFORMATION'),(9,'MemberPermission.ADS_PUBLISH'),(9,'MemberPermission.ADS_VIEW'),(9,'MemberPermission.CARDS_BLOCK'),(9,'MemberPermission.CARDS_CHANGE_CARD_SECURITY_CODE'),(9,'MemberPermission.CARDS_UNBLOCK'),(9,'MemberPermission.CARDS_VIEW'),(9,'MemberPermission.INVOICES_SEND_TO_MEMBER'),(9,'MemberPermission.INVOICES_VIEW'),(9,'MemberPermission.LOANS_REPAY'),(9,'MemberPermission.LOANS_VIEW'),(9,'MemberPermission.MESSAGES_MANAGE'),(9,'MemberPermission.MESSAGES_SEND_TO_ADMINISTRATION'),(9,'MemberPermission.MESSAGES_SEND_TO_MEMBER'),(9,'MemberPermission.MESSAGES_VIEW'),(9,'MemberPermission.PAYMENTS_BLOCK_SCHEDULED'),(9,'MemberPermission.PAYMENTS_CHARGEBACK'),(9,'MemberPermission.PAYMENTS_PAYMENT_TO_MEMBER'),(9,'MemberPermission.PAYMENTS_PAYMENT_TO_SYSTEM'),(9,'MemberPermission.PAYMENTS_TICKET'),(9,'MemberPermission.PREFERENCES_MANAGE_AD_INTERESTS'),(9,'MemberPermission.PREFERENCES_MANAGE_NOTIFICATIONS'),(9,'MemberPermission.PROFILE_CHANGE_EMAIL'),(9,'MemberPermission.PROFILE_CHANGE_NAME'),(9,'MemberPermission.PROFILE_CHANGE_USERNAME'),(9,'MemberPermission.PROFILE_VIEW'),(9,'MemberPermission.REFERENCES_GIVE'),(9,'MemberPermission.REFERENCES_VIEW'),(9,'MemberPermission.REPORTS_SHOW_ACCOUNT_INFORMATION'),(9,'MemberPermission.REPORTS_VIEW'),(12,'BasicPermission.BASIC_LOGIN'),(12,'OperatorPermission.ACCOUNT_ACCOUNT_INFORMATION'),(12,'OperatorPermission.ACCOUNT_SCHEDULED_INFORMATION'),(12,'OperatorPermission.CONTACTS_MANAGE'),(12,'OperatorPermission.CONTACTS_VIEW'),(12,'OperatorPermission.MESSAGES_MANAGE'),(12,'OperatorPermission.MESSAGES_VIEW'),(12,'OperatorPermission.PAYMENTS_PAYMENT_TO_MEMBER'),(12,'OperatorPermission.PAYMENTS_PAYMENT_TO_SYSTEM'),(12,'OperatorPermission.REPORTS_VIEW_MEMBER');
/*!40000 ALTER TABLE `permissions` ENABLE KEYS */;
UNLOCK TABLES;

--
-- Table structure for table `pos`
--

DROP TABLE IF EXISTS `pos`;
/*!40101 SET @saved_cs_client     = @@character_set_client */;
/*!40101 SET character_set_client = utf8 */;
CREATE TABLE `pos` (
  `id` int(11) NOT NULL AUTO_INCREMENT,
  `pos_id` varchar(64) NOT NULL,
  `description` varchar(100) DEFAULT NULL,
  `status` varchar(1) NOT NULL,
  `member_pos_id` int(11) DEFAULT NULL,
  PRIMARY KEY (`id`),
  UNIQUE KEY `pos_id` (`pos_id`),
  KEY `FK1B25413A66F8B` (`member_pos_id`),
  CONSTRAINT `FK1B25413A66F8B` FOREIGN KEY (`member_pos_id`) REFERENCES `member_pos` (`id`)
) ENGINE=InnoDB DEFAULT CHARSET=utf8;
/*!40101 SET character_set_client = @saved_cs_client */;

--
-- Dumping data for table `pos`
--

LOCK TABLES `pos` WRITE;
/*!40000 ALTER TABLE `pos` DISABLE KEYS */;
/*!40000 ALTER TABLE `pos` ENABLE KEYS */;
UNLOCK TABLES;

--
-- Table structure for table `pos_logs`
--

DROP TABLE IF EXISTS `pos_logs`;
/*!40101 SET @saved_cs_client     = @@character_set_client */;
/*!40101 SET character_set_client = utf8 */;
CREATE TABLE `pos_logs` (
  `id` int(11) NOT NULL AUTO_INCREMENT,
  `date` datetime NOT NULL,
  `pos_status` varchar(1) NOT NULL,
  `member_pos_status` varchar(1) DEFAULT NULL,
  `by_id` int(11) DEFAULT NULL,
  `pos_id` int(11) NOT NULL,
  `assigned_to` int(11) DEFAULT NULL,
  PRIMARY KEY (`id`),
  KEY `FK2C0220BA2B1214C2` (`by_id`),
  KEY `FK2C0220BA2B3ED03` (`assigned_to`),
  KEY `FK2C0220BAF3ECFBC0` (`pos_id`),
  CONSTRAINT `FK2C0220BAF3ECFBC0` FOREIGN KEY (`pos_id`) REFERENCES `pos` (`id`),
  CONSTRAINT `FK2C0220BA2B1214C2` FOREIGN KEY (`by_id`) REFERENCES `members` (`id`),
  CONSTRAINT `FK2C0220BA2B3ED03` FOREIGN KEY (`assigned_to`) REFERENCES `members` (`id`)
) ENGINE=InnoDB DEFAULT CHARSET=utf8;
/*!40101 SET character_set_client = @saved_cs_client */;

--
-- Dumping data for table `pos_logs`
--

LOCK TABLES `pos_logs` WRITE;
/*!40000 ALTER TABLE `pos_logs` DISABLE KEYS */;
/*!40000 ALTER TABLE `pos_logs` ENABLE KEYS */;
UNLOCK TABLES;

--
-- Table structure for table `print_settings`
--

DROP TABLE IF EXISTS `print_settings`;
/*!40101 SET @saved_cs_client     = @@character_set_client */;
/*!40101 SET character_set_client = utf8 */;
CREATE TABLE `print_settings` (
  `id` int(11) NOT NULL AUTO_INCREMENT,
  `member` int(11) DEFAULT NULL,
  `name` varchar(100) NOT NULL,
  `printer_name` varchar(100) NOT NULL,
  `begin_doc_cmd` varchar(100) DEFAULT NULL,
  `end_doc_cmd` varchar(100) DEFAULT NULL,
  `payment_message` varchar(500) DEFAULT NULL,
  PRIMARY KEY (`id`),
  KEY `FK35B1ED755AA28D11` (`member`),
  CONSTRAINT `FK35B1ED755AA28D11` FOREIGN KEY (`member`) REFERENCES `members` (`id`)
) ENGINE=InnoDB DEFAULT CHARSET=utf8;
/*!40101 SET character_set_client = @saved_cs_client */;

--
-- Dumping data for table `print_settings`
--

LOCK TABLES `print_settings` WRITE;
/*!40000 ALTER TABLE `print_settings` DISABLE KEYS */;
/*!40000 ALTER TABLE `print_settings` ENABLE KEYS */;
UNLOCK TABLES;

--
-- Table structure for table `rate_parameters`
--

DROP TABLE IF EXISTS `rate_parameters`;
/*!40101 SET @saved_cs_client     = @@character_set_client */;
/*!40101 SET character_set_client = utf8 */;
CREATE TABLE `rate_parameters` (
  `id` int(11) NOT NULL AUTO_INCREMENT,
  `subclass` varchar(1) NOT NULL,
  `currency_id` int(11) NOT NULL,
  `date` datetime NOT NULL,
  `creation_value` decimal(15,6) NOT NULL,
  `enabled_since` datetime NOT NULL,
  `disabled_since` datetime DEFAULT NULL,
  `reinit_date` datetime DEFAULT NULL,
  `init_value` decimal(15,6) DEFAULT NULL,
  `init_date` datetime DEFAULT NULL,
  `interest` decimal(15,6) DEFAULT NULL,
  `base_malus` decimal(15,6) DEFAULT NULL,
  `minimal_d` decimal(15,6) DEFAULT NULL,
  PRIMARY KEY (`id`),
  KEY `ix_date` (`date`),
  KEY `FK1169FEA9C0E7F6FA` (`currency_id`),
  CONSTRAINT `FK1169FEA9C0E7F6FA` FOREIGN KEY (`currency_id`) REFERENCES `currencies` (`id`)
) ENGINE=InnoDB DEFAULT CHARSET=utf8;
/*!40101 SET character_set_client = @saved_cs_client */;

--
-- Dumping data for table `rate_parameters`
--

LOCK TABLES `rate_parameters` WRITE;
/*!40000 ALTER TABLE `rate_parameters` DISABLE KEYS */;
/*!40000 ALTER TABLE `rate_parameters` ENABLE KEYS */;
UNLOCK TABLES;

--
-- Table structure for table `reference_history`
--

DROP TABLE IF EXISTS `reference_history`;
/*!40101 SET @saved_cs_client     = @@character_set_client */;
/*!40101 SET character_set_client = utf8 */;
CREATE TABLE `reference_history` (
  `id` int(11) NOT NULL AUTO_INCREMENT,
  `from_member_id` int(11) NOT NULL,
  `to_member_id` int(11) NOT NULL,
  `level` tinyint(4) NOT NULL,
  `start_date` datetime DEFAULT NULL,
  `end_date` datetime DEFAULT NULL,
  PRIMARY KEY (`id`),
  KEY `FKC9084FA0823FB102` (`from_member_id`),
  KEY `FKC9084FA09DCA1693` (`to_member_id`),
  CONSTRAINT `FKC9084FA09DCA1693` FOREIGN KEY (`to_member_id`) REFERENCES `members` (`id`),
  CONSTRAINT `FKC9084FA0823FB102` FOREIGN KEY (`from_member_id`) REFERENCES `members` (`id`)
) ENGINE=InnoDB DEFAULT CHARSET=utf8;
/*!40101 SET character_set_client = @saved_cs_client */;

--
-- Dumping data for table `reference_history`
--

LOCK TABLES `reference_history` WRITE;
/*!40000 ALTER TABLE `reference_history` DISABLE KEYS */;
/*!40000 ALTER TABLE `reference_history` ENABLE KEYS */;
UNLOCK TABLES;

--
-- Table structure for table `refs`
--

DROP TABLE IF EXISTS `refs`;
/*!40101 SET @saved_cs_client     = @@character_set_client */;
/*!40101 SET character_set_client = utf8 */;
CREATE TABLE `refs` (
  `id` int(11) NOT NULL AUTO_INCREMENT,
  `subclass` varchar(1) NOT NULL,
  `from_member_id` int(11) NOT NULL,
  `to_member_id` int(11) NOT NULL,
  `level` tinyint(4) NOT NULL,
  `date` datetime NOT NULL,
  `comments` longtext NOT NULL,
  `reply_comments_date` datetime DEFAULT NULL,
  `reply_comments` longtext,
  `admin_comments_date` datetime DEFAULT NULL,
  `admin_comments` longtext,
  `transfer_id` bigint(20) DEFAULT NULL,
  `scheduled_payment_id` int(11) DEFAULT NULL,
  PRIMARY KEY (`id`),
  KEY `FK355A40B3A79238` (`scheduled_payment_id`),
  KEY `FK355A402F78F3B3` (`transfer_id`),
  KEY `FK355A40823FB102` (`from_member_id`),
  KEY `FK355A409DCA1693` (`to_member_id`),
  CONSTRAINT `FK355A409DCA1693` FOREIGN KEY (`to_member_id`) REFERENCES `members` (`id`),
  CONSTRAINT `FK355A402F78F3B3` FOREIGN KEY (`transfer_id`) REFERENCES `transfers` (`id`),
  CONSTRAINT `FK355A40823FB102` FOREIGN KEY (`from_member_id`) REFERENCES `members` (`id`),
  CONSTRAINT `FK355A40B3A79238` FOREIGN KEY (`scheduled_payment_id`) REFERENCES `scheduled_payments` (`id`)
) ENGINE=InnoDB DEFAULT CHARSET=utf8;
/*!40101 SET character_set_client = @saved_cs_client */;

--
-- Dumping data for table `refs`
--

LOCK TABLES `refs` WRITE;
/*!40000 ALTER TABLE `refs` DISABLE KEYS */;
/*!40000 ALTER TABLE `refs` ENABLE KEYS */;
UNLOCK TABLES;

--
-- Table structure for table `registration_agreement_logs`
--

DROP TABLE IF EXISTS `registration_agreement_logs`;
/*!40101 SET @saved_cs_client     = @@character_set_client */;
/*!40101 SET character_set_client = utf8 */;
CREATE TABLE `registration_agreement_logs` (
  `id` int(11) NOT NULL AUTO_INCREMENT,
  `member_id` int(11) NOT NULL,
  `registration_agreement_id` int(11) NOT NULL,
  `date` datetime NOT NULL,
  `remote_address` varchar(100) DEFAULT NULL,
  PRIMARY KEY (`id`),
  KEY `FK415CBF0AEAE0AB57` (`member_id`),
  KEY `FK415CBF0A33E01D0A` (`registration_agreement_id`),
  CONSTRAINT `FK415CBF0A33E01D0A` FOREIGN KEY (`registration_agreement_id`) REFERENCES `registration_agreements` (`id`),
  CONSTRAINT `FK415CBF0AEAE0AB57` FOREIGN KEY (`member_id`) REFERENCES `members` (`id`)
) ENGINE=InnoDB AUTO_INCREMENT=2 DEFAULT CHARSET=utf8;
/*!40101 SET character_set_client = @saved_cs_client */;

--
-- Dumping data for table `registration_agreement_logs`
--

LOCK TABLES `registration_agreement_logs` WRITE;
/*!40000 ALTER TABLE `registration_agreement_logs` DISABLE KEYS */;
INSERT INTO `registration_agreement_logs` VALUES (1,3,1,'2013-12-15 03:08:55','0:0:0:0:0:0:0:1%0');
/*!40000 ALTER TABLE `registration_agreement_logs` ENABLE KEYS */;
UNLOCK TABLES;

--
-- Table structure for table `registration_agreements`
--

DROP TABLE IF EXISTS `registration_agreements`;
/*!40101 SET @saved_cs_client     = @@character_set_client */;
/*!40101 SET character_set_client = utf8 */;
CREATE TABLE `registration_agreements` (
  `id` int(11) NOT NULL AUTO_INCREMENT,
  `name` varchar(50) NOT NULL,
  `contents` longtext NOT NULL,
  PRIMARY KEY (`id`)
) ENGINE=InnoDB AUTO_INCREMENT=2 DEFAULT CHARSET=utf8;
/*!40101 SET character_set_client = @saved_cs_client */;

--
-- Dumping data for table `registration_agreements`
--

LOCK TABLES `registration_agreements` WRITE;
/*!40000 ALTER TABLE `registration_agreements` DISABLE KEYS */;
INSERT INTO `registration_agreements` VALUES (1,'General Terms','<p>You need to accept terms before registering.</p>');
/*!40000 ALTER TABLE `registration_agreements` ENABLE KEYS */;
UNLOCK TABLES;

--
-- Table structure for table `remarks`
--

DROP TABLE IF EXISTS `remarks`;
/*!40101 SET @saved_cs_client     = @@character_set_client */;
/*!40101 SET character_set_client = utf8 */;
CREATE TABLE `remarks` (
  `id` int(11) NOT NULL AUTO_INCREMENT,
  `subclass` varchar(1) NOT NULL,
  `subject_id` int(11) NOT NULL,
  `writer_id` int(11) DEFAULT NULL,
  `date` datetime NOT NULL,
  `comments` longtext,
  `old_group_id` int(11) DEFAULT NULL,
  `new_group_id` int(11) DEFAULT NULL,
  `old_broker_id` int(11) DEFAULT NULL,
  `new_broker_id` int(11) DEFAULT NULL,
  PRIMARY KEY (`id`),
  KEY `FK410DACF3BE3D3300` (`old_group_id`),
  KEY `FK410DACF3C5DFA5A0` (`old_broker_id`),
  KEY `FK410DACF33439FCD` (`subject_id`),
  KEY `FK410DACF3D1AF3726` (`writer_id`),
  KEY `FK410DACF3AE7A5DD9` (`new_broker_id`),
  KEY `FK410DACF3C5BE0FA7` (`new_group_id`),
  CONSTRAINT `FK410DACF3C5BE0FA7` FOREIGN KEY (`new_group_id`) REFERENCES `groups` (`id`),
  CONSTRAINT `FK410DACF33439FCD` FOREIGN KEY (`subject_id`) REFERENCES `members` (`id`),
  CONSTRAINT `FK410DACF3AE7A5DD9` FOREIGN KEY (`new_broker_id`) REFERENCES `members` (`id`),
  CONSTRAINT `FK410DACF3BE3D3300` FOREIGN KEY (`old_group_id`) REFERENCES `groups` (`id`),
  CONSTRAINT `FK410DACF3C5DFA5A0` FOREIGN KEY (`old_broker_id`) REFERENCES `members` (`id`),
  CONSTRAINT `FK410DACF3D1AF3726` FOREIGN KEY (`writer_id`) REFERENCES `members` (`id`)
) ENGINE=InnoDB AUTO_INCREMENT=4 DEFAULT CHARSET=utf8;
/*!40101 SET character_set_client = @saved_cs_client */;

--
-- Dumping data for table `remarks`
--

LOCK TABLES `remarks` WRITE;
/*!40000 ALTER TABLE `remarks` DISABLE KEYS */;
INSERT INTO `remarks` VALUES (1,'G',2,1,'2013-12-15 00:37:32','approved first member',6,5,NULL,NULL),(2,'G',3,1,'2013-12-15 03:11:01','First branch',6,9,NULL,NULL),(3,'B',2,1,'2013-12-15 03:15:37','First individual client of this branch',NULL,NULL,NULL,3);
/*!40000 ALTER TABLE `remarks` ENABLE KEYS */;
UNLOCK TABLES;

--
-- Table structure for table `scheduled_payments`
--

DROP TABLE IF EXISTS `scheduled_payments`;
/*!40101 SET @saved_cs_client     = @@character_set_client */;
/*!40101 SET character_set_client = utf8 */;
CREATE TABLE `scheduled_payments` (
  `id` int(11) NOT NULL AUTO_INCREMENT,
  `from_account_id` int(11) NOT NULL,
  `to_account_id` int(11) NOT NULL,
  `type_id` int(11) NOT NULL,
  `date` datetime NOT NULL,
  `amount` decimal(15,6) NOT NULL,
  `status` varchar(1) NOT NULL,
  `by_id` int(11) DEFAULT NULL,
  `process_date` datetime DEFAULT NULL,
  `feedback_deadline` datetime DEFAULT NULL,
  `description` longtext,
  `reserve_amount` bit(1) NOT NULL,
  `show_to_receiver` bit(1) NOT NULL,
  PRIMARY KEY (`id`),
  KEY `FK943CF27F2B1214C2` (`by_id`),
  KEY `FK943CF27FDD5BFBFE` (`to_account_id`),
  KEY `FK943CF27F8799AF6F` (`from_account_id`),
  KEY `FK943CF27F9D63275E` (`type_id`),
  CONSTRAINT `FK943CF27F9D63275E` FOREIGN KEY (`type_id`) REFERENCES `transfer_types` (`id`),
  CONSTRAINT `FK943CF27F2B1214C2` FOREIGN KEY (`by_id`) REFERENCES `members` (`id`),
  CONSTRAINT `FK943CF27F8799AF6F` FOREIGN KEY (`from_account_id`) REFERENCES `accounts` (`id`),
  CONSTRAINT `FK943CF27FDD5BFBFE` FOREIGN KEY (`to_account_id`) REFERENCES `accounts` (`id`)
) ENGINE=InnoDB DEFAULT CHARSET=utf8;
/*!40101 SET character_set_client = @saved_cs_client */;

--
-- Dumping data for table `scheduled_payments`
--

LOCK TABLES `scheduled_payments` WRITE;
/*!40000 ALTER TABLE `scheduled_payments` DISABLE KEYS */;
/*!40000 ALTER TABLE `scheduled_payments` ENABLE KEYS */;
UNLOCK TABLES;

--
-- Table structure for table `service_client_permissions`
--

DROP TABLE IF EXISTS `service_client_permissions`;
/*!40101 SET @saved_cs_client     = @@character_set_client */;
/*!40101 SET character_set_client = utf8 */;
CREATE TABLE `service_client_permissions` (
  `service_client_id` int(11) NOT NULL,
  `operation` varchar(50) NOT NULL,
  PRIMARY KEY (`service_client_id`,`operation`),
  KEY `FK6BF53FDABC65B77D` (`service_client_id`),
  CONSTRAINT `FK6BF53FDABC65B77D` FOREIGN KEY (`service_client_id`) REFERENCES `service_clients` (`id`)
) ENGINE=InnoDB DEFAULT CHARSET=utf8;
/*!40101 SET character_set_client = @saved_cs_client */;

--
-- Dumping data for table `service_client_permissions`
--

LOCK TABLES `service_client_permissions` WRITE;
/*!40000 ALTER TABLE `service_client_permissions` DISABLE KEYS */;
/*!40000 ALTER TABLE `service_client_permissions` ENABLE KEYS */;
UNLOCK TABLES;

--
-- Table structure for table `service_clients`
--

DROP TABLE IF EXISTS `service_clients`;
/*!40101 SET @saved_cs_client     = @@character_set_client */;
/*!40101 SET character_set_client = utf8 */;
CREATE TABLE `service_clients` (
  `id` int(11) NOT NULL AUTO_INCREMENT,
  `name` varchar(100) NOT NULL,
  `hostname` varchar(100) NOT NULL,
  `address_begin` varchar(100) DEFAULT NULL,
  `address_end` varchar(100) DEFAULT NULL,
  `username` varchar(100) DEFAULT NULL,
  `password` varchar(100) DEFAULT NULL,
  `credentials_required` bit(1) NOT NULL,
  `ignore_registration_validations` bit(1) NOT NULL,
  `member_id` int(11) DEFAULT NULL,
  `channel_id` int(11) DEFAULT NULL,
  PRIMARY KEY (`id`),
  KEY `FK55B6E7EEAE0AB57` (`member_id`),
  KEY `FK55B6E7E9B71D578` (`channel_id`),
  CONSTRAINT `FK55B6E7E9B71D578` FOREIGN KEY (`channel_id`) REFERENCES `channels` (`id`),
  CONSTRAINT `FK55B6E7EEAE0AB57` FOREIGN KEY (`member_id`) REFERENCES `members` (`id`)
) ENGINE=InnoDB DEFAULT CHARSET=utf8;
/*!40101 SET character_set_client = @saved_cs_client */;

--
-- Dumping data for table `service_clients`
--

LOCK TABLES `service_clients` WRITE;
/*!40000 ALTER TABLE `service_clients` DISABLE KEYS */;
/*!40000 ALTER TABLE `service_clients` ENABLE KEYS */;
UNLOCK TABLES;

--
-- Table structure for table `service_clients_chargeback_payment_types`
--

DROP TABLE IF EXISTS `service_clients_chargeback_payment_types`;
/*!40101 SET @saved_cs_client     = @@character_set_client */;
/*!40101 SET character_set_client = utf8 */;
CREATE TABLE `service_clients_chargeback_payment_types` (
  `service_client_id` int(11) NOT NULL,
  `transfer_type_id` int(11) NOT NULL,
  PRIMARY KEY (`service_client_id`,`transfer_type_id`),
  KEY `FKD8ECB3FDA4766B0A` (`transfer_type_id`),
  KEY `FKD8ECB3FDBC65B77D` (`service_client_id`),
  CONSTRAINT `FKD8ECB3FDBC65B77D` FOREIGN KEY (`service_client_id`) REFERENCES `service_clients` (`id`),
  CONSTRAINT `FKD8ECB3FDA4766B0A` FOREIGN KEY (`transfer_type_id`) REFERENCES `transfer_types` (`id`)
) ENGINE=InnoDB DEFAULT CHARSET=utf8;
/*!40101 SET character_set_client = @saved_cs_client */;

--
-- Dumping data for table `service_clients_chargeback_payment_types`
--

LOCK TABLES `service_clients_chargeback_payment_types` WRITE;
/*!40000 ALTER TABLE `service_clients_chargeback_payment_types` DISABLE KEYS */;
/*!40000 ALTER TABLE `service_clients_chargeback_payment_types` ENABLE KEYS */;
UNLOCK TABLES;

--
-- Table structure for table `service_clients_do_payment_types`
--

DROP TABLE IF EXISTS `service_clients_do_payment_types`;
/*!40101 SET @saved_cs_client     = @@character_set_client */;
/*!40101 SET character_set_client = utf8 */;
CREATE TABLE `service_clients_do_payment_types` (
  `service_client_id` int(11) NOT NULL,
  `transfer_type_id` int(11) NOT NULL,
  PRIMARY KEY (`service_client_id`,`transfer_type_id`),
  KEY `FKA83C5FEDA4766B0A` (`transfer_type_id`),
  KEY `FKA83C5FEDBC65B77D` (`service_client_id`),
  CONSTRAINT `FKA83C5FEDBC65B77D` FOREIGN KEY (`service_client_id`) REFERENCES `service_clients` (`id`),
  CONSTRAINT `FKA83C5FEDA4766B0A` FOREIGN KEY (`transfer_type_id`) REFERENCES `transfer_types` (`id`)
) ENGINE=InnoDB DEFAULT CHARSET=utf8;
/*!40101 SET character_set_client = @saved_cs_client */;

--
-- Dumping data for table `service_clients_do_payment_types`
--

LOCK TABLES `service_clients_do_payment_types` WRITE;
/*!40000 ALTER TABLE `service_clients_do_payment_types` DISABLE KEYS */;
/*!40000 ALTER TABLE `service_clients_do_payment_types` ENABLE KEYS */;
UNLOCK TABLES;

--
-- Table structure for table `service_clients_manage_groups`
--

DROP TABLE IF EXISTS `service_clients_manage_groups`;
/*!40101 SET @saved_cs_client     = @@character_set_client */;
/*!40101 SET character_set_client = utf8 */;
CREATE TABLE `service_clients_manage_groups` (
  `service_client_id` int(11) NOT NULL,
  `group_id` int(11) NOT NULL,
  PRIMARY KEY (`service_client_id`,`group_id`),
  KEY `FK5A4E59EDB45926EE` (`group_id`),
  KEY `FK5A4E59EDBC65B77D` (`service_client_id`),
  CONSTRAINT `FK5A4E59EDBC65B77D` FOREIGN KEY (`service_client_id`) REFERENCES `service_clients` (`id`),
  CONSTRAINT `FK5A4E59EDB45926EE` FOREIGN KEY (`group_id`) REFERENCES `groups` (`id`)
) ENGINE=InnoDB DEFAULT CHARSET=utf8;
/*!40101 SET character_set_client = @saved_cs_client */;

--
-- Dumping data for table `service_clients_manage_groups`
--

LOCK TABLES `service_clients_manage_groups` WRITE;
/*!40000 ALTER TABLE `service_clients_manage_groups` DISABLE KEYS */;
/*!40000 ALTER TABLE `service_clients_manage_groups` ENABLE KEYS */;
UNLOCK TABLES;

--
-- Table structure for table `service_clients_receive_payment_types`
--

DROP TABLE IF EXISTS `service_clients_receive_payment_types`;
/*!40101 SET @saved_cs_client     = @@character_set_client */;
/*!40101 SET character_set_client = utf8 */;
CREATE TABLE `service_clients_receive_payment_types` (
  `service_client_id` int(11) NOT NULL,
  `transfer_type_id` int(11) NOT NULL,
  PRIMARY KEY (`service_client_id`,`transfer_type_id`),
  KEY `FK51FA69A3A4766B0A` (`transfer_type_id`),
  KEY `FK51FA69A3BC65B77D` (`service_client_id`),
  CONSTRAINT `FK51FA69A3BC65B77D` FOREIGN KEY (`service_client_id`) REFERENCES `service_clients` (`id`),
  CONSTRAINT `FK51FA69A3A4766B0A` FOREIGN KEY (`transfer_type_id`) REFERENCES `transfer_types` (`id`)
) ENGINE=InnoDB DEFAULT CHARSET=utf8;
/*!40101 SET character_set_client = @saved_cs_client */;

--
-- Dumping data for table `service_clients_receive_payment_types`
--

LOCK TABLES `service_clients_receive_payment_types` WRITE;
/*!40000 ALTER TABLE `service_clients_receive_payment_types` DISABLE KEYS */;
/*!40000 ALTER TABLE `service_clients_receive_payment_types` ENABLE KEYS */;
UNLOCK TABLES;

--
-- Table structure for table `sessions`
--

DROP TABLE IF EXISTS `sessions`;
/*!40101 SET @saved_cs_client     = @@character_set_client */;
/*!40101 SET character_set_client = utf8 */;
CREATE TABLE `sessions` (
  `id` int(11) NOT NULL AUTO_INCREMENT,
  `identifier` varchar(255) NOT NULL,
  `creation_date` datetime NOT NULL,
  `expiration_date` datetime NOT NULL,
  `pos_web` bit(1) DEFAULT NULL,
  `remote_addr` varchar(64) NOT NULL,
  `user_id` int(11) NOT NULL,
  PRIMARY KEY (`id`),
  UNIQUE KEY `identifier` (`identifier`),
  KEY `FK53BFD09DA19267FC` (`user_id`),
  CONSTRAINT `FK53BFD09DA19267FC` FOREIGN KEY (`user_id`) REFERENCES `users` (`id`)
) ENGINE=InnoDB AUTO_INCREMENT=17 DEFAULT CHARSET=utf8;
/*!40101 SET character_set_client = @saved_cs_client */;

--
-- Dumping data for table `sessions`
--

LOCK TABLES `sessions` WRITE;
/*!40000 ALTER TABLE `sessions` DISABLE KEYS */;
INSERT INTO `sessions` VALUES (10,'4F8B765C8AC3B8B55AE948A1944AA51D','2013-12-15 03:07:49','2013-12-15 04:30:00','\0','0:0:0:0:0:0:0:1%0',1);
/*!40000 ALTER TABLE `sessions` ENABLE KEYS */;
UNLOCK TABLES;

--
-- Table structure for table `settings`
--

DROP TABLE IF EXISTS `settings`;
/*!40101 SET @saved_cs_client     = @@character_set_client */;
/*!40101 SET character_set_client = utf8 */;
CREATE TABLE `settings` (
  `id` int(11) NOT NULL AUTO_INCREMENT,
  `type` varchar(15) NOT NULL,
  `name` varchar(100) NOT NULL,
  `value` varchar(4096) DEFAULT NULL,
  PRIMARY KEY (`id`),
  UNIQUE KEY `type` (`type`,`name`)
) ENGINE=InnoDB AUTO_INCREMENT=279 DEFAULT CHARSET=utf8;
/*!40101 SET character_set_client = @saved_cs_client */;

--
-- Dumping data for table `settings`
--

LOCK TABLES `settings` WRITE;
/*!40000 ALTER TABLE `settings` DISABLE KEYS */;
INSERT INTO `settings` VALUES (1,'local','charset','UTF-8'),(2,'local','language','ENGLISH'),(3,'local','applicationUsername','Acacia Bank'),(4,'local','defaultExternalPaymentDescription','External payment'),(5,'local','chargebackDescription','Chargeback for payment at #date#\r\n#description#'),(6,'mailTranslation','invitationSubject','Invitation to join #system_name#'),(7,'mailTranslation','invitationMessage','The member #member# sent you an invitation to explore #system_name#.<br>To access the software, browse to #link# <br><br> Kind Regards,<br> The administration'),(8,'mailTranslation','activationSubject','Welcome to #system_name#'),(9,'mailTranslation','activationMessageWithoutPassword','Hello #member# <br><br> Your account on #system_name# has been activated.<br>You can now access the system with the login name #login#.<br><br>To access the software, #link# <br><br> Kind Regards,<br> The #system_name# team.'),(10,'mailTranslation','activationMessageWithPassword','Hello #member# <br><br> Your account on #system_name# has been activated.<br>You can now access the system with the login name #login# and the password #password#. This password is temporary, and should be changed after the first login.<br><br>To access the software, #link#<br><br> Kind Regards,<br> The #system_name# team.'),(11,'mailTranslation','resetPasswordSubject','#system_name# password reset'),(12,'mailTranslation','resetPasswordMessage','Hello #member#.<br><br>Your password has been reset on #system_name#.<br>You can now login as #login# with password #password#.<br>You will have to change your password on your next login.<br>To access the software, access #link# <br><br> Kind Regards,<br> The administration'),(13,'mailTranslation','mailValidationSubject','#system_name# e-mail validation'),(14,'mailTranslation','mailValidationMessage','Hello #member# <br><br> You have been registered on #system_name#, but first, the e-mail address entered must be validated.<br><br>In order to validate the registration, please click the link below:<br><br>#link#<br><br>Thanks for registering on #system_name#. If you haven\'t registered or wasn\'t expecting this mail, please, ignore it. <br><br> Kind Regards,<br> The administration'),(15,'message','loginBlockedMessage','You have reached the maximum number of wrong login tries.<br>Now, your login is temporarily blocked'),(16,'message','loginBlockedSubject','Your login is temporarily blocked'),(17,'message','loginBlockedSms','You have reached the maximum number of wrong login tries. Now, your login is temporarily blocked'),(18,'message','pinBlockedMessage','You have reached the maximum number of wrong PIN tries.<br>Now, your PIN is temporarily blocked.'),(19,'message','pinBlockedSubject','Your PIN is temporarily blocked'),(20,'message','pinBlockedSms','You have reached the maximum number of wrong PIN tries. Now, your PIN is temporarily blocked.'),(21,'message','posPinBlockedMessage','You have reached the maximum number of wrong PIN tries.<br>Now, your POS is temporarily blocked.'),(22,'message','posPinBlockedSubject','Your POS pin is temporarily blocked'),(23,'message','posPinBlockedSms','You have reached the maximum number of wrong PIN tries, and your POS is temporarily blocked.'),(24,'message','cardSecurityCodeBlockedMessage','You have reached the maximum number of wrong card security code tries.<br>Now, your card is temporarily blocked.'),(25,'message','cardSecurityCodeBlockedSubject','Your card security code is temporarily blocked'),(26,'message','cardSecurityCodeBlockedSms','You have reached the maximum number of wrong card security code tries,  your card is now temporarily blocked.'),(27,'message','brokeringExpirationMessage','The brokering relation between you and #member# (#login#) has expired'),(28,'message','brokeringExpirationSubject','Brokering relation expired'),(29,'message','brokeringExpirationSms','The brokering relation between you and #login# has expired'),(30,'message','brokeringRemovedMessage','The brokering relation between you and #member# (#login#) has been removed'),(31,'message','brokeringRemovedSubject','Brokering relation removed'),(32,'message','brokeringRemovedSms','The brokering relation between you and #login# has been removed'),(33,'message','removedFromBrokerGroupMessage','The administration removed you from the broker group'),(34,'message','removedFromBrokerGroupSubject','You were removed from the broker group'),(35,'message','removedFromBrokerGroupSms','The administration removed you from the broker group'),(36,'message','newCommissionContractMessage','The broker #broker# registered a new contract that is awaiting your approval:<br>Start date: #start_date#<br>End date: #end_date#<br>Amount: #amount#<br>#link# for more details'),(37,'message','newCommissionContractSubject','Broker commission contract registered'),(38,'message','newCommissionContractSms','The broker #broker_login# registered a new contract that is awaiting your approval. Start date: #start_date#, end date: #end_date#, amount: #amount#'),(39,'message','commissionContractAcceptedMessage','The member #member# accepted the broker commission contract:<br>Start date: #start_date#<br>End date: #end_date#<br>Amount: #amount#<br>#link# for more details'),(40,'message','commissionContractAcceptedSubject','Broker commission contract accepted'),(41,'message','commissionContractAcceptedSms','The member #login# accepted the broker commission contract. Start date: #start_date#, end date: #end_date#, amount: #amount#'),(42,'message','commissionContractCancelledMessage','The broker #broker# cancelled a broker commission contract:<br>Start date: #start_date#<br>End date: #end_date#<br>Amount: #amount#<br>#link# for more details'),(43,'message','commissionContractCancelledSubject','Broker commission contract cancelled'),(44,'message','commissionContractCancelledSms','The broker #broker_login# cancelled a broker commission contract. Start date: #start_date#, end date: #end_date#, amount: #amount#'),(45,'message','commissionContractDeniedMessage','The member #member# denied the broker commission contract:<br>Start date: #start_date#<br>End date: #end_date#<br>Amount: #amount#<br>#link# for more details'),(46,'message','commissionContractDeniedSubject','Broker commission contract denied'),(47,'message','commissionContractDeniedSms','The member #login# denied the broker commission contract. Start date: #start_date#, end date: #end_date#, amount: #amount#'),(48,'message','lowUnitsMessage','You are reaching the credit limit of #credit_limit#'),(49,'message','lowUnitsSubject','Low units notification'),(50,'message','lowUnitsSms','You are reaching the credit limit'),(51,'message','adExpirationMessage','Your ad with title \"#title#\" has expired.<br>#link# for more details'),(52,'message','adExpirationSubject','Your ad has expired'),(53,'message','adExpirationSms','Your ad expired. Title: #title#'),(54,'message','adInterestMessage','New ad published matching your interests, with title \"#title#\".<br>#link# for more details'),(55,'message','adInterestSubject','New ad published matching your interests'),(56,'message','adInterestSms','New ad published matching your interests, with title: #title#'),(57,'message','invoiceReceivedMessage','You have received an invoice from #member# (#login#).<br>#link# for more details'),(58,'message','invoiceReceivedSubject','You have received an invoice'),(59,'message','invoiceReceivedSms','You have received an invoice from #login#'),(60,'message','invoiceAcceptedMessage','#member# (#login#) has accepted your invoice with:<br>Date: #date#<br>Amount: #amount#<br>Description: #description#.<br>#link# for more details'),(61,'message','invoiceAcceptedSubject','Your invoice was accepted'),(62,'message','invoiceAcceptedSms','#login# has accepted your invoice with date: #date#, amount: #amount#'),(63,'message','invoiceCancelledMessage','#member# (#login#) has canceled the invoice with:<br>Date: #date#<br>Amount: #amount#<br>Description: #description#.<br>#link# for more details'),(64,'message','invoiceCancelledSubject','Your invoice was canceled'),(65,'message','invoiceCancelledSms','#login# has canceled the invoice with date: #date#, amount: #amount#'),(66,'message','invoiceDeniedMessage','#member# (#login#) has denied your invoice with:<br>Date: #date#<br>Amount: #amount#<br>Description: #description#.<br>#link# for more details'),(67,'message','invoiceDeniedSubject','Your invoice was denied'),(68,'message','invoiceDeniedSms','#login# has denied your invoice with date: #date#, amount: #amount#'),(69,'message','receivedInvoiceExpiredMessage','An invoice you received from #member# (#login#) of #amount# has expired.<br>#link# for more details'),(70,'message','receivedInvoiceExpiredSubject','An invoice you received has expired'),(71,'message','receivedInvoiceExpiredSms','An invoice you received from #login# of #amount# has expired'),(72,'message','sentInvoiceExpiredMessage','An invoice you sent to #member# (#login#) of #amount# has expired.<br>#link# for more details'),(73,'message','sentInvoiceExpiredSubject','An invoice you sent has expired'),(74,'message','sentInvoiceExpiredSms','An invoice you sent to #login# of #amount# has expired'),(75,'message','loanExpirationMessage','A loan granted at #grant_date# (#amount#) has expired.<br>#link# for more details'),(76,'message','loanExpirationSubject','Loan has expired'),(77,'message','loanExpirationSms','A loan granted at #grant_date# (#amount#) has expired'),(78,'message','loanGrantedMessage','A loan of #amount# has been granted.<br>#link# for more details'),(79,'message','loanGrantedSubject','Loan granted'),(80,'message','loanGrantedSms','A loan of #amount# has been granted'),(81,'message','paymentReceivedMessage','A payment of #amount# was received from #member# (#login#).<br>#link# for more details.'),(82,'message','paymentReceivedSubject','Payment received'),(83,'message','paymentReceivedSms','A payment of #amount# was received from #login#. Your balance is #available_balance#'),(84,'message','pendingPaymentReceivedMessage','A payment awaiting authorization of #amount# was received from #member# (#login#).<br>#link# for more details'),(85,'message','pendingPaymentReceivedSubject','A payment awaiting authorization was received'),(86,'message','pendingPaymentReceivedSms','A payment awaiting authorization of #amount# was received from #login#'),(87,'message','newPendingPaymentByReceiverMessage','A payment of #amount# was received from #member# (#login#), and you should authorize it.<br>#link# for more details'),(88,'message','newPendingPaymentByReceiverSubject','You have received a payment you should authorize'),(89,'message','newPendingPaymentByReceiverSms','A payment of #amount# was received from #login#, and you should authorize it'),(90,'message','newPendingPaymentByPayerMessage','A payment of #amount# that you performed to #member# (#login#) now needs your authorization to be processed.<br>#link# for more details'),(91,'message','newPendingPaymentByPayerSubject','A payment you have performed is now awaiting your authorization'),(92,'message','newPendingPaymentByPayerSms','A payment of #amount# that you performed to #login# now needs your authorization to be processed'),(93,'message','newPendingPaymentByBrokerMessage','A payment of #amount# was made by #member# (#login#), and you should authorize it.<br>#link# for more details'),(94,'message','newPendingPaymentByBrokerSubject','Payment authorization request'),(95,'message','newPendingPaymentByBrokerSms','A payment of #amount# was made by #login#, and you should authorize it'),(96,'message','pendingPaymentAuthorizedMessage','A payment submitted at #date# of #amount# was authorized.<br>#link# for more details'),(97,'message','pendingPaymentAuthorizedSubject','A pending payment has been authorized'),(98,'message','pendingPaymentAuthorizedSms','A payment submitted at #date# of #amount# was authorized'),(99,'message','pendingPaymentDeniedMessage','A payment submitted at #date# of #amount# was denied.<br>#link# for more details'),(100,'message','pendingPaymentDeniedSubject','A pending payment has been denied'),(101,'message','pendingPaymentDeniedSms','A payment submitted at #date# of #amount# was denied'),(102,'message','pendingPaymentCanceledMessage','A payment submitted at #date# of #amount# was canceled.<br>#link# for more details'),(103,'message','pendingPaymentCanceledSubject','A pending payment has been canceled'),(104,'message','pendingPaymentCanceledSms','A payment submitted at #date# of #amount# was canceled'),(105,'message','scheduledPaymentsCancelledToOtherMessage','All scheduled payments related to #member# (#login#) were cancelled because that member can not make/accept those payments.'),(106,'message','scheduledPaymentsCancelledToOtherSubject','Scheduled payments cancelled'),(107,'message','scheduledPaymentsCancelledToOtherSms','All scheduled payments related to #login# were cancelled.'),(108,'message','scheduledPaymentsCancelledMessage','Some of yours scheduled payments were cancelled because you no longer have the following accounts: #accounts#.'),(109,'message','scheduledPaymentsCancelledSubject','Scheduled payments cancelled'),(110,'message','scheduledPaymentsCancelledSms','Some of yours scheduled payments were cancelled.'),(111,'message','scheduledPaymentProcessedMessage','An scheduled payment to #member# (#login#) of #amount# was successfully processed.<br>#link# for more details'),(112,'message','scheduledPaymentProcessedSubject','Scheduled payment successful'),(113,'message','scheduledPaymentProcessedSms','An scheduled payment to #login# of #amount# was successfully processed'),(114,'message','scheduledPaymentFailedToPayerMessage','An scheduled payment to #member# (#login#) of #amount# has failed.<br>#link# for more details'),(115,'message','scheduledPaymentFailedToPayerSubject','Scheduled payment has failed'),(116,'message','scheduledPaymentFailedToPayerSms','An scheduled payment to #login# of #amount# has failed'),(117,'message','scheduledPaymentFailedToPayeeMessage','An scheduled payment from #member# (#login#) of #amount# has failed.<br>#link# for more details'),(118,'message','scheduledPaymentFailedToPayeeSubject','An incoming scheduled payment has failed'),(119,'message','scheduledPaymentFailedToPayeeSms','An scheduled payment from #login# of #amount# has failed'),(120,'message','externalChannelPaymentPerformedMessage','You performed a #channel# payment of #amount# to #member# (#login#).<br>#link# for more details'),(121,'message','externalChannelPaymentPerformedSubject','External channel payment performed'),(122,'message','externalChannelPaymentPerformedSms','You performed a #channel# payment of #amount# to #login#'),(123,'message','externalChannelPaymentRequestExpiredPayerMessage','The #channel# payment of #amount# requested by #toMemberName# (#toMemberUsername#) has expired.<br>#link# for more details'),(124,'message','externalChannelPaymentRequestExpiredPayerSubject','External channel payment request expired'),(125,'message','externalChannelPaymentRequestExpiredPayerSms','The #channel# payment of #amount# requested by #toMemberUsername# has expired'),(126,'message','externalChannelPaymentRequestExpiredReceiverMessage','The #channel# payment of #amount# you requested to #from_member# (#from_login#) has expired.<br>#link# for more details'),(127,'message','externalChannelPaymentRequestExpiredReceiverSubject','External channel payment request expired'),(128,'message','externalChannelPaymentRequestExpiredReceiverSms','The #channel# payment of #amount# you requested to #from_login# has expired'),(129,'message','referenceReceivedMessage','A reference was received from #member# (#login#).<br>#link# for more details'),(130,'message','referenceReceivedSubject','Reference received'),(131,'message','referenceReceivedSms','A reference was received from #login#'),(132,'message','transactionFeedbackReceivedMessage','A transaction feedback was received from #member# (#login#) for a payment of #amount# at #date#.<br>#link# for more details'),(133,'message','transactionFeedbackReceivedSubject','Transaction feedback received'),(134,'message','transactionFeedbackReceivedSms','A transaction feedback was received from #login# for a payment of #amount# at #date#. This feedback may be replied until #limit#'),(135,'message','transactionFeedbackReplyMessage','A transaction feedback from #member# (#login#) for a payment of #amount# at #date# received a reply.<br>#link# for more details'),(136,'message','transactionFeedbackReplySubject','Transaction feedback was replied'),(137,'message','transactionFeedbackReplySms','A transaction feedback from #login# for a payment of #amount# at #date# received a reply'),(138,'message','transactionFeedbackAdminCommentsMessage','A transaction feedback for a transaction with #member# (#login#) of #amount# at #date#.<br>#link# for more details'),(139,'message','transactionFeedbackAdminCommentsSubject','Transaction feedback was commented by the administration'),(140,'message','transactionFeedbackAdminCommentsSms','New transaction feedback for a transaction with #login# of #amount# at #date#'),(141,'message','transactionFeedbackRequestMessage','Please, give a transaction feedback for the payment to #member# (#login#) of #amount# at #date#.<br>You can give your feedback until #limit#.<br>#link# for more details'),(142,'message','transactionFeedbackRequestSubject','Transaction feedback'),(143,'message','transactionFeedbackRequestSms','Please, give a transaction feedback for the payment to #login# of #amount# at #date#. You can give your feedback until #limit#'),(144,'message','accountFeeReceivedMessage','#account_fee# of #amount# was received.<br>#link# for more details'),(145,'message','accountFeeReceivedSubject','#account_fee# received'),(146,'message','accountFeeReceivedSms','#account_fee# of #amount# was received'),(147,'message','maxTransactionPasswordTriesMessage','You have reached the maximum number of wrong transaction password tries.<br>Now, your transaction password is blocked and you must contact the administration.'),(148,'message','maxTransactionPasswordTriesSubject','Maximum number of wrong transaction password tries reached'),(149,'message','maxTransactionPasswordTriesSms','Maximum number of wrong transaction password tries. Your transaction password is blocked. Contact the administration.'),(150,'message','certificationIssuedMessage','A new certification of #amount# was issued by #issuer_member# (#issuer_login#).<br>#link# for more details'),(151,'message','certificationIssuedSubject','A new certification was issued'),(152,'message','certificationIssuedSms','A new certification of #amount# was issued by #issuer_login#'),(153,'message','certificationStatusChangedMessage','The status of certification of #amount# issued by #issuer_member# (#issuer_login#) has changed to \"#status#\".<br>#link# for more details'),(154,'message','certificationStatusChangedSubject','The status of certification has changed'),(155,'message','certificationStatusChangedSms','The status of the certification of #amount# issued by #issuer_login# has changed to \"#status#\"'),(156,'message','expiredCertificationMessage','The certification of #amount# issued to #buyer_member# (#buyerUserName#) has expired.<br>#link# for more details'),(157,'message','expiredCertificationSubject','A certification has expired'),(158,'message','expiredCertificationSms','The certification of #amount# issued to #buyer_login# has expired'),(159,'message','expiredGuaranteeMessage','The guarantee of #amount# issued to #buyer_member# (#buyer_login#) has expired.<br>#link# for more details'),(160,'message','expiredGuaranteeSubject','A guarantee has expired'),(161,'message','expiredGuaranteeSms','The guarantee of #amount# issued to #buyer_login# has expired'),(162,'message','buyerOnlyGuaranteeStatusChangedMessage','The status of the guarantee of #amount# issued by #issuer_member# (#issuer_login#) has changed to \"#status#\".<br>#link# for more details'),(163,'message','buyerOnlyGuaranteeStatusChangedSubject','The status of a guarantee has changed'),(164,'message','buyerOnlyGuaranteeStatusChangedSms','The status of the guarantee of #amount# issued by #issuer_login# has changed to \"#status#\"'),(165,'message','guaranteeStatusChangedMessage','The status of the guarantee of #amount# has changed to \"#status#\".<br>Issuer: #issuer_member# (#issuer_login#)<br>Buyer: #buyer_member# (#buyer_login#)<br>Seller: #seller_member# (#seller_login#)<br>#link# for more details'),(166,'message','guaranteeStatusChangedSubject','The status of a guarantee has changed'),(167,'message','guaranteeStatusChangedSms','The status of the guarantee of #amount# has changed to \"#status#\". issuer: #issuer_login#, buyer: #buyer_login#, seller: #seller_login#'),(168,'message','pendingBuyerOnlyGuaranteeIssuerMessage','A new guarantee was requested and is awaiting your authorization.<br>Buyer: #buyer_member# (#buyer_login#)<br>Amount: #amount#<br>#link# for more details'),(169,'message','pendingBuyerOnlyGuaranteeIssuerSubject','New pending guarantee awaiting authorization'),(170,'message','pendingBuyerOnlyGuaranteeIssuerSms','A new guarantee was requested and is awaiting your authorization. Buyer: #buyer_login#, amount: #amount#'),(171,'message','pendingGuaranteeIssuerMessage','A new guarantee was requested and is awaiting your authorization.<br>Buyer: #buyer_member# (#buyer_login#)<br>Seller: #seller_member# (#seller_login#)<br>Amount: #amount#<br>#link# for more details'),(172,'message','pendingGuaranteeIssuerSubject','New pending guarantee awaiting authorization'),(173,'message','pendingGuaranteeIssuerSms','A new guarantee was requested and is awaiting your authorization. Buyer: #buyer_login#, seller: #seller_login#, amount: #amount#'),(174,'message','paymentObligationRegisteredMessage','A new payment obligation of #amount# was issued by #buyer_member# (#buyer_login#).<br>#link# for more details'),(175,'message','paymentObligationRegisteredSubject','A new payment obligation was issued'),(176,'message','paymentObligationRegisteredSms','A new payment obligation of #amount# was issued by #buyer_login#.'),(177,'message','paymentObligationRejectedMessage','The payment obligation of #amount# was rejected by #seller_member# (#seller_login#). <br>#link# for more details'),(178,'message','paymentObligationRejectedSubject','A payment obligation was rejected'),(179,'message','paymentObligationRejectedSms','The payment obligation of #amount# was rejected by #seller_login#'),(180,'message','adminPendingBuyerOnlyGuaranteeMessage','A new guarantee was requested and is awaiting authorization.<br>Issuer: #issuer_member# (#issuer_login#)<br>Buyer: #buyer_member# (#buyer_login#)<br>Amount: #amount#<br>#link# for more details'),(181,'message','adminPendingBuyerOnlyGuaranteeSubject','New pending guarantee awaiting authorization'),(182,'message','adminPendingGuaranteeMessage','A new guarantee was requested and is awaiting authorization.<br>Issuer: #issuer_member# (#issuer_login#)<br>Buyer: #buyer_member# (#buyer_login#)<br>Seller: #seller_member# (#seller_login#)<br>Amount: #amount#<br>#link# for more details'),(183,'message','adminPendingGuaranteeSubject','New pending guarantee awaiting authorization'),(184,'message','adminApplicationErrorMessage','There was an application error on \'#path#\'.<br>#link# for more details'),(185,'message','adminApplicationErrorSubject','Application error'),(186,'message','adminPaymentFromSystemToMemberMessage','#payment_type# of #amount# to #member# (#login#).<br>#link# for more details'),(187,'message','adminPaymentFromSystemToMemberSubject','New payment from #from_account#'),(188,'message','adminPaymentFromMemberToSystemMessage','#payment_type# of #amount# from #member# (#login#).<br>#link# for more details'),(189,'message','adminPaymentFromMemberToSystemSubject','New payment to #to_account#'),(190,'message','adminPaymentFromSystemToSystemMessage','#payment_type# of #amount#.<br>#link# for more details'),(191,'message','adminPaymentFromSystemToSystemSubject','New payment between #from_account# and #to_account#'),(192,'message','adminNewPendingPaymentMessage','A payment of #amount# was made by #member# (#login#), and you should authorize it.<br>#link# for more details'),(193,'message','adminNewPendingPaymentSubject','Payment authorization request'),(194,'message','adminNewMemberMessage','#member# has registered in #group#.<br>#link# for more details'),(195,'message','adminNewMemberSubject','New member in #group#'),(196,'message','adminSystemAlertSubject','New system alert'),(197,'message','adminMemberAlertSubject','New member alert for #member# (#login#)'),(198,'message','adminSystemInvoiceMessage','New system invoice of #amount# from #member# (#login#).<br>#link# for more details'),(199,'message','adminSystemInvoiceSubject','New system invoice'),(200,'message','brokerRemovedRemarkComments','The broker #member# (#login#) has been removed'),(201,'message','messageMailSubjectPrefix','#system_name#:'),(202,'message','messageMailSuffixPlain','Please, do not reply this mail directly. Login to your #system_name# account to reply your messages'),(203,'message','messageMailSuffixHtml','<span style=\'font-size:smaller;color:SlateGray;\'>Please, do not reply to this mail directly. Login to your #system_name# account to reply your messages</span>'),(204,'message','smsMessagePrefix','#system_name#:'),(205,'log','traceFile','logs/cyclos_trace%g.log'),(206,'log','transactionFile','logs/cyclos_transactions%g.log'),(207,'log','accountFeeFile','logs/cyclos_account_fees%g.log'),(208,'log','scheduledTaskFile','logs/cyclos_scheduled_task%g.log'),(209,'log','webServiceFile','logs/cyclos_webservices%g.log'),(210,'log','restFile','logs/cyclos_rest%g.log'),(211,'local','applicationName','Acacia Bank Internet Banking'),(212,'local','rootUrl','http://localhost:8080/cyclos'),(213,'local','numberLocale','PERIOD_AS_DECIMAL'),(214,'local','precision','TWO'),(215,'local','highPrecision','FOUR'),(216,'local','decimalInputMethod','RTL'),(217,'local','datePattern','DD_MM_YYYY_SLASH'),(218,'local','timePattern','HH24_MM_SS'),(219,'local','timeZone',NULL),(220,'local','containerUrl',NULL),(221,'local','maxIteratorResults','1000'),(222,'local','maxPageResults','15'),(223,'local','maxAjaxResults','8'),(224,'local','maxUploadSize','5'),(225,'local','maxUploadUnits','MEGA_BYTES'),(226,'local','maxImageWidth','800'),(227,'local','maxImageHeight','600'),(228,'local','maxThumbnailWidth','100'),(229,'local','maxThumbnailHeight','100'),(230,'local','referenceLevels','5'),(231,'local','smsEnabled','false'),(232,'local','csvUseHeader','true'),(233,'local','csvRecordSeparator','LF'),(234,'local','csvValueSeparator','COMMA'),(235,'local','csvStringQuote','DOUBLE_QUOTE'),(236,'local','cyclosId',NULL),(237,'local','sendSmsWebServiceUrl',NULL),(238,'local','smsChannelName',NULL),(239,'local','smsCustomFieldId','0'),(240,'local','transactionNumber.prefix',NULL),(241,'local','transactionNumber.padLength','10'),(242,'local','transactionNumber.suffix',NULL),(243,'local','emailRequired','false'),(244,'local','emailUnique','false'),(245,'local','brokeringExpirationPeriod.number','0'),(246,'local','brokeringExpirationPeriod.field','YEARS'),(247,'local','deleteMessagesOnTrashAfter.number','30'),(248,'local','deleteMessagesOnTrashAfter.field','DAYS'),(249,'local','deletePendingRegistrationsAfter.number','7'),(250,'local','deletePendingRegistrationsAfter.field','DAYS'),(251,'local','memberSortOrder','CHRONOLOGICAL'),(252,'local','memberResultDisplay','NAME'),(253,'local','adDescriptionFormat','RICH'),(254,'local','messageFormat','RICH'),(255,'local','schedulingHour','0'),(256,'local','schedulingMinute','0'),(257,'local','transferListenerClass',NULL),(258,'local','maxChargebackTime.number','1'),(259,'local','maxChargebackTime.field','MONTHS'),(260,'local','showCountersInAdCategories','true'),(261,'access','virtualKeyboard','true'),(262,'access','virtualKeyboardTransactionPassword','false'),(263,'access','numericPassword','false'),(264,'access','allowOperatorLogin','true'),(265,'access','allowMultipleLogins','true'),(266,'access','usernameLength.min','4'),(267,'access','usernameLength.max','8'),(268,'access','adminTimeout.number','15'),(269,'access','adminTimeout.field','MINUTES'),(270,'access','administrationWhitelist','#Any host'),(271,'access','usernameGeneration','RANDOM'),(272,'access','generatedUsernameLength','8'),(273,'access','memberTimeout.number','10'),(274,'access','memberTimeout.field','MINUTES'),(275,'access','poswebTimeout.number','1'),(276,'access','poswebTimeout.field','DAYS'),(277,'access','transactionPasswordChars','ABCDEFGHIJ'),(278,'access','usernameRegex','^[\\w\\.]*$');
/*!40000 ALTER TABLE `settings` ENABLE KEYS */;
UNLOCK TABLES;

--
-- Table structure for table `sms_logs`
--

DROP TABLE IF EXISTS `sms_logs`;
/*!40101 SET @saved_cs_client     = @@character_set_client */;
/*!40101 SET character_set_client = utf8 */;
CREATE TABLE `sms_logs` (
  `id` int(11) NOT NULL AUTO_INCREMENT,
  `target_member_id` int(11) NOT NULL,
  `charged_member_id` int(11) DEFAULT NULL,
  `sms_type_id` int(11) DEFAULT NULL,
  `date` datetime NOT NULL,
  `sms_mailing_id` int(11) DEFAULT NULL,
  `free_base_used` bit(1) NOT NULL,
  `message_type` varchar(3) DEFAULT NULL,
  `error_type` varchar(3) DEFAULT NULL,
  `arg0` varchar(150) DEFAULT NULL,
  `arg1` varchar(150) DEFAULT NULL,
  `arg2` varchar(150) DEFAULT NULL,
  `arg3` varchar(150) DEFAULT NULL,
  `arg4` varchar(150) DEFAULT NULL,
  PRIMARY KEY (`id`),
  KEY `FKF9D930D5311F5E08` (`charged_member_id`),
  KEY `FKF9D930D552CC4E04` (`sms_mailing_id`),
  KEY `FKF9D930D5E0901629` (`target_member_id`),
  KEY `FKF9D930D5D76E1B90` (`sms_type_id`),
  CONSTRAINT `FKF9D930D5D76E1B90` FOREIGN KEY (`sms_type_id`) REFERENCES `sms_types` (`id`),
  CONSTRAINT `FKF9D930D5311F5E08` FOREIGN KEY (`charged_member_id`) REFERENCES `members` (`id`),
  CONSTRAINT `FKF9D930D552CC4E04` FOREIGN KEY (`sms_mailing_id`) REFERENCES `sms_mailings` (`id`),
  CONSTRAINT `FKF9D930D5E0901629` FOREIGN KEY (`target_member_id`) REFERENCES `members` (`id`)
) ENGINE=InnoDB DEFAULT CHARSET=utf8;
/*!40101 SET character_set_client = @saved_cs_client */;

--
-- Dumping data for table `sms_logs`
--

LOCK TABLES `sms_logs` WRITE;
/*!40000 ALTER TABLE `sms_logs` DISABLE KEYS */;
/*!40000 ALTER TABLE `sms_logs` ENABLE KEYS */;
UNLOCK TABLES;

--
-- Table structure for table `sms_mailings`
--

DROP TABLE IF EXISTS `sms_mailings`;
/*!40101 SET @saved_cs_client     = @@character_set_client */;
/*!40101 SET character_set_client = utf8 */;
CREATE TABLE `sms_mailings` (
  `id` int(11) NOT NULL AUTO_INCREMENT,
  `by_id` int(11) NOT NULL,
  `member_id` int(11) DEFAULT NULL,
  `date` datetime NOT NULL,
  `text` varchar(255) NOT NULL,
  `free` bit(1) NOT NULL,
  `sent_sms` int(11) NOT NULL,
  `finished` bit(1) NOT NULL,
  PRIMARY KEY (`id`),
  KEY `FK9BFD1F2E2B1214C2` (`by_id`),
  KEY `FK9BFD1F2EEAE0AB57` (`member_id`),
  CONSTRAINT `FK9BFD1F2EEAE0AB57` FOREIGN KEY (`member_id`) REFERENCES `members` (`id`),
  CONSTRAINT `FK9BFD1F2E2B1214C2` FOREIGN KEY (`by_id`) REFERENCES `members` (`id`)
) ENGINE=InnoDB DEFAULT CHARSET=utf8;
/*!40101 SET character_set_client = @saved_cs_client */;

--
-- Dumping data for table `sms_mailings`
--

LOCK TABLES `sms_mailings` WRITE;
/*!40000 ALTER TABLE `sms_mailings` DISABLE KEYS */;
/*!40000 ALTER TABLE `sms_mailings` ENABLE KEYS */;
UNLOCK TABLES;

--
-- Table structure for table `sms_mailings_groups`
--

DROP TABLE IF EXISTS `sms_mailings_groups`;
/*!40101 SET @saved_cs_client     = @@character_set_client */;
/*!40101 SET character_set_client = utf8 */;
CREATE TABLE `sms_mailings_groups` (
  `sms_mailing_id` int(11) NOT NULL,
  `group_id` int(11) NOT NULL,
  KEY `FKA3F5E80552CC4E04` (`sms_mailing_id`),
  KEY `FKA3F5E805B45926EE` (`group_id`),
  CONSTRAINT `FKA3F5E805B45926EE` FOREIGN KEY (`group_id`) REFERENCES `groups` (`id`),
  CONSTRAINT `FKA3F5E80552CC4E04` FOREIGN KEY (`sms_mailing_id`) REFERENCES `sms_mailings` (`id`)
) ENGINE=InnoDB DEFAULT CHARSET=utf8;
/*!40101 SET character_set_client = @saved_cs_client */;

--
-- Dumping data for table `sms_mailings_groups`
--

LOCK TABLES `sms_mailings_groups` WRITE;
/*!40000 ALTER TABLE `sms_mailings_groups` DISABLE KEYS */;
/*!40000 ALTER TABLE `sms_mailings_groups` ENABLE KEYS */;
UNLOCK TABLES;

--
-- Table structure for table `sms_mailings_pending_to_send`
--

DROP TABLE IF EXISTS `sms_mailings_pending_to_send`;
/*!40101 SET @saved_cs_client     = @@character_set_client */;
/*!40101 SET character_set_client = utf8 */;
CREATE TABLE `sms_mailings_pending_to_send` (
  `sms_mailing_id` int(11) NOT NULL,
  `member_id` int(11) NOT NULL,
  KEY `FKAA585113EAE0AB57` (`member_id`),
  KEY `FKAA58511352CC4E04` (`sms_mailing_id`),
  CONSTRAINT `FKAA58511352CC4E04` FOREIGN KEY (`sms_mailing_id`) REFERENCES `sms_mailings` (`id`),
  CONSTRAINT `FKAA585113EAE0AB57` FOREIGN KEY (`member_id`) REFERENCES `members` (`id`)
) ENGINE=InnoDB DEFAULT CHARSET=utf8;
/*!40101 SET character_set_client = @saved_cs_client */;

--
-- Dumping data for table `sms_mailings_pending_to_send`
--

LOCK TABLES `sms_mailings_pending_to_send` WRITE;
/*!40000 ALTER TABLE `sms_mailings_pending_to_send` DISABLE KEYS */;
/*!40000 ALTER TABLE `sms_mailings_pending_to_send` ENABLE KEYS */;
UNLOCK TABLES;

--
-- Table structure for table `sms_types`
--

DROP TABLE IF EXISTS `sms_types`;
/*!40101 SET @saved_cs_client     = @@character_set_client */;
/*!40101 SET character_set_client = utf8 */;
CREATE TABLE `sms_types` (
  `id` int(11) NOT NULL AUTO_INCREMENT,
  `code` varchar(100) NOT NULL,
  `order_index` int(11) DEFAULT NULL,
  PRIMARY KEY (`id`),
  UNIQUE KEY `code` (`code`)
) ENGINE=InnoDB AUTO_INCREMENT=13 DEFAULT CHARSET=utf8;
/*!40101 SET character_set_client = @saved_cs_client */;

--
-- Dumping data for table `sms_types`
--

LOCK TABLES `sms_types` WRITE;
/*!40000 ALTER TABLE `sms_types` DISABLE KEYS */;
INSERT INTO `sms_types` VALUES (1,'REQUEST_PAYMENT',0),(2,'REQUEST_PAYMENT_ERROR',1),(3,'PAYMENT',2),(4,'PAYMENT_ERROR',3),(5,'ACCOUNT_DETAILS',4),(6,'ACCOUNT_DETAILS_ERROR',5),(7,'HELP',6),(8,'HELP_ERROR',7),(9,'INFO_TEXT',8),(10,'INFO_TEXT_ERROR',9),(11,'OPERATION_CONFIRMATION',10),(12,'GENERAL',11);
/*!40000 ALTER TABLE `sms_types` ENABLE KEYS */;
UNLOCK TABLES;

--
-- Table structure for table `tickets`
--

DROP TABLE IF EXISTS `tickets`;
/*!40101 SET @saved_cs_client     = @@character_set_client */;
/*!40101 SET character_set_client = utf8 */;
CREATE TABLE `tickets` (
  `id` int(11) NOT NULL AUTO_INCREMENT,
  `subclass` varchar(1) NOT NULL,
  `status` varchar(1) NOT NULL,
  `ticket` varchar(32) NOT NULL,
  `creation_date` datetime DEFAULT NULL,
  `amount` decimal(15,6) DEFAULT NULL,
  `transfer_type_id` int(11) DEFAULT NULL,
  `currency_id` int(11) DEFAULT NULL,
  `description` longtext,
  `from_member_id` int(11) DEFAULT NULL,
  `to_member_id` int(11) DEFAULT NULL,
  `transfer_id` bigint(20) DEFAULT NULL,
  `return_url` varchar(150) DEFAULT NULL,
  `client_address` varchar(40) DEFAULT NULL,
  `member_address` varchar(40) DEFAULT NULL,
  `trace_data` varchar(50) DEFAULT NULL,
  `from_channel_id` int(11) DEFAULT NULL,
  `to_channel_id` int(11) DEFAULT NULL,
  PRIMARY KEY (`id`),
  KEY `ix_ticket` (`ticket`),
  KEY `FKB124F6E72F78F3B3` (`transfer_id`),
  KEY `FKB124F6E7C0E7F6FA` (`currency_id`),
  KEY `FKB124F6E7EFF3852D` (`from_channel_id`),
  KEY `FKB124F6E7A4766B0A` (`transfer_type_id`),
  KEY `FKB124F6E7823FB102` (`from_member_id`),
  KEY `FKB124F6E79DCA1693` (`to_member_id`),
  KEY `FKB124F6E745B5D1BC` (`to_channel_id`),
  CONSTRAINT `FKB124F6E745B5D1BC` FOREIGN KEY (`to_channel_id`) REFERENCES `channels` (`id`),
  CONSTRAINT `FKB124F6E72F78F3B3` FOREIGN KEY (`transfer_id`) REFERENCES `transfers` (`id`),
  CONSTRAINT `FKB124F6E7823FB102` FOREIGN KEY (`from_member_id`) REFERENCES `members` (`id`),
  CONSTRAINT `FKB124F6E79DCA1693` FOREIGN KEY (`to_member_id`) REFERENCES `members` (`id`),
  CONSTRAINT `FKB124F6E7A4766B0A` FOREIGN KEY (`transfer_type_id`) REFERENCES `transfer_types` (`id`),
  CONSTRAINT `FKB124F6E7C0E7F6FA` FOREIGN KEY (`currency_id`) REFERENCES `currencies` (`id`),
  CONSTRAINT `FKB124F6E7EFF3852D` FOREIGN KEY (`from_channel_id`) REFERENCES `channels` (`id`)
) ENGINE=InnoDB DEFAULT CHARSET=utf8;
/*!40101 SET character_set_client = @saved_cs_client */;

--
-- Dumping data for table `tickets`
--

LOCK TABLES `tickets` WRITE;
/*!40000 ALTER TABLE `tickets` DISABLE KEYS */;
/*!40000 ALTER TABLE `tickets` ENABLE KEYS */;
UNLOCK TABLES;

--
-- Table structure for table `trace_numbers`
--

DROP TABLE IF EXISTS `trace_numbers`;
/*!40101 SET @saved_cs_client     = @@character_set_client */;
/*!40101 SET character_set_client = utf8 */;
CREATE TABLE `trace_numbers` (
  `id` bigint(20) NOT NULL AUTO_INCREMENT,
  `date` datetime NOT NULL,
  `trace_number` varchar(100) DEFAULT NULL,
  `client_id` bigint(20) DEFAULT NULL,
  PRIMARY KEY (`id`),
  UNIQUE KEY `trace_number` (`trace_number`,`client_id`)
) ENGINE=InnoDB DEFAULT CHARSET=utf8;
/*!40101 SET character_set_client = @saved_cs_client */;

--
-- Dumping data for table `trace_numbers`
--

LOCK TABLES `trace_numbers` WRITE;
/*!40000 ALTER TABLE `trace_numbers` DISABLE KEYS */;
/*!40000 ALTER TABLE `trace_numbers` ENABLE KEYS */;
UNLOCK TABLES;

--
-- Table structure for table `transaction_fees`
--

DROP TABLE IF EXISTS `transaction_fees`;
/*!40101 SET @saved_cs_client     = @@character_set_client */;
/*!40101 SET character_set_client = utf8 */;
CREATE TABLE `transaction_fees` (
  `id` int(11) NOT NULL AUTO_INCREMENT,
  `subclass` varchar(1) NOT NULL,
  `payer` varchar(3) NOT NULL,
  `enabled` bit(1) NOT NULL,
  `original_type_id` int(11) NOT NULL,
  `generated_type_id` int(11) NOT NULL,
  `name` varchar(100) NOT NULL,
  `from_all_groups` bit(1) NOT NULL,
  `to_all_groups` bit(1) NOT NULL,
  `description` longtext,
  `deduct_amount` bit(1) NOT NULL,
  `amount` decimal(15,6) DEFAULT NULL,
  `amount_type` varchar(1) NOT NULL,
  `max_fixed_value` decimal(15,6) DEFAULT NULL,
  `max_percentage_value` decimal(15,6) DEFAULT NULL,
  `initial_amount` decimal(15,6) DEFAULT NULL,
  `final_amount` decimal(15,6) DEFAULT NULL,
  `from_member_id` int(11) DEFAULT NULL,
  `receiver` varchar(3) DEFAULT NULL,
  `to_member_id` int(11) DEFAULT NULL,
  `h` decimal(15,6) DEFAULT NULL,
  `a_f_is_zero` decimal(15,6) DEFAULT NULL,
  `f1` decimal(15,6) DEFAULT NULL,
  `f_infinite` decimal(15,6) DEFAULT NULL,
  `f_minimal` decimal(15,6) DEFAULT NULL,
  `g_f_is_zero` decimal(15,6) DEFAULT NULL,
  `which_broker` varchar(1) DEFAULT NULL,
  `when_apply` varchar(1) DEFAULT NULL,
  `when_count` int(11) DEFAULT NULL,
  `all_broker_groups` bit(1) NOT NULL DEFAULT b'0',
  PRIMARY KEY (`id`),
  KEY `FK1E50E66ED56AF6F0` (`original_type_id`),
  KEY `FK1E50E66E399E68AE` (`generated_type_id`),
  KEY `FK1E50E66E823FB102` (`from_member_id`),
  KEY `FK1E50E66E9DCA1693` (`to_member_id`),
  CONSTRAINT `FK1E50E66E9DCA1693` FOREIGN KEY (`to_member_id`) REFERENCES `members` (`id`),
  CONSTRAINT `FK1E50E66E399E68AE` FOREIGN KEY (`generated_type_id`) REFERENCES `transfer_types` (`id`),
  CONSTRAINT `FK1E50E66E823FB102` FOREIGN KEY (`from_member_id`) REFERENCES `members` (`id`),
  CONSTRAINT `FK1E50E66ED56AF6F0` FOREIGN KEY (`original_type_id`) REFERENCES `transfer_types` (`id`)
) ENGINE=InnoDB AUTO_INCREMENT=3 DEFAULT CHARSET=utf8;
/*!40101 SET character_set_client = @saved_cs_client */;

--
-- Dumping data for table `transaction_fees`
--

LOCK TABLES `transaction_fees` WRITE;
/*!40000 ALTER TABLE `transaction_fees` DISABLE KEYS */;
INSERT INTO `transaction_fees` VALUES (1,'S','src','\0',13,25,'Transaction tax','','','Tax over all member to member trades','\0','5.000000','F',NULL,NULL,NULL,NULL,NULL,'sys',NULL,NULL,NULL,NULL,NULL,NULL,NULL,NULL,NULL,NULL,'\0'),(2,'B','sys','\0',13,26,'Broker commission','','','Broker commission','\0','2.500000','P',NULL,NULL,NULL,NULL,NULL,NULL,NULL,NULL,NULL,NULL,NULL,NULL,NULL,'S','C',20,'');
/*!40000 ALTER TABLE `transaction_fees` ENABLE KEYS */;
UNLOCK TABLES;

--
-- Table structure for table `transfer_authorizations`
--

DROP TABLE IF EXISTS `transfer_authorizations`;
/*!40101 SET @saved_cs_client     = @@character_set_client */;
/*!40101 SET character_set_client = utf8 */;
CREATE TABLE `transfer_authorizations` (
  `id` bigint(20) NOT NULL AUTO_INCREMENT,
  `by_id` int(11) DEFAULT NULL,
  `date` datetime NOT NULL,
  `action` varchar(1) NOT NULL,
  `comments` longtext,
  `show_to_member` bit(1) NOT NULL,
  `transfer_id` bigint(20) NOT NULL,
  `level_id` int(11) NOT NULL,
  PRIMARY KEY (`id`),
  KEY `FK2767B1EE2F78F3B3` (`transfer_id`),
  KEY `FK2767B1EE2B1214C2` (`by_id`),
  KEY `FK2767B1EE285878DA` (`level_id`),
  CONSTRAINT `FK2767B1EE285878DA` FOREIGN KEY (`level_id`) REFERENCES `authorization_levels` (`id`),
  CONSTRAINT `FK2767B1EE2B1214C2` FOREIGN KEY (`by_id`) REFERENCES `members` (`id`),
  CONSTRAINT `FK2767B1EE2F78F3B3` FOREIGN KEY (`transfer_id`) REFERENCES `transfers` (`id`)
) ENGINE=InnoDB DEFAULT CHARSET=utf8;
/*!40101 SET character_set_client = @saved_cs_client */;

--
-- Dumping data for table `transfer_authorizations`
--

LOCK TABLES `transfer_authorizations` WRITE;
/*!40000 ALTER TABLE `transfer_authorizations` DISABLE KEYS */;
/*!40000 ALTER TABLE `transfer_authorizations` ENABLE KEYS */;
UNLOCK TABLES;

--
-- Table structure for table `transfer_types`
--

DROP TABLE IF EXISTS `transfer_types`;
/*!40101 SET @saved_cs_client     = @@character_set_client */;
/*!40101 SET character_set_client = utf8 */;
CREATE TABLE `transfer_types` (
  `id` int(11) NOT NULL AUTO_INCREMENT,
  `from_account_type_id` int(11) NOT NULL,
  `to_account_type_id` int(11) NOT NULL,
  `allowed_payment` bit(1) NOT NULL,
  `allowed_self_payment` bit(1) NOT NULL,
  `priority` bit(1) NOT NULL,
  `conciliable` bit(1) NOT NULL,
  `requires_authorization` bit(1) NOT NULL,
  `allows_scheduled_payments` bit(1) NOT NULL,
  `name` varchar(100) NOT NULL,
  `description` longtext NOT NULL,
  `confirmation_message` longtext,
  `max_amount_per_day` decimal(15,6) DEFAULT NULL,
  `min_amount` decimal(15,6) DEFAULT NULL,
  `reserve_total_on_sched` bit(1) NOT NULL,
  `allow_cancel_sched` bit(1) NOT NULL,
  `allow_block_sched` bit(1) NOT NULL,
  `show_sched_to_dest` bit(1) NOT NULL,
  `allow_sms_notification` bit(1) NOT NULL,
  `requires_feedback` bit(1) NOT NULL,
  `transfer_listener_class` varchar(200) DEFAULT NULL,
  `feedback_enabled_since` date DEFAULT NULL,
  `feedback_expiration_time_number` int(11) DEFAULT NULL,
  `feedback_expiration_time_field` int(11) DEFAULT NULL,
  `feedback_reply_expiration_time_number` int(11) DEFAULT NULL,
  `feedback_reply_expiration_time_field` int(11) DEFAULT NULL,
  `default_feedback_comments` longtext,
  `default_feedback_level` tinyint(4) DEFAULT NULL,
  `fixed_destination_member_id` int(11) DEFAULT NULL,
  `tx_hierarchy_visibility` varchar(1) DEFAULT NULL,
  `loan_type` varchar(1) DEFAULT NULL,
  `loan_repayment_type_id` int(11) DEFAULT NULL,
  `loan_grant_fee_value` decimal(15,6) DEFAULT NULL,
  `loan_grant_fee_type` char(1) DEFAULT NULL,
  `loan_grant_fee_type_id` int(11) DEFAULT NULL,
  `loan_monthly_interest` decimal(15,6) DEFAULT NULL,
  `loan_monthly_interest_type_id` int(11) DEFAULT NULL,
  `loan_expiration_fee_value` decimal(15,6) DEFAULT NULL,
  `loan_expiration_fee_type` char(1) DEFAULT NULL,
  `loan_expiration_fee_type_id` int(11) DEFAULT NULL,
  `loan_expiration_daily_interest` decimal(15,6) DEFAULT NULL,
  `loan_exp_daily_interest_type_id` int(11) DEFAULT NULL,
  `loan_repayment_days` int(11) DEFAULT NULL,
  PRIMARY KEY (`id`),
  KEY `FK76C39725EE8035AA` (`loan_monthly_interest_type_id`),
  KEY `FK76C397257001A91` (`to_account_type_id`),
  KEY `FK76C397256F2DE5C0` (`from_account_type_id`),
  KEY `FK76C39725C1BE25C0` (`loan_exp_daily_interest_type_id`),
  KEY `FK76C397252CF15203` (`loan_repayment_type_id`),
  KEY `FK76C39725C41609DB` (`fixed_destination_member_id`),
  KEY `FK76C39725987C1B73` (`loan_grant_fee_type_id`),
  KEY `FK76C397255CCE1A44` (`loan_expiration_fee_type_id`),
  CONSTRAINT `FK76C397255CCE1A44` FOREIGN KEY (`loan_expiration_fee_type_id`) REFERENCES `transfer_types` (`id`),
  CONSTRAINT `FK76C397252CF15203` FOREIGN KEY (`loan_repayment_type_id`) REFERENCES `transfer_types` (`id`),
  CONSTRAINT `FK76C397256F2DE5C0` FOREIGN KEY (`from_account_type_id`) REFERENCES `account_types` (`id`),
  CONSTRAINT `FK76C397257001A91` FOREIGN KEY (`to_account_type_id`) REFERENCES `account_types` (`id`),
  CONSTRAINT `FK76C39725987C1B73` FOREIGN KEY (`loan_grant_fee_type_id`) REFERENCES `transfer_types` (`id`),
  CONSTRAINT `FK76C39725C1BE25C0` FOREIGN KEY (`loan_exp_daily_interest_type_id`) REFERENCES `transfer_types` (`id`),
  CONSTRAINT `FK76C39725C41609DB` FOREIGN KEY (`fixed_destination_member_id`) REFERENCES `members` (`id`),
  CONSTRAINT `FK76C39725EE8035AA` FOREIGN KEY (`loan_monthly_interest_type_id`) REFERENCES `transfer_types` (`id`)
) ENGINE=InnoDB AUTO_INCREMENT=31 DEFAULT CHARSET=utf8;
/*!40101 SET character_set_client = @saved_cs_client */;

--
-- Dumping data for table `transfer_types`
--

LOCK TABLES `transfer_types` WRITE;
/*!40000 ALTER TABLE `transfer_types` DISABLE KEYS */;
INSERT INTO `transfer_types` VALUES (1,1,2,'\0','','\0','\0','\0','\0','Debit to community','From debit to community account',NULL,NULL,NULL,'\0','\0','\0','\0','\0','\0',NULL,NULL,NULL,NULL,NULL,NULL,NULL,NULL,NULL,'M',NULL,NULL,NULL,NULL,NULL,NULL,NULL,NULL,NULL,NULL,NULL,NULL,NULL),(2,1,3,'\0','','\0','\0','\0','\0','Voucher creation','Used to create vouchers',NULL,NULL,NULL,'\0','\0','\0','\0','\0','\0',NULL,NULL,NULL,NULL,NULL,NULL,NULL,NULL,NULL,'M',NULL,NULL,NULL,NULL,NULL,NULL,NULL,NULL,NULL,NULL,NULL,NULL,NULL),(3,1,4,'\0','','\0','\0','\0','\0','Debit to organization','From debit to organization account',NULL,NULL,NULL,'\0','\0','\0','\0','\0','\0',NULL,NULL,NULL,NULL,NULL,NULL,NULL,NULL,NULL,'M',NULL,NULL,NULL,NULL,NULL,NULL,NULL,NULL,NULL,NULL,NULL,NULL,NULL),(4,2,1,'\0','','\0','\0','\0','\0','Community to debit','From community to debit account',NULL,NULL,NULL,'\0','\0','\0','\0','\0','\0',NULL,NULL,NULL,NULL,NULL,NULL,NULL,NULL,NULL,'M',NULL,NULL,NULL,NULL,NULL,NULL,NULL,NULL,NULL,NULL,NULL,NULL,NULL),(5,2,3,'\0','','\0','\0','\0','\0','Community to voucher','From community to voucher account',NULL,NULL,NULL,'\0','\0','\0','\0','\0','\0',NULL,NULL,NULL,NULL,NULL,NULL,NULL,NULL,NULL,'M',NULL,NULL,NULL,NULL,NULL,NULL,NULL,NULL,NULL,NULL,NULL,NULL,NULL),(6,2,4,'\0','','\0','\0','\0','\0','Community to organization','From community to organization account',NULL,NULL,NULL,'\0','\0','\0','\0','\0','\0',NULL,NULL,NULL,NULL,NULL,NULL,NULL,NULL,NULL,'M',NULL,NULL,NULL,NULL,NULL,NULL,NULL,NULL,NULL,NULL,NULL,NULL,NULL),(7,3,1,'\0','','\0','\0','\0','\0','Voucher destruction','Destroy vouchers',NULL,NULL,NULL,'\0','\0','\0','\0','\0','\0',NULL,NULL,NULL,NULL,NULL,NULL,NULL,NULL,NULL,'M',NULL,NULL,NULL,NULL,NULL,NULL,NULL,NULL,NULL,NULL,NULL,NULL,NULL),(8,3,2,'\0','','\0','\0','\0','\0','Voucher to community','From voucher to community account',NULL,NULL,NULL,'\0','\0','\0','\0','\0','\0',NULL,NULL,NULL,NULL,NULL,NULL,NULL,NULL,NULL,'M',NULL,NULL,NULL,NULL,NULL,NULL,NULL,NULL,NULL,NULL,NULL,NULL,NULL),(9,3,4,'\0','','\0','\0','\0','\0','Voucher to organization','From voucher to organization account',NULL,NULL,NULL,'\0','\0','\0','\0','\0','\0',NULL,NULL,NULL,NULL,NULL,NULL,NULL,NULL,NULL,'M',NULL,NULL,NULL,NULL,NULL,NULL,NULL,NULL,NULL,NULL,NULL,NULL,NULL),(10,4,1,'\0','','\0','\0','\0','\0','Organization to debit','From organization to debit account',NULL,NULL,NULL,'\0','\0','\0','\0','\0','\0',NULL,NULL,NULL,NULL,NULL,NULL,NULL,NULL,NULL,'M',NULL,NULL,NULL,NULL,NULL,NULL,NULL,NULL,NULL,NULL,NULL,NULL,NULL),(11,4,2,'\0','','\0','\0','\0','\0','Organization to community','From organization to community account',NULL,NULL,NULL,'\0','\0','\0','\0','\0','\0',NULL,NULL,NULL,NULL,NULL,NULL,NULL,NULL,NULL,'M',NULL,NULL,NULL,NULL,NULL,NULL,NULL,NULL,NULL,NULL,NULL,NULL,NULL),(12,4,3,'\0','','\0','\0','\0','\0','Organization to voucher','From organization to voucher account',NULL,NULL,NULL,'\0','\0','\0','\0','\0','\0',NULL,NULL,NULL,NULL,NULL,NULL,NULL,NULL,NULL,'M',NULL,NULL,NULL,NULL,NULL,NULL,NULL,NULL,NULL,NULL,NULL,NULL,NULL),(13,5,5,'','\0','\0','\0','\0','','Trade transfer','Trades between members',NULL,'1000.000000',NULL,'\0','\0','\0','\0','\0','',NULL,'2013-12-14',2,3,2,3,'No comments have been assigned to this transaction',0,NULL,'M',NULL,NULL,NULL,NULL,NULL,NULL,NULL,NULL,NULL,NULL,NULL,NULL,NULL),(14,1,5,'','\0','\0','\0','\0','\0','Debit to member','From debit to member account',NULL,NULL,NULL,'\0','\0','\0','\0','\0','\0',NULL,NULL,NULL,NULL,NULL,NULL,NULL,NULL,NULL,'M',NULL,NULL,NULL,NULL,NULL,NULL,NULL,NULL,NULL,NULL,NULL,NULL,NULL),(15,2,5,'','\0','\0','\0','\0','\0','Community to member','From community to member account',NULL,NULL,NULL,'\0','\0','\0','\0','\0','\0',NULL,NULL,NULL,NULL,NULL,NULL,NULL,NULL,NULL,'M',NULL,NULL,NULL,NULL,NULL,NULL,NULL,NULL,NULL,NULL,NULL,NULL,NULL),(16,3,5,'','\0','\0','\0','\0','\0','Voucher cashing','Create vouchers',NULL,NULL,NULL,'\0','\0','\0','\0','\0','\0',NULL,NULL,NULL,NULL,NULL,NULL,NULL,NULL,NULL,'M',NULL,NULL,NULL,NULL,NULL,NULL,NULL,NULL,NULL,NULL,NULL,NULL,NULL),(17,4,5,'','\0','\0','\0','\0','\0','Organization to member','From organization to member account',NULL,NULL,NULL,'\0','\0','\0','\0','\0','\0',NULL,NULL,NULL,NULL,NULL,NULL,NULL,NULL,NULL,'M',NULL,NULL,NULL,NULL,NULL,NULL,NULL,NULL,NULL,NULL,NULL,NULL,NULL),(18,5,2,'','\0','\0','\0','\0','\0','Member to community','From member to community account',NULL,NULL,NULL,'\0','\0','\0','\0','\0','\0',NULL,NULL,NULL,NULL,NULL,NULL,NULL,NULL,NULL,'M',NULL,NULL,NULL,NULL,NULL,NULL,NULL,NULL,NULL,NULL,NULL,NULL,NULL),(19,5,3,'','\0','\0','\0','\0','\0','Voucher buying','Used by a member to buy vouchers',NULL,NULL,NULL,'\0','\0','\0','\0','\0','\0',NULL,NULL,NULL,NULL,NULL,NULL,NULL,NULL,NULL,'M',NULL,NULL,NULL,NULL,NULL,NULL,NULL,NULL,NULL,NULL,NULL,NULL,NULL),(20,5,4,'','\0','\0','\0','\0','\0','Member to organization','From member to organization account',NULL,NULL,NULL,'\0','\0','\0','\0','\0','\0',NULL,NULL,NULL,NULL,NULL,NULL,NULL,NULL,NULL,'M',NULL,NULL,NULL,NULL,NULL,NULL,NULL,NULL,NULL,NULL,NULL,NULL,NULL),(21,5,1,'\0','\0','\0','\0','\0','\0','Loan repayment','Loan repayment\nTotal amount: #loanTotalAmount#',NULL,NULL,NULL,'\0','\0','\0','\0','\0','\0',NULL,NULL,NULL,NULL,NULL,NULL,NULL,NULL,NULL,'M',NULL,NULL,NULL,NULL,NULL,NULL,NULL,NULL,NULL,NULL,NULL,NULL,NULL),(22,1,5,'','\0','\0','\0','\0','\0','Loan','Used when a loan is granted',NULL,NULL,NULL,'\0','\0','\0','\0','\0','\0',NULL,NULL,NULL,NULL,NULL,NULL,NULL,NULL,NULL,'M','S',21,NULL,NULL,NULL,NULL,NULL,NULL,NULL,NULL,NULL,NULL,30),(23,1,5,'\0','\0','\0','\0','\0','\0','Initial credit','Initial credit on account activation',NULL,NULL,NULL,'\0','\0','\0','\0','\0','\0',NULL,NULL,NULL,NULL,NULL,NULL,NULL,NULL,NULL,'M',NULL,NULL,NULL,NULL,NULL,NULL,NULL,NULL,NULL,NULL,NULL,NULL,NULL),(24,1,5,'','\0','\0','\0','\0','\0','Money deposit','When a member converts money into units, a payment of this type is performed',NULL,NULL,NULL,'\0','\0','\0','\0','\0','\0',NULL,NULL,NULL,NULL,NULL,NULL,NULL,NULL,NULL,'M',NULL,NULL,NULL,NULL,NULL,NULL,NULL,NULL,NULL,NULL,NULL,NULL,NULL),(25,5,2,'\0','\0','\0','\0','\0','\0','Transaction tax payment','Transaction tax payment',NULL,NULL,NULL,'\0','\0','\0','\0','\0','\0',NULL,NULL,NULL,NULL,NULL,NULL,NULL,NULL,NULL,'M',NULL,NULL,NULL,NULL,NULL,NULL,NULL,NULL,NULL,NULL,NULL,NULL,NULL),(26,2,5,'\0','\0','\0','\0','\0','\0','Broker commission payment','Broker commission payment',NULL,NULL,NULL,'\0','\0','\0','\0','\0','\0',NULL,NULL,NULL,NULL,NULL,NULL,NULL,NULL,NULL,'M',NULL,NULL,NULL,NULL,NULL,NULL,NULL,NULL,NULL,NULL,NULL,NULL,NULL),(27,5,2,'\0','\0','\0','\0','\0','\0','Contribution payment','Units contribution payment',NULL,NULL,NULL,'\0','\0','\0','\0','\0','\0',NULL,NULL,NULL,NULL,NULL,NULL,NULL,NULL,NULL,'M',NULL,NULL,NULL,NULL,NULL,NULL,NULL,NULL,NULL,NULL,NULL,NULL,NULL),(28,5,2,'\0','\0','\0','\0','\0','\0','Liquidity tax payment','Liquidity tax payment\n Period: #begin_date# - #end_date#',NULL,NULL,NULL,'\0','\0','\0','\0','\0','\0',NULL,NULL,NULL,NULL,NULL,NULL,NULL,NULL,NULL,'M',NULL,NULL,NULL,NULL,NULL,NULL,NULL,NULL,NULL,NULL,NULL,NULL,NULL),(29,5,5,'','\0','\0','\0','\0','\0','Trade transfer from mobile','Trades between members from mobile service',NULL,'500.000000',NULL,'\0','\0','\0','\0','\0','',NULL,'2013-12-14',2,3,2,3,'No comments have been assigned to this transaction',0,NULL,'M',NULL,NULL,NULL,NULL,NULL,NULL,NULL,NULL,NULL,NULL,NULL,NULL,NULL),(30,5,5,'','\0','\0','\0','\0','\0','External trade transfer','External trade between members',NULL,'500.000000',NULL,'\0','\0','\0','\0','\0','\0',NULL,NULL,NULL,NULL,NULL,NULL,NULL,NULL,NULL,'M',NULL,NULL,NULL,NULL,NULL,NULL,NULL,NULL,NULL,NULL,NULL,NULL,NULL);
/*!40000 ALTER TABLE `transfer_types` ENABLE KEYS */;
UNLOCK TABLES;

--
-- Table structure for table `transfer_types_channels`
--

DROP TABLE IF EXISTS `transfer_types_channels`;
/*!40101 SET @saved_cs_client     = @@character_set_client */;
/*!40101 SET character_set_client = utf8 */;
CREATE TABLE `transfer_types_channels` (
  `transfer_type_id` int(11) NOT NULL,
  `channel_id` int(11) NOT NULL,
  KEY `FK6FBCF7AAA4766B0A` (`transfer_type_id`),
  KEY `FK6FBCF7AA9B71D578` (`channel_id`),
  CONSTRAINT `FK6FBCF7AA9B71D578` FOREIGN KEY (`channel_id`) REFERENCES `channels` (`id`),
  CONSTRAINT `FK6FBCF7AAA4766B0A` FOREIGN KEY (`transfer_type_id`) REFERENCES `transfer_types` (`id`)
) ENGINE=InnoDB DEFAULT CHARSET=utf8;
/*!40101 SET character_set_client = @saved_cs_client */;

--
-- Dumping data for table `transfer_types_channels`
--

LOCK TABLES `transfer_types_channels` WRITE;
/*!40000 ALTER TABLE `transfer_types_channels` DISABLE KEYS */;
INSERT INTO `transfer_types_channels` VALUES (13,1),(14,1),(15,1),(16,1),(17,1),(18,1),(19,1),(20,1),(29,2),(29,3),(29,4),(30,5),(30,6);
/*!40000 ALTER TABLE `transfer_types_channels` ENABLE KEYS */;
UNLOCK TABLES;

--
-- Table structure for table `transfer_types_linked_custom_fields`
--

DROP TABLE IF EXISTS `transfer_types_linked_custom_fields`;
/*!40101 SET @saved_cs_client     = @@character_set_client */;
/*!40101 SET character_set_client = utf8 */;
CREATE TABLE `transfer_types_linked_custom_fields` (
  `field_id` int(11) NOT NULL,
  `transfer_type_id` int(11) NOT NULL,
  KEY `FKC990947BA4766B0A` (`transfer_type_id`),
  KEY `FKC990947B9C156375` (`field_id`),
  CONSTRAINT `FKC990947B9C156375` FOREIGN KEY (`field_id`) REFERENCES `custom_fields` (`id`),
  CONSTRAINT `FKC990947BA4766B0A` FOREIGN KEY (`transfer_type_id`) REFERENCES `transfer_types` (`id`)
) ENGINE=InnoDB DEFAULT CHARSET=utf8;
/*!40101 SET character_set_client = @saved_cs_client */;

--
-- Dumping data for table `transfer_types_linked_custom_fields`
--

LOCK TABLES `transfer_types_linked_custom_fields` WRITE;
/*!40000 ALTER TABLE `transfer_types_linked_custom_fields` DISABLE KEYS */;
/*!40000 ALTER TABLE `transfer_types_linked_custom_fields` ENABLE KEYS */;
UNLOCK TABLES;

--
-- Table structure for table `transfer_types_payment_filters`
--

DROP TABLE IF EXISTS `transfer_types_payment_filters`;
/*!40101 SET @saved_cs_client     = @@character_set_client */;
/*!40101 SET character_set_client = utf8 */;
CREATE TABLE `transfer_types_payment_filters` (
  `transfer_type_id` int(11) NOT NULL,
  `payment_filter_id` int(11) NOT NULL,
  KEY `FK466919A8A4766B0A` (`transfer_type_id`),
  KEY `FK466919A8A78BAF2E` (`payment_filter_id`),
  CONSTRAINT `FK466919A8A78BAF2E` FOREIGN KEY (`payment_filter_id`) REFERENCES `payment_filters` (`id`),
  CONSTRAINT `FK466919A8A4766B0A` FOREIGN KEY (`transfer_type_id`) REFERENCES `transfer_types` (`id`)
) ENGINE=InnoDB DEFAULT CHARSET=utf8;
/*!40101 SET character_set_client = @saved_cs_client */;

--
-- Dumping data for table `transfer_types_payment_filters`
--

LOCK TABLES `transfer_types_payment_filters` WRITE;
/*!40000 ALTER TABLE `transfer_types_payment_filters` DISABLE KEYS */;
INSERT INTO `transfer_types_payment_filters` VALUES (29,1),(13,1),(30,1),(21,2),(22,2),(25,3),(27,3),(28,3),(26,4),(16,5),(19,5),(19,6),(18,6),(20,6),(1,7),(4,7),(2,8),(7,8),(3,9),(10,9),(23,10),(22,10),(14,10),(5,11),(8,11),(1,12),(4,12),(6,13),(11,13),(27,14),(28,15),(26,16),(21,17),(22,17),(18,18),(15,18),(2,19),(7,19),(5,20),(8,20),(9,21),(12,21),(16,22),(19,22),(3,23),(10,23),(6,24),(11,24),(9,25),(12,25),(17,26),(20,26);
/*!40000 ALTER TABLE `transfer_types_payment_filters` ENABLE KEYS */;
UNLOCK TABLES;

--
-- Table structure for table `transfers`
--

DROP TABLE IF EXISTS `transfers`;
/*!40101 SET @saved_cs_client     = @@character_set_client */;
/*!40101 SET character_set_client = utf8 */;
CREATE TABLE `transfers` (
  `id` bigint(20) NOT NULL AUTO_INCREMENT,
  `from_account_id` int(11) NOT NULL,
  `to_account_id` int(11) NOT NULL,
  `type_id` int(11) NOT NULL,
  `date` datetime NOT NULL,
  `amount` decimal(15,6) NOT NULL,
  `emission_date` datetime DEFAULT NULL,
  `expiration_date` datetime DEFAULT NULL,
  `i_rate` decimal(15,6) DEFAULT NULL,
  `status` varchar(1) NOT NULL,
  `process_date` datetime DEFAULT NULL,
  `feedback_deadline` datetime DEFAULT NULL,
  `by_id` int(11) DEFAULT NULL,
  `description` longtext,
  `parent_id` bigint(20) DEFAULT NULL,
  `chargedback_by_id` bigint(20) DEFAULT NULL,
  `chargeback_of_id` bigint(20) DEFAULT NULL,
  `transaction_fee_id` int(11) DEFAULT NULL,
  `loan_payment_id` int(11) DEFAULT NULL,
  `account_fee_log_id` int(11) DEFAULT NULL,
  `receiver_id` int(11) DEFAULT NULL,
  `transaction_number` varchar(100) DEFAULT NULL,
  `trace_number` varchar(100) DEFAULT NULL,
  `client_id` bigint(20) DEFAULT NULL,
  `trace_data` varchar(50) DEFAULT NULL,
  `external_transfer_id` int(11) DEFAULT NULL,
  `next_authorization_level_id` int(11) DEFAULT NULL,
  `scheduled_payment_id` int(11) DEFAULT NULL,
  `broker_commission_contract_id` int(11) DEFAULT NULL,
  `fee_id` int(11) DEFAULT NULL,
  PRIMARY KEY (`id`),
  UNIQUE KEY `trace_number` (`trace_number`,`client_id`),
  KEY `FK3EBE45E8B3A79238` (`scheduled_payment_id`),
  KEY `FK3EBE45E82B1214C2` (`by_id`),
  KEY `FK3EBE45E8617A8174` (`external_transfer_id`),
  KEY `FK3EBE45E8E735A8CE` (`loan_payment_id`),
  KEY `FK3EBE45E84B79F4AC` (`next_authorization_level_id`),
  KEY `FK3EBE45E88799AF6F` (`from_account_id`),
  KEY `FK3EBE45E81106EAD7` (`broker_commission_contract_id`),
  KEY `FK3EBE45E8E969E40E` (`transaction_fee_id`),
  KEY `FK3EBE45E89D63275E` (`type_id`),
  KEY `FK3EBE45E86957A5AA` (`account_fee_log_id`),
  KEY `FK3EBE45E8E846CE9F` (`chargedback_by_id`),
  KEY `FK3EBE45E8A822302A` (`receiver_id`),
  KEY `FK3EBE45E8DD5BFBFE` (`to_account_id`),
  KEY `FK3EBE45E8A899F6A3` (`chargeback_of_id`),
  KEY `FK3EBE45E8229B7694` (`parent_id`),
  KEY `FK3EBE45E8CF860F8D` (`fee_id`),
  CONSTRAINT `FK3EBE45E8CF860F8D` FOREIGN KEY (`fee_id`) REFERENCES `transaction_fees` (`id`),
  CONSTRAINT `FK3EBE45E81106EAD7` FOREIGN KEY (`broker_commission_contract_id`) REFERENCES `broker_commission_contracts` (`id`),
  CONSTRAINT `FK3EBE45E8229B7694` FOREIGN KEY (`parent_id`) REFERENCES `transfers` (`id`),
  CONSTRAINT `FK3EBE45E82B1214C2` FOREIGN KEY (`by_id`) REFERENCES `members` (`id`),
  CONSTRAINT `FK3EBE45E84B79F4AC` FOREIGN KEY (`next_authorization_level_id`) REFERENCES `authorization_levels` (`id`),
  CONSTRAINT `FK3EBE45E8617A8174` FOREIGN KEY (`external_transfer_id`) REFERENCES `external_transfers` (`id`),
  CONSTRAINT `FK3EBE45E86957A5AA` FOREIGN KEY (`account_fee_log_id`) REFERENCES `account_fee_logs` (`id`),
  CONSTRAINT `FK3EBE45E88799AF6F` FOREIGN KEY (`from_account_id`) REFERENCES `accounts` (`id`),
  CONSTRAINT `FK3EBE45E89D63275E` FOREIGN KEY (`type_id`) REFERENCES `transfer_types` (`id`),
  CONSTRAINT `FK3EBE45E8A822302A` FOREIGN KEY (`receiver_id`) REFERENCES `members` (`id`),
  CONSTRAINT `FK3EBE45E8A899F6A3` FOREIGN KEY (`chargeback_of_id`) REFERENCES `transfers` (`id`),
  CONSTRAINT `FK3EBE45E8B3A79238` FOREIGN KEY (`scheduled_payment_id`) REFERENCES `scheduled_payments` (`id`),
  CONSTRAINT `FK3EBE45E8DD5BFBFE` FOREIGN KEY (`to_account_id`) REFERENCES `accounts` (`id`),
  CONSTRAINT `FK3EBE45E8E735A8CE` FOREIGN KEY (`loan_payment_id`) REFERENCES `loan_payments` (`id`),
  CONSTRAINT `FK3EBE45E8E846CE9F` FOREIGN KEY (`chargedback_by_id`) REFERENCES `transfers` (`id`),
  CONSTRAINT `FK3EBE45E8E969E40E` FOREIGN KEY (`transaction_fee_id`) REFERENCES `transaction_fees` (`id`)
) ENGINE=InnoDB DEFAULT CHARSET=utf8;
/*!40101 SET character_set_client = @saved_cs_client */;

--
-- Dumping data for table `transfers`
--

LOCK TABLES `transfers` WRITE;
/*!40000 ALTER TABLE `transfers` DISABLE KEYS */;
/*!40000 ALTER TABLE `transfers` ENABLE KEYS */;
UNLOCK TABLES;

--
-- Table structure for table `translation_messages`
--

DROP TABLE IF EXISTS `translation_messages`;
/*!40101 SET @saved_cs_client     = @@character_set_client */;
/*!40101 SET character_set_client = utf8 */;
CREATE TABLE `translation_messages` (
  `id` int(11) NOT NULL AUTO_INCREMENT,
  `msg_key` varchar(100) NOT NULL,
  `value` longtext,
  PRIMARY KEY (`id`),
  UNIQUE KEY `msg_key` (`msg_key`)
) ENGINE=InnoDB AUTO_INCREMENT=4812 DEFAULT CHARSET=utf8;
/*!40101 SET character_set_client = @saved_cs_client */;

--
-- Dumping data for table `translation_messages`
--

LOCK TABLES `translation_messages` WRITE;
/*!40000 ALTER TABLE `translation_messages` DISABLE KEYS */;
INSERT INTO `translation_messages` VALUES (1,'translationMessage.import.type.ONLY_NEW','Import new keys only (leaving all existing keys)'),(2,'ad.modified','Advertisement modified'),(3,'cardType.modified','The card type was modified'),(4,'message.type.ACCESS','Access alerts'),(5,'memberRecord.search.fromDate','Registration date'),(6,'settings.log.webServiceFile','Web services logfile path / name'),(7,'permission.operatorReports.showAccountInformation','Show account information'),(8,'permission.adminMemberGuarantees.registerGuarantees','Register guarantees'),(9,'reports.stats.finances.ComparePeriods.expenditure.title','Expenditure Compare Periods'),(10,'defaultBrokerCommission.error.maxValueExceeded','{0}: the amount cannot be higher than {1}'),(11,'group.customizedFiles.removed','The file is no longer customized for this group'),(12,'reference.summary.positivePercentage','Positive %'),(13,'transactionFee.whichBroker.SOURCE','Paying member\'s broker'),(14,'mailPreferences.messages','Messages'),(15,'smsMailing.new','Send a new SMS mailing'),(16,'reports.stats.taxes.medianPerMember','Amount per member'),(17,'receiptPrinter.error.printerNotFoundError','Printer not found: {0}.\n\nMake sure you have a generic text printer configured with that name.'),(18,'message.actionPerformed.MOVE_TO_TRASH','The messages were moved to trash'),(19,'customField.member.loanSearchAccess','Loan search for'),(20,'help.title.members','Members'),(21,'menu.admin.messages.messages','Messages'),(22,'sms.type.REQUEST_PAYMENT','Request payment'),(23,'reports.stats.general.payments','payments'),(24,'sms.type.PAYMENT_ERROR','Direct payment error'),(25,'settings.message.pendingPaymentAuthorized','Pending payment authorization'),(26,'permission.systemPayments.authorize','Authorize'),(27,'global.select.empty','Please select...'),(28,'menu.admin.personal.changePassword','Change Password'),(29,'loan.repayment.totalAmount','Total'),(30,'conversionSimulation.rates','Rates'),(31,'settings.unlimited','0 unlimited'),(32,'loan.expirationDailyInterestRepaymentType','Expiry interest repayment type'),(33,'currency.title.list','Currencies'),(34,'alert.system.NEGATIVE_VIRTUAL_RATED_BALANCE','A negative virtual rated balance has been encountered on a system account.'),(35,'pendingMember.search.date','Date'),(36,'settings.message.invoiceReceived','Invoice received'),(37,'menu.admin.contentManagement.styleImages','Style Sheet Images'),(38,'paymentObligationLog.date','Date'),(39,'customImage.system.incomplete','External payment: incomplete'),(40,'reports.members_reports.incoming','Incoming'),(41,'global.timePeriod.MINUTES','Minute(s)'),(42,'alert.member.cardSecurityCodeBlockedByTries','Card security code has been blocked for exceeding {0} tries, for card {1}'),(43,'serviceClient.password','HTTP password'),(44,'accountType.modified','The account type was modified'),(45,'settings.message.remark','Remark'),(46,'alert.member.NEW_PENDING','Pending'),(47,'externalAccountHistory.button.newPayment','New payment'),(48,'reports.stats.activity.whatToShow.DISTRIBUTION','Distribution'),(49,'payment.cancelOrDeny.transactionPassword','In order to cancel or deny this payment, you must supply your transaction password'),(50,'errorLog.title.view','Error log'),(51,'cardType.title.modify','Modify card type'),(52,'login.createMember','Register'),(53,'member.bulkActions.channelsNotChanged','No member matching the filter ({0}) was changed.'),(54,'reference.summary.last30days','Last 30 days'),(55,'theme.style.LOGIN','Login page'),(56,'customImage.title.new.style','New style sheet image'),(57,'mobile.home.logout','Logout'),(58,'settings.local.containerUrl','Global container page url'),(59,'mobile.credentials.TRANSACTION_PASSWORD','Tx Pwd'),(60,'settings.mailTranslation.title','Mail translation'),(61,'sms.error.type.NO_PHONE','No mobile phone set'),(62,'certification.cancel','Cancel'),(63,'externalAccount.action.new','New External Account'),(64,'settings.message.paymentObligationRejected','Payment obligation rejected'),(65,'receipt.transfer.installments','Installments:'),(66,'transactionPassword.description','You may now generate your personal transaction password.\nAfter clicking the button below, your password will be generated and displayed.\nMake sure you remember the transaction password.\nYou will only have the possiblity to view the password once.'),(67,'alert.system.APPLICATION_SHUTDOWN','Application shutdown'),(68,'disconnect.disconnected','The user has been disconnected'),(69,'settings.message.smsMessagePrefix','SMS message prefix'),(70,'paymentObligation.error.changeStatus','Can\'t change the payment obligation\'s status to: {0}'),(71,'reports.stats.error.initialAndFinalYearsRequired','Initial and final years required'),(72,'global.search.NORMAL','Simple'),(73,'menu.member.account','Account'),(74,'profile.action.invoiceAsMemberToMember','Invoice member to member'),(75,'paymentObligation.modified','The Payment obligation was modified'),(76,'global.show','Show'),(77,'alert.member.deniedInvoices','The member has denied {0} invoices'),(78,'permission.systemCustomImages','Customized images'),(79,'reports.stats.activity.whatToShow.SINGLE_PERIOD','Show one period'),(80,'memberImport.title.summary','Member import summary'),(81,'reports.stats.paymentFilters.nothingSelected','Error: No payment filter selected\n\nYou must choose at least one payment filter.'),(82,'payment.status.SCHEDULED','Scheduled'),(83,'changeGroup.error.move.hasOpenInvoices','The member cannot be moved because it has open invoices'),(84,'permission.memberGuarantees','Guarantees'),(85,'settings.local.brokeringExpiration','Brokering expiration'),(86,'paymentObligation.maxPublishDate','Published until'),(87,'reports.stats.taxes.relativeToGrossProduct','Relative to Gross Product'),(88,'serviceClient.error.empty.usernameOrPassword','Both HTTP username and password must be filled or empty'),(89,'brokering.error.memberAlreadyInBrokering','The member is already in the brokerings of this broker'),(90,'reports.stats.finances.singlePeriod.income.title','Income system account'),(91,'createOperator.action.saveAndNew','Save and insert a new operator'),(92,'reports.stats.activity.singlePeriod.numberTransactions.row2.short','all'),(93,'global.month.FEBRUARY','February'),(94,'notificationPreferences.modified','Notification preferences modified'),(95,'adInterest.removeSelected.confirm','Remove selected ad interests?'),(96,'creditLimit.title','Credit limit'),(97,'document.description','Description'),(98,'settings.message.general.title','General notifications'),(99,'account.type','Account'),(100,'invoice.denied','The invoice was denied'),(101,'permission.adminAdmins.register','Register'),(102,'payment.confirmation.header.scheduled','You are about to schedule following payment:'),(103,'posweb.client.card','Client card number'),(104,'global.weekDay.THURSDAY','Thursday'),(105,'errors.lessEquals','{0} must be less or equals than {1}'),(106,'group.inserted','The group was inserted'),(107,'brokerCommissionContract.startDate','Start date'),(108,'accountFee.groups','Groups'),(109,'settings.local.timePattern','Time format'),(110,'reports.stats.paymentFilters.maxItemsExceded','Too many payment filters selected.\nMaximum number is {0}'),(111,'ad.title.print','Advertisement search results'),(112,'permission.adminMemberPos.view','View'),(113,'accountFeeLog.status.INVOICE','Invoice'),(114,'cardType.cardSecurityCode.NOT_USED','Not used'),(115,'translationMessage.removeOne.confirm','Are you sure to remove this translation key?'),(116,'global.no.defined','No set'),(117,'member.creationDate','Registration date'),(118,'accountFee.chargeMode.VOLUME_PERCENTAGE','Positive volume percentage'),(119,'global.tooltip.preview','Preview'),(120,'group.title.modify.admin','Edit admin group settings'),(121,'reports.stats.activity.throughTime.grossProduct.col4','n All'),(122,'conversionSimulation.result.graph','Fee amount vs time'),(123,'contact.modified','The contact was modified'),(124,'reports.stats.activity.throughTime.grossProduct.col3','n with income'),(125,'reports.stats.activity.throughTime.grossProduct.col2','Gross Product All'),(126,'reports.stats.activity.throughTime.grossProduct.col1','Gross Product members with income'),(127,'loan.repayment.interest','Interest'),(128,'guarantee.myWithBuyerOnly','My guaratees with buyer only'),(129,'reports.stats.activity.histogram.grossProduct.yAxis','Number of members'),(130,'menu.member.broker.messageToMembers','Message to members'),(131,'card.manage','Manage card'),(132,'customField.loanGroup.showInSearch','Show in search'),(133,'member.search.selectGroups','Select groups'),(134,'conversionSimulation.dRate.targeted','Targeted D rate'),(135,'permission.systemExternalAccounts.view','View'),(136,'transferType.fixedDestinationMember.name','Fixed destination member full name'),(137,'transactionFee.title.broker.modify','Modify broker commission'),(138,'defaultBrokerCommission.validity.transactions','{0} transactions'),(139,'posweb.client.transactionPassword','Transaction password'),(140,'account.hideWhenNoCreditLimit','Hide when no credit limit'),(141,'changePin.error.pinsAreNotEqual','The pins are not equals'),(142,'menu.admin.bookkeeping.accounts','Manage External Accounts '),(143,'transfer.scheduling.SINGLE_FUTURE','Scheduled for future date'),(144,'reports.stats.activity.singlePeriod.grossProduct.row1.short','with income'),(145,'payment.statusGroup.CLOSED_WITH_ERRORS','Closed (partially paid)'),(146,'permission.systemReports.aRateConfigSimulation','A-Rate configuration simulation'),(147,'menu.member.account.memberInvoice','Member Invoice'),(148,'reports.stats.keydevelopments.numberOfMembers.numberOfNewMembers','Number of new members'),(149,'groupFilter.title.insert','Insert group filter'),(150,'customizedFile.type.APPLICATION_PAGE','Application pages'),(151,'home.operator.news.title','News (message board)'),(152,'permission.adminMemberRecords.modify','Modify'),(153,'infotext.aliases','Key'),(154,'accountFee.manual','Manual'),(155,'pos.actions.unblockPin','Unblock PIN'),(156,'serviceOperation.ADVERTISEMENTS','Search advertisements'),(157,'settings.log.traceLevel','Action log level'),(158,'fieldMapping.field.TYPE','Payment type'),(159,'defaultBrokerCommission.defaultCommissionAmount','Default commission amount'),(160,'session.lastLogin','Last login: {0}'),(161,'image.remove','Remove'),(162,'settings.local.chargebackDescription','Chargeback payment description'),(163,'conversionSimulation.graph','Plot in graph against time range'),(164,'smsMailing.groups','Groups'),(165,'loan.type.WITH_INTEREST','With fees'),(166,'permission.brokerLoans.view','View'),(167,'group.settings.smsAdditionalChargedPeriod','Additional SMS package expires after'),(168,'permission.operatorPayments.cancelScheduled','Cancel scheduled payment'),(169,'global.weekDay.SATURDAY','Saturday'),(170,'fieldMapping.title.new','New field mapping'),(171,'settings.message.adminPaymentFromSystemToMember','Payments from system to members'),(172,'settings.local.indexRebuildingPeriod','Rebuild search indexes every'),(173,'infoText.modified','The info text was modified'),(174,'ad.search.since','Published since last'),(175,'menu.member.account.transfersAwaitingAuthorization','To authorize'),(176,'paymentObligation.action.create','New Payment Obligation '),(177,'payment.confirmation.block','You are going to block this payment.\n\nPlease click OK to confirm'),(178,'theme.title.import','Import new theme'),(179,'payment.error.circularFees','The payment cannot be performed, as circular fees were detected.\n\nPlease, contact the administration.'),(180,'customizedFile.removeConfirmation','Stop customizing this file?'),(181,'pendingMember.updated','The pending member has been updated'),(182,'loan.confirmation.header.withAuthorization','You are about to submit the following loan to further authorization'),(183,'brokering.modified','Notes modified'),(184,'permission.operatorGuarantees.buyWithPaymentObligations','Buy with payment obligations from groups:'),(185,'settings.error.selectedSettingTypeNotInFile','Warning! The following types were not imported because they were not found in the file:\n{0}'),(186,'permission.memberGuarantees.issueCertifications','Issue certifications to'),(187,'permission.brokerMessages','Personal messages'),(188,'group.settings.groupAfterExpiration','Group after expiration'),(189,'settings.local.maxThumbnailWidth',''),(190,'guaranteeLog.status','Status'),(191,'member.operator','Operator'),(192,'posweb.client.cardSecurityCode','Security code'),(193,'loan.title.loanGroup.members','Loan group members'),(194,'memberRecordType.modified','The member record type was modified'),(195,'memberImport.status.BALANCE_LOWER_THAN_CREDIT_LIMIT','The balance is lower than the credit limit'),(196,'profile.action.changeGroup','Change permission group'),(197,'message.type.EXTERNAL_PAYMENT','Payments made via external channels'),(198,'transactionFee.fMinimal','minimal value'),(199,'reports.stats.taxes.numberOfTransactions','Transactions'),(200,'customField.groups','Enable field for groups'),(201,'adminTasks.indexes.type.Member','Members'),(202,'infotext.body','Body text'),(203,'global.timePeriod.DAYS','Day(s)'),(204,'permission.brokerCards.cancel','Cancel'),(205,'menu.member.preferences.adInterests','Ad interests'),(206,'guaranteeType.feePayers.SELLER','Seller'),(207,'permission.systemErrorLog.view','View'),(208,'transferAuthorization.error.alreadyAuthorized','You have already authorized this payment on an earlier level'),(209,'permission.adminMemberMessages.sendToGroup','Send to group'),(210,'group.settings.smsCustomContextInvalid','Invalid class for custom SMS context'),(211,'brokering.list.status','Status'),(212,'createMember.created.pending','The member has been created, but the e-mail needs to be verified in order to complete the activation'),(213,'alert.member.NEGATIVE_VIRTUAL_RATED_BALANCE','A negative virtual rated balance has been encountered.'),(214,'menu.admin.customFields.loanGroupFields','Loan Group Fields'),(215,'group.name','Name'),(216,'login.bottomText','Here the administration can put some additional text.\n(At the admin section: Translation - Application - login.bottomText)'),(217,'payment.action.block','Block'),(218,'creditLimit.modified','The credit limit was modified'),(219,'profile.modified','Profile modified'),(220,'permission.adminMemberDocuments','Documents'),(221,'permission.brokerCards.changeCardSecurityCode','Change code'),(222,'document.nature.MEMBER','Member'),(223,'changeGroup.current','Current group'),(224,'mobile.login.pin','PIN'),(225,'paymentObligation.status.PUBLISHED','Published'),(226,'authorizationLevel.adminGroups','Admin groups'),(227,'customField.validation.unique','Unique'),(228,'serviceClient.removeConfirmation','Are you sure to remove this client?'),(229,'reports.stats.activity.histogram.numberTransactions.yAxis','Number of members'),(230,'mailPreferences.systemInvoices','System invoices'),(231,'externalTransfer.status.INCOMPLETE_PENDING','Incomplete'),(232,'reports.stats.finances.ThroughTime.expenditure.title','Expenditure through time'),(233,'global.pagination.tooltip.next','Next page'),(234,'permission.adminMemberPos.changeParameters','Change parameters'),(235,'reports.stats.activity.singlePeriod.loginTimes.title','Login times per member (single period)'),(236,'member.bulkActions.changeChannels.confirmation','Are you sure to change access channels of all members matching the filters?'),(237,'group.defaultAcceptFreeMailing','Accept free mailings by default'),(238,'group.settings.passwordPolicy.NONE','No password enforcements'),(239,'member.activationDate','Activation date'),(240,'group.title.settings.advertisements','Advertisements settings'),(241,'settings.access.memberTimeout','Member session timeout'),(242,'group.settings.passwordPolicy.AVOID_OBVIOUS','Forbid obvious passwords'),(243,'settings.message.scheduledPaymentsCancelledToOther','Scheduled payments related to other member cancelled'),(244,'settings.local.maxImageHeight',''),(245,'settings.mail.smtpUseTLS','Use TLS'),(246,'guaranteeType.authorizedBy','Authorized by'),(247,'reports.stats.keydevelopments.throughTime.years.title','Developments through the time'),(248,'menu.admin.help.manual.stats','Manual statistics'),(249,'sms.type.OPERATION_CONFIRMATION.description','Operation confirmation'),(250,'payment.confirmation.header.withAuthorization','You are about to submit the following payment for further authorization:'),(251,'brokering.title.list.of','Registered members of {0}'),(252,'paymentFilter.title.modify','Modify payment filter for {0}'),(253,'adminTasks.indexes.type.all','All'),(254,'help.title.documents','Documents'),(255,'changeChannels.disableChannels','Disable channels'),(256,'group.settings.channels','Accessible channels'),(257,'channel.internalName','Internal name'),(258,'alert.member.SCHEDULED_PAYMENT_FAILED','Scheduled payment failed'),(259,'reports.stats.activity.singlePeriod.percentageNoTrade.row1','% of members not trading'),(260,'global.total','Total'),(261,'payment.calculatePayments','Calculate payments'),(262,'guarantee.expires','Expires'),(263,'brokering.title.list.my','Registered members'),(264,'defaultBrokerCommission.title','Commission settings of {0}'),(265,'authorizationLevel.authorizer.level','Level'),(266,'notificationPreferences.noPaidSmsLeft','You have no additional paid SMS messages left'),(267,'alert.search.date.begin','From date'),(268,'accountFee.amount','Amount'),(269,'permission.adminMemberAccess.changeChannelsAccess','Change channels access'),(270,'permission.adminMemberCards.cancel','Cancel'),(271,'reports.stats.activity.topten.grossProduct.col1','Gross Product'),(272,'transferType.requiresFeedback','Require transaction feedback'),(273,'reference.transactionFeedback.feedbackPeriodExpired','The feedback period has expired.'),(274,'settings.local.schedulingMinute','Scheduled tasks minute'),(275,'externalTransferProcess.error.noPaymentToConciliate','No possible payments to conciliate'),(276,'permission.adminMemberLoans.grantWithDate','Grant loan in past date'),(277,'menu.admin.accounts.authorizedPayments','Authorized payments'),(278,'settings.local.csv.stringQuote.DOUBLE_QUOTE','Double quote'),(279,'permission.systemAdCategories.file','Export / import to file'),(280,'login.error.alreadyConnected','You are already logged in'),(281,'settings.mail.title','Mail settings'),(282,'settings.local.adResultDisplay','Ad result list shows'),(283,'reports.stats.keydevelopments.throughTime.quarters.title','Developments through the time'),(284,'settings.action.IMPORT','Import'),(285,'permission.adminMemberReferences','References'),(286,'transactionFee.conditions','Conditions of applicability'),(287,'brokerCommissionContract.action.deny','Deny'),(288,'adCategory.import.confirmation','Are you sure to import the advertisement categories from the selected file?'),(289,'reports.stats.taxes.numberOfMembers','By number of members'),(290,'transactionPassword.error.pending','To access this page, you need your transaction password.\nGo to Menu: home and generate it in the uppermost window.'),(291,'admin.action.create.selectGroup','Select admin group'),(292,'profile.action.byBroker.title','Broker actions for {0}'),(293,'accountFeeLog.status.OPEN_INVOICE','Open invoice'),(294,'loanPayment.expirationDate','Expiry'),(295,'receipt.transfer.installment','{0}  {1}  {2}'),(296,'permission.adminMemberAccess.changePin','Change pin'),(297,'multiDropDown.noItemsMessage','No items selected'),(298,'customImage.system.edit','Edit icon'),(299,'reports.stats.activity.singlePeriod.numberTransactions.yAxis','n Transactions'),(300,'menu.member.account.simulateConversion','Simulate conversion'),(301,'brokerCommissionContract.removeConfirmation','Remove this broker commission contract?'),(302,'permission.memberMessages','Messages'),(303,'changePin.modified','The pin was modified'),(304,'permission.adminAdminAccess.disconnect','Disconnect'),(305,'message.messageBox.INBOX','Inbox'),(306,'member.brokerUsername','Broker login'),(307,'permission.memberPayments.cancelAuthorized','Cancel payment pending authorization'),(308,'alert.system.ACCOUNT_FEE_FINISHED_WITH_ERRORS','Account fee finished with errors'),(309,'changeBroker.title','Change broker for {0}'),(310,'alert.system.ADMIN_LOGIN_BLOCKED_BY_PERMISSION_DENIEDS','Admin login temporarily blocked by permission denied'),(311,'adminTasks.onlineState.confirmOffline','Setting the system offline will disconnect all logged users (except you) and prevent any user from logging in, except administrators with permission to set the system online again.\n\nAre you sure to set the system offline?'),(312,'permission.systemGuaranteeTypes.view','View'),(313,'group.nature','Type'),(314,'receiptPrinter.error.applet','The receipt printer applet could not be initialized.\n\nMake sure you have the Java plugin installed and the jZebra applet has been properly authorized to run.'),(315,'paymentObligationLog.by','Changed by'),(316,'accountType.currency','Currency'),(317,'menu.admin.accounts.scheduledPayments','Scheduled payments'),(318,'menu.operator.account.simulateConversion','Simulate conversion'),(319,'remark.writer','Changed by'),(320,'customField.size.LARGE','Large'),(321,'paymentFilter.removed','The payment filter was removed'),(322,'adInterest.title.modify','Modify ad interest'),(323,'loanPayment.summary.recoveredPayments','Recovered payments'),(324,'invoice.to','To'),(325,'guarantee.description','Description'),(326,'guaranteeType.authorizedBy.NONE','None'),(327,'payment.authorize.transactionPassword','In order to authorize or deny this payment, you must supply your transaction password'),(328,'payment.confirmation.other','You are going to pay {0} to {2}.{3}\n\nPlease, click OK to confirm.'),(329,'menu.member.home','Home'),(330,'permission.systemSettings.manageAccess','Manage access settings'),(331,'accountType.error.removing','The account cannot be removed because it have at least one transaction or invoice'),(332,'customField.ad.visibility.MEMBER','All users'),(333,'permission.brokerMemberAccess.unblockPin','Unblock pin'),(334,'webshop.error.paymentDisabled','Webshop payments are not enabled for this user'),(335,'permission.adminMemberRecords.create','Create'),(336,'alert.member.pinBlockedByTries','Pin has been blocked for exceeding {0} tries, on channel {1} at member {2}'),(337,'home.admin.status.connectedMembers','Number of connected members'),(338,'adminTasks.onlineState.setOffline','Set system offline'),(339,'customImage.system.permissions_gray','Permissions disabled icon'),(340,'document.nature.STATIC','Static'),(341,'settings.error.noFile','Please, select a file to import the settings'),(342,'externalTransferImport.imported','The transaction file was imported'),(343,'reports.stats.keydevelopments.numberOfTransactions.title','Developments in number of transactions'),(344,'alert.system.adminLoginBlockedByTries','The admin \'{0}\' login is temporarily blocked by exceeding maximum amount of tries. The remote IP address is {2}'),(345,'reports.stats.keydevelopments.numberOfMembers.numberOfMembers.short','All'),(346,'group.description','Description'),(347,'transactionFee.amount','Amount'),(348,'pos.status.UNASSIGNED','Unassigned'),(349,'group.settings.defaultAdPublicationTime.number','Default ad publication time (amount)'),(350,'permission.operatorReports.viewMember','View my reports'),(351,'invoice.acceptConfirmationMessage','Accept incoming invoice from {0} of {1}?{2}\n\nPlease click OK to confirm.'),(352,'reports.stats.activity.throughTime.nTraders','n Traders'),(353,'profile.pendingEmail.resent','The verification e-mail has been sent to {0}'),(354,'settings.local.changeConfirmationMessage','Changing language will replace the translations file.\nAny customized messages will be lost.\nDo you want to continue?'),(355,'payment.canceled','The payment was canceled'),(356,'paymentObligation.currency','Currency'),(357,'customField.validation.minLength','Min. length'),(358,'menu.member.account.requestPayment','External payment request'),(359,'certification.status.SUSPENDED','Suspended'),(360,'document.action.new.dynamic','New dynamic document'),(361,'guarantee.guaranteeType','Guarantee type'),(362,'settings.message.newPendingPaymentByPayer','New payment for payer to authorize'),(363,'loanPayment.title.print','Loan payments result'),(364,'guaranteeType.description','Description'),(365,'fieldMapping.action.new','Insert new field mapping'),(366,'permission.memberPayments.blockScheduled','Block scheduled payment'),(367,'reports.stats.keydevelopments.throughTime.years.xAxis','Years'),(368,'settings.log.accountFeeLevel','Account fee log level'),(369,'receipt.posweb.transactions.scheduledPayments','Scheduled payments'),(370,'settings.mail.accountDetails','Account details'),(371,'reports.current.remaining_open_loans','Remaining amount of open loans'),(372,'errorLog.loggedUser.none','No logged user'),(373,'pos.blockPos.confirmation','Block the POS?'),(374,'externalTransferImport.removed','The transaction import was removed'),(375,'reports.simulations.dRateConfigSimulation.endD','End at D ='),(376,'permission.memberProfile.changeEmail','Change own e-mail'),(377,'menu.admin.settings.mail','Mail Settings'),(378,'global.month.MARCH','March'),(379,'loan.title.printDetails','Loan details'),(380,'reference.title.paymentsAwaitingFeedback','Payments awaiting feedback'),(381,'memberImport.invalidFormat','Invalid file format'),(382,'settings.local.language.PORTUGUESE_BRAZIL','Portuguese (Brazil)'),(383,'permission.memberInvoices.sendToSystem','Send to system'),(384,'paymentObligation.error.certificationActiveNotExists','Can not create payment obligations. There is no active certification to the currency {0}.  '),(385,'accountType.change','Change account'),(386,'menu.operator.home','Home'),(387,'profile.action.viewAds','View advertisements'),(388,'translationMessage.title.search','Search translation key'),(389,'customImage.system.captchaBackground','Register password background image'),(390,'reference.title.summary.transactionFeedbacks.of','Summary {0}\'s transaction feedbacks'),(391,'guarantee.error.noIssuer','There is no possible issuer for this guarantee type'),(392,'card.internalKey','Key'),(393,'errors.periodBeginRequired','Begin date of {0} is required'),(394,'changeChannels.invalidChannelsSelection','Please check your channels selection. There is a chennel selected to be enable and disable at the same time: {0}.'),(395,'menu.member.guarantees.searchPaymentObligations','Payment Obligations'),(396,'settings.local.language.GREEK','Greek'),(397,'pos.actions','Actions'),(398,'cardType.cardSecurityCode','Card security code'),(399,'adCategory.error.removing','This category could not be removed.\\nProbably, there are advertisements that belongs to it.'),(400,'customField.member.access.NONE','None'),(401,'global.timePeriod.MILLIS','Millisecond(s)'),(402,'paymentFilter.modified','The payment filter was modified'),(403,'permission.operatorInvoices.view','View'),(404,'receipt.transfer.textBefore','----------------'),(405,'accountFee.inserted','The account fee was inserted'),(406,'groupFilter.title.list','Group filters'),(407,'error.session.timeout','Please login again to continue.'),(408,'ticket.fromChannel','Channel'),(409,'ad.search.tradeType.OFFER','Offers'),(410,'memberRecord.inserted','The member record was inserted'),(411,'memberPos.status','Status'),(412,'transactionFee.originalTransferType','Original transaction type'),(413,'reports.stats.keydevelopments.throughTime.quarters.xAxis','Quarters'),(414,'brokerCommissionContract.error.removing','The broker commission contract cannot be removed because it already has commissions paid'),(415,'fileMapping.numberFormat','Number format'),(416,'messageCategory.removeConfirmation','Remove the Message Category?'),(417,'group.account.removed','The group account was removed'),(418,'guarantee.title.searchGuarantees','Search guarantees'),(419,'account.initialCreditTransferType','Initial credit transaction type'),(420,'reports.stats.mockwarning','BEWARE: this is mock data. Real statistics will be provided in the next update.'),(421,'permission.systemThemes.remove','Remove'),(422,'help.title.passwords','Passwords'),(423,'loan.payments','Payments'),(424,'paymentRequest.error.noChannels','There is no channels to send a request payment.'),(425,'menu.member.search.members','Members'),(426,'permission.systemStatus.view','View system status'),(427,'group.settings.passwordPolicy','Password policy'),(428,'changePassword.passwordLengthRange','Choose a password with a length between {0} and {1} characters'),(429,'transactionFee.fromAllGroups','From all groups'),(430,'ad.view.lastAds','latest ads'),(431,'channel.modified','The channel was modified'),(432,'permission.operatorPayments.request','Request payments from other channels'),(433,'payment.error.manageFrom','The logged user doesn\'t have permissions to manage the member \'{0}\'.'),(434,'permission.memberPayments.authorize','Authorize payment'),(435,'settings.access.usernameGeneration','Login name generation'),(436,'payment.authorizeOnly.transactionPassword','In order to authorize this payment, you must enter your transaction password'),(437,'loan.status.EXPIRED','Expired'),(438,'message.title.view','Message details'),(439,'changeBroker.noBroker','None'),(440,'transferType.channels','Channels'),(441,'ad.search.price','Price range'),(442,'message.trashPurgeNotification','Messages left on trash after {0} {1} will be removed'),(443,'global.search.all.male','All'),(444,'reports.stats.finances.singlePeriod.expenditure.title','Expenditure system account'),(445,'reports.stats.paymentfilters','Payment filters'),(446,'posweb.bannerText','POS web'),(447,'permission.adminAdmins.view','View'),(448,'reports.members_reports.incoming_transactions','Credit transactions'),(449,'reports.simulations.aRateConfigSimulation.startA','Start from A ='),(450,'translationMessage.title.modify','Modify translation key'),(451,'fieldMapping.field.AMOUNT','Payment amount'),(452,'group.containerUrl','Container page url'),(453,'externalAccount.title.insert','Insert external account'),(454,'error.systemOffline','The system is currently offline'),(455,'fileMapping.decimalPlaces.error.required','Decimal places is required'),(456,'createAdmin.action.saveAndOpenProfile','Save and open profile'),(457,'currency.modified','The currency was modified'),(458,'customField.member.adSearchAccess','Advertisement search for'),(459,'payment.title.memberToSystem','Payment to system'),(460,'group.settings.emailValidation.BROKER','Broker'),(461,'guarantee.action.accept','Authorize'),(462,'menu.member.broker.listMembers','Members'),(463,'reports.simulations.aRate.config.graph','Fee percentage vs A-rate'),(464,'errorLog.search.noResults','No errors found'),(465,'member.bulkActions.changeChannels','Enable/disable channels '),(466,'settings.local.showCountersInAdCategories','Show counters in advertisement categories'),(467,'paymentRequest.sent','The payment request has been sent to {0}'),(468,'reports.simulations.aRateConfigSimulation.title','A-rate Configuration Simulation'),(469,'contact.removeConfirmation','Remove contact?'),(470,'conversionSimulation.dRate','D rate'),(471,'paymentObligation.removed','The payment obligation was removed.'),(472,'reports.current.references','References'),(473,'fileMapping.dateFormat','Date format'),(474,'guarantee.status.PENDING_ISSUER','Pending Issuer'),(475,'settings.message.transactionFeedbackAdminComments','Transaction feedback administration comments'),(476,'transfersAwaitingAuthorization.title','Transfers to authorize'),(477,'permission.operatorReferences.manageMemberReferences','Manage my references'),(478,'group.settings.initialGroupForRegisteredMembers','Initial group for registered members'),(479,'paymentObligation.selectPaymentObligations','Select payment obligations'),(480,'reports.members.ads','Ads'),(481,'payment.status.CANCELED','Canceled'),(482,'reports.current.system_account','System accounts'),(483,'accountFeeLog.date','Execution date'),(484,'login.action.loginAsOperator','Login as operator'),(485,'reports.members.ads.expired_ads','Expired ads'),(486,'card.activated','Card activated'),(487,'customizedFile.type','Type'),(488,'pos.posId','Identifier'),(489,'reports.current.n_adsaccount','Number of active members with active advertisements'),(490,'help.title.member_records','Member records'),(491,'message.action.MOVE_TO_TRASH','Move to trash'),(492,'activities.title.of','Reports of {0}'),(493,'mobile.login.title','Cyclos Login'),(494,'errors.invalid','{0} is invalid'),(495,'profile.action.sendInvoice','Send invoice'),(496,'certification.guarantees','Guarantees'),(497,'invoice.search.direction','Type'),(498,'smsLog.title.search','Search SMS messages logs to {0}'),(499,'permission.adminMemberTransactionFeedbacks.view','View'),(500,'memberRecordType.title.insert','New member record type'),(501,'reports.stats.activity.comparePeriods.loginTimes','Logins per member'),(502,'permission.systemPayments.cancel','Cancel'),(503,'reports.stats.transferTypeFilters','Transfer type filters'),(504,'settings.access.usernameGeneration.RANDOM','Generated random number'),(505,'activities.title.my','My reports'),(506,'settings.log.traceWritesOnly','Generate log only if data was changed'),(507,'reports.stats.finances.keyParams','Key parameters for finance statistics'),(508,'permission.adminMemberMessages','Messages'),(509,'multiDropDown.singleItemMessage','1 item selected'),(510,'transactionFee.fromFixedMember.username','Will be charged login name'),(511,'about.message','Information about the Cyclos project can be found at: <a href=\"{0}\"><u>{0}</u></a>'),(512,'externalTransferImport.error.importing.invalidMemberId','Invalid member identifier: {0}'),(513,'activities.brokering.commission.count','Commissioned transactions'),(514,'notificationPreferences.my.title.name','Notification preferences'),(515,'global.searchResults','Search results'),(516,'sms.type.REQUEST_PAYMENT_ERROR','Request payment error'),(517,'payment.error.upperCreditLimit','The payment cannot be performed. For more details please contact the administrator.'),(518,'group.title.new','Insert new group'),(519,'accountHistory.credits.count','Transactions received'),(520,'createMember.initialGroup.preface.public','Please, choose the group you want to participate'),(521,'customField.member.access.MEMBER','Member'),(522,'reports.stats.keydevelopments.numberOfAds.yAxis','Number'),(523,'registrationAgreement.name','Name'),(524,'reports.members.permission_groups','Permission groups'),(525,'customField.size.TINY','Tiny'),(526,'global.pixels','pixels'),(527,'transactionPassword.blocked','The transaction password is now blocked'),(528,'alert.member.DENIED_INVOICES','Member denied too many invoices'),(529,'permission.memberPayments.ticket','Generate external payment tickets'),(530,'loan.title.confirm','Loan confirmation'),(531,'permission.systemTranslation.manage','Manage'),(532,'guarantee.sellerUsername','Seller login'),(533,'payment.firstPaymentDate','First payment at'),(534,'group.account.error.minInitialCredit','The initial credit amount \'{0}\' must be greater o equal to the minimum amount configured in the transfer type: \'{1}\''),(535,'scheduledPayment.title.transfers','Scheduled payment transfers'),(536,'ad.title.insert','New advertisement'),(537,'brokerCommission.type.defaultCommission','Default commission'),(538,'permission.memberReports.view','View'),(539,'accountFee.chargeMode','Charge mode'),(540,'pos.updated','The POS was updated'),(541,'transactionFee.toFixedMember.username','Will receive login name'),(542,'adminTasks.indexes.type.Ad','Advertisements'),(543,'theme.action.select','Apply'),(544,'transfer.processDate','Processed at'),(545,'adCategory.error.cantActivateCategoryWithInactiveParent','A category cannot be activated if it\'s parent category is inactive'),(546,'customField.modified','The custom field was modified'),(547,'adInterest.priceRange','Price range'),(548,'permission.memberAccess','Access'),(549,'adImport.adsWithErrors','Advertisements with errors'),(550,'permission.brokerPreferences.manageNotifications','Manage notifications'),(551,'brokerCommissionContract.status.ACTIVE','Active'),(552,'group.settings.pinBlockTimeAfterMaxTries.number','Pin block time after max tries'),(553,'profile.pendingEmail.link','Resend verification e-mail'),(554,'createMember.assignBroker','Assign broker'),(555,'customField.ad.searchVisibility.NONE','None'),(556,'brokering.loans.count','Open loans'),(557,'mobile.payment.error.maxAmountPerDay','You have already reached the maximum amount today'),(558,'pendingMember.emailResent','The validation e-mail has been resent'),(559,'reports.stats.activity.comparePeriods.percentageNoTrade.row1','% of members not trading'),(560,'transferType.fixedDestinationMember.username','Fixed destination member login name'),(561,'guaranteeType.model','Model'),(562,'ad.search.keywords','Keywords'),(563,'permission.memberPreferences','Preferences'),(564,'ad.error.maxAds','Member {0} has exceeded the maximum allowed advertisements'),(565,'externalAccountHistory.period.end','To date'),(566,'brokerCommissionContract.error.notPendingStatus','It\'s just possible to save pending contracts'),(567,'permission.brokerMemberRecords.delete','Delete'),(568,'transferType.transactionHierarchyVisibility','Show parent / child transactions'),(569,'menu.admin.guarantees.searchCertifications','Certifications'),(570,'settings.message.adExpiration','Ad expiry'),(571,'memberImport.status.INVALID_CREDIT_LIMIT','Invalid credit limit: {0}'),(572,'groupFilter.rootUrl','Application root URL'),(573,'customField.ad.visibility.ADMIN','Administrators only'),(574,'card.action.activate','Activate'),(575,'fieldMapping.field','Field'),(576,'message.search.noResults','You have no messages for the given filters'),(577,'loan.repayment.manualDate','Repayment date'),(578,'cardType.removeConfirmation','Remove this card type?'),(579,'accountHistory.debits.amount','Sum of paid'),(580,'groupFilter.customizedFiles.title','Customized files'),(581,'memberImport.status.SUCCESS','Success'),(582,'reports.members_reports.total_amount','Total amount'),(583,'memberRecordType.removed','The member record type was removed'),(584,'permission.brokerAds.view','View'),(585,'permission.adminMembers.changeUsername','Change login name'),(586,'translationMessage.import.error.reading','Error while reading the properties file'),(587,'login.transactionPassword','Transaction password'),(588,'reports.simulations.aRate.config.combinedGraph.title','A-rate configuration curve'),(589,'menu.member.operators','Operators'),(590,'alert.system.applicationRestarted','Application started'),(591,'guarantee.editGuaranteeType','Edit guarantee type'),(592,'card.status.EXPIRED','Expired'),(593,'menu.member.personal.contacts','Contacts'),(594,'customImage.system.next','Next page icon'),(595,'customField.size.FULL','Full'),(596,'login.systemOffline','The system is currently offline.\nPlease, try again later.\nSorry for the inconvenience.'),(597,'reports.stats.keydevelopments.numberOfMembers','Number of members'),(598,'manual.action.printSection','Print current section'),(599,'invoice.search.direction.OUTGOING','Outgoing'),(600,'group.settings.passwordLength','Password length'),(601,'guarantee.amount','Amount'),(602,'loanGroup.title.view','Loan group details'),(603,'loan.repayment.error.upperCreditLimit','The loan cannot be repaid because it would make the receiving system account to have a balance beyond it\'s upper credit limit'),(604,'permission.systemExternalAccounts.managePayment','Manage payment'),(605,'ad.publicationPeriod.end','Expiry date'),(606,'memberImport.membersWithErrors','Members with errors'),(607,'changePassword.error.sameAsTransactionPasswordOrPin','The password can\'t be the same as transaction password or PIN'),(608,'messageCategory.removed','The message category was removed'),(609,'mobile.error.invalidUser','Invalid user for mobile service'),(610,'certification.error.changeStatus','Can\'t change the certification\'s status to: {0}'),(611,'reports.members_reports.system_invoices','System invoices'),(612,'memberImport.status.INVALID_CUSTOM_FIELD_VALUE_MAX_LENGTH','{0} is invalid: the maximum length is {1}.'),(613,'mobile.welcomeMessage','Please change the following translation key (At the admin section: Translation - Application): mobile.welcomeMessage'),(614,'settings.local.memberSortOrder.CHRONOLOGICAL','Chronological (on creation date)'),(615,'global.tooltip.exportCSV','Export to CSV'),(616,'ad.price','Price'),(617,'certification.inserted','The Certification was created'),(618,'settings.local.language.DUTCH','Dutch'),(619,'externalTransfer.status.PROCESSED','Processed'),(620,'alert.system.accountFeeFinished','Account fee {0} has finished'),(621,'settings.log.scheduledTaskLevel','Scheduled task log level'),(622,'smsMailing.search.noResults','There are no SMS mailings'),(623,'createMember.error.usernameAlreadyInUse','The given login name ({0}) is already in use'),(624,'loanPayment.summary.inProcessPayments','In process payments'),(625,'externalTransfer.status','Status'),(626,'reports.stats.activity.singlePeriod.numberTransactions.row1.short','traders'),(627,'translationMessage.imported','The properties file was imported'),(628,'memberRecord.action.new','Create new {0}'),(629,'loan.status.CLOSED','Closed'),(630,'reports.stats.activity.topten.numberTransactions','Number of transactions'),(631,'menu.member.personal.ads','Advertisements'),(632,'brokerCommissionContract.status.EXPIRED','Expired'),(633,'customField.allSelectedLabel','All selected label'),(634,'memberRecord.modified','The member record was modified'),(635,'settings.log.title','Log settings'),(636,'alert.system.NULL_IRATE','Unexpected null I-rate encountered'),(637,'permission.systemPayments.blockScheduled','Block scheduled payment'),(638,'paymentObligation.title.view','View payment obligation'),(639,'permission.module.type.MEMBER','Member permissions of {0}'),(640,'invoice.destination','Destination'),(641,'alert.system.ACCOUNT_FEE_FINISHED','Account fee finished'),(642,'member.bulkActions.changeBroker','Change broker'),(643,'alert.member.nullIRate','I-rate had unexpected null for account {1}. You may want to reinitialize the i-rate. '),(644,'menu.admin.cards','Cards'),(645,'memberImport.status.MISSING_CUSTOM_FIELD','{0} is missing'),(646,'menu.admin.alerts.member','Member Alerts'),(647,'menu.member.account.memberPayment','Member Payment'),(648,'changeGroup.error.remove.hasOpenInvoices','The member cannot be removed because it has open invoices'),(649,'group.settings.externalAdPublication.ENABLED','Enabled'),(650,'group.title.settings.brokering','Brokering settings'),(651,'permission.brokerSmsMailings.freeSmsMailings','Send free SMS mailings'),(652,'global.weekDay.WEDNESDAY','Wednesday'),(653,'transactionFee.aRateRelation','Relation between fee and A rate'),(654,'externalTransfer.member','Member'),(655,'customField.action.changeOrder','Change field order'),(656,'invite.message','Enter an e-mail address; this person receives an invitation to try out the software'),(657,'home.admin.status.connectedBrokers','Number of connected brokers'),(658,'group.active','Activate group'),(659,'smsLog.count','Sent SMSs'),(660,'accountFeeLog.acceptedInvoices','Accepted invoices'),(661,'smsLog.status','Status'),(662,'pos.pinUnblocked','The PIN was unblocked'),(663,'settings.type.LOG','Log settings'),(664,'errors.greaterThan','{0} must be greater than {1}'),(665,'mobile.payment.description','Description'),(666,'receiptPrinterSettings.beginOfDocCommand','Begin of document command'),(667,'brokering.memberAdded','The member was added'),(668,'permission.brokerMemberPayments.cancelAuthorizedAsMember','Cancel authorized payment as member'),(669,'loanGroup.action.create','Create loan group'),(670,'permission.adminMemberReports.showAccountInformation','Show account information'),(671,'reports.current.invoices.MEMBER.amount','Total sum of member invoices'),(672,'message.sendTo','Send to'),(673,'transactionFee.toFixedMember.name','Will receive full name'),(674,'alert.system.ACCOUNT_FEE_CANCELLED','Account fee cancelled'),(675,'group.settings.transactionPassword','Transaction password'),(676,'customImage.system.mobileLogo','Mobile logo'),(677,'profile.action.mail','Send e-mail'),(678,'login.password','Password'),(679,'permission.systemAccounts.authorizedInformation','View authorized payments'),(680,'adInterest.title.list','List of ad interests'),(681,'permission.adminMembers.remove','Permanently remove'),(682,'cardType.securityCodeBlockTime','Card security code block time'),(683,'loan.expirationFee','Expiry fee'),(684,'settings.local.maxChargebackTime','Max. time to chargeback'),(685,'loan.amount','Amount'),(686,'loan.repayment.paymentNumber','Payment number'),(687,'global.tooltip.view','View'),(688,'reports.current.presentation.result.at','State reports: Results on'),(689,'profile.action.paymentAsMemberToSystem','Payment member to system'),(690,'document.inserted','The document was inserted'),(691,'group.registrationAgreement','Registration agreement'),(692,'member.username','Account ID'),(693,'paymentObligation.expiration','Expiration'),(694,'paymentRequest.title.search','Search payment requests'),(695,'certification.login','Login'),(696,'card.status.PENDING','Pending'),(697,'channel.credentials.TRANSACTION_PASSWORD','Transaction password'),(698,'infoText.removeConfirmation','Remove this infotext?'),(699,'permission.memberAds.view','View'),(700,'pendingMember.title.search','Pending members'),(701,'reference.title.summary.references.of','Summary {0}\'s references'),(702,'accountType.title.list','Accounts'),(703,'accountFee.name','Name'),(704,'accountFee.invoiceMode','Send invoice'),(705,'reports.stats.activity.throughTime.grossProduct','Gross Product per member'),(706,'translationMessage.action.export','Export as properties file'),(707,'mobile.payment.transactionPassword','Trans. Pwd.'),(708,'fileMapping.nature.CUSTOM','Custom'),(709,'guaranteeType.feeType.FIXED','Fixed'),(710,'guaranteeType.authorizedBy.BOTH','Issuer and Administrator'),(711,'accountFeeLog.failedMembers','Errors'),(712,'fieldMapping.action.changeOrder','Change field mappings order'),(713,'currency.dRate.baseMalus','Base malus'),(714,'settings.mail.smtpServer','Hostname'),(715,'reports.simulations.aRate.config.combinedGraph.xAxis','A-rate relative to guarantee period'),(716,'pos.new','Insert new POS'),(717,'fileMapping.modified','File mapping modified'),(718,'transferType.title.modify','Modify transaction type'),(719,'transferType.defaultFeedbackLevel','Feedback level on expiration'),(720,'customField.size.SMALL','Small'),(721,'home.status.openInvoices','You have {0} open invoices'),(722,'posweb.error.notEnoughCredits','The payment couldn\'t be performed'),(723,'payment.confirmation.doExternal','Please, check the data above and click confirm to make the payment'),(724,'group.nature.OPERATOR','Operator'),(725,'paymentFilter.allPaymentFilters','All payment filters'),(726,'transferAuthorization.action.CANCEL','Canceled'),(727,'alert.member.accountActivationFailed','Activation of account {0} has failed'),(728,'group.settings.maxAdsPerMember','Max ads per member'),(729,'reports.stats.paymentFilters.noOverlap','Error: Overlapping payment filters\n\nPlease choose another set of payment filters.\n\nFor details see the help of the filter box.'),(730,'memberImport.status.INVALID_EMAIL','Invalid e-mail: {0}'),(731,'payment.error.maxAmountOnDayExceeded.at','You have already exceeded the maximum amount for transaction {0} at {1}.'),(732,'invoice.title.send.system','Send invoice to system'),(733,'profile.action.manageAds','Manage advertisements'),(734,'settings.local.numberLocale.COMMA_AS_DECIMAL','1.234,56'),(735,'permission.operatorPayments.cancelAuthorized','Cancel payment authorization'),(736,'settings.local.sms.customField','Custom field representing the mobile phone'),(737,'loan.discarded','The discarding was succesfully processed'),(738,'loan.status.OPEN','Open'),(739,'payment.title.brokerMemberToMember','Payment between members'),(740,'memberRecordType.name','Name'),(741,'remark.title','Remarks of {0}'),(742,'permission.brokerPreferences','Preferences'),(743,'brokerCommissionContract.status.SUSPENDED','Suspended'),(744,'permission.systemInfoTexts.manage','Manage'),(745,'reference.transactionFeedback.replyComments.saved','The transaction feedback reply was saved'),(746,'accountFee.description','Description'),(747,'adImport.status.INVALID_PUBLICATION_END','Invalid publication end date: {0}'),(748,'permission.adminMemberTransactionFeedbacks.manage','Manage'),(749,'changePin.pinLength','Choose a pin with {0} characters'),(750,'accountType.nature.SYSTEM','System'),(751,'notificationPreferences.freeSmsUsed','You have used {0} of {1} free SMS messages this month'),(752,'menu.admin.accessDevices.cards.search','Search cards'),(753,'currency.enableDRate','Enable D-rate'),(754,'reports.stats.activity.histogram.grossProduct.title','Gross Product per member, Histogram'),(755,'loan.grant.firstExpirationDate','First expiry date'),(756,'alert.system.newVersionOfStaticFile','There is a new version of a customized static file, {0}.\nPlease, check the customization in order to resolve possible conflicts'),(757,'permission.systemChannels.view','View'),(758,'certification.expires','Expires'),(759,'reports.stats.general.notUsed','not used'),(760,'authorizationLevel.adminGroups.none','None'),(761,'account.status','Status'),(762,'notificationPreferences.title.name','Notification preferences of {0}'),(763,'accountFeeLog.status','Status'),(764,'accountHistory.title.print','Transactions on {0}'),(765,'invoice.status.CANCELLED','Cancelled'),(766,'login.error','Invalid login. Please try again'),(767,'loan.paymentCount','Number of repayments'),(768,'permission.systemInfoTexts.view','View'),(769,'notificationPreferences.acceptFreeMailing','Accept free SMS mailings'),(770,'settings.message.newPendingPaymentByBroker','New payment for broker to authorize'),(771,'permission.adminMemberLoans.grant','Grant loan'),(772,'group.registrationAgreement.explanation','In order to proceed and use the software, you must accept the following registration agreement first:'),(773,'permission.systemGroups.manageBroker','Manage broker group'),(774,'brokering.title.addMember','Add member'),(775,'settings.local.limits','Limits'),(776,'alert.member.INITIAL_CREDIT_FAILED','Initial credit transaction failed'),(777,'changeGroup.old','Old group'),(778,'document.nature.DYNAMIC','Dynamic'),(779,'permission.adminMemberPos.unblockPin','Unblock PIN'),(780,'permission.memberLoans','Loans'),(781,'transfer.title.children','Generated transaction details'),(782,'certification.issuerName','Issuer name'),(783,'adImport.status.INVALID_PUBLICATION_START','Invalid publication start date: {0}'),(784,'reports.stats.general.p','p-value'),(785,'adImport.status.MAX_PUBLICATION_EXCEEDED','Max publication period exceeded'),(786,'scheduledPayment.title.details','Scheduled payment details'),(787,'memberRecord.title.flat','{0} for {1}'),(788,'fieldMapping.inserted','Field mapping inserted'),(789,'reports.members_reports.outgoing_transactions','Debit transactions'),(790,'global.quarter.SECOND','Second quarter'),(791,'certification.unlock','Unlock'),(792,'permission.brokerMemberSms','SMS logs'),(793,'permission.brokerAds.manage','Manage'),(794,'permission.systemAdCategories','Ad categories'),(795,'settings.message.scheduledPaymentFailedToPayer','Scheduled payment failed (to payer)'),(796,'cardType.showCardSecurityCode','Display the card security code'),(797,'reference.title.new.transactionFeedback','Set transaction feedback'),(798,'settings.message.scheduledPaymentFailedToPayee','Scheduled payment from invoice failed (to payee)'),(799,'permission.basic.login','Login'),(800,'changePassword.error.userBlocked','Your login has been temporarily blocked'),(801,'reports.current.invoices.SYSTEM_OUTGOING.amount','Sum of outgoing system invoices'),(802,'transactionPassword.error.blocked','Your transaction password is blocked.\nPlease, contact the administration.'),(803,'reports.stats.activity.comparePeriods.grossProduct','Gross Product per member'),(804,'permission.adminMemberPreferences','Preferences'),(805,'permission.memberPayments.request','Request payments from other channels'),(806,'externalAccountHistory.search.noResults','You have no transfers for the given filters'),(807,'guaranteeType.currency','Currency'),(808,'guarantee.amountToCharge','To charge'),(809,'reports.stats.keydevelopments.throughTime.quarters','Through quarters'),(810,'certification.modified','The Certification was modified'),(811,'loan.type.SINGLE_PAYMENT','Single payment'),(812,'paymentObligation.expire','Expired'),(813,'settings.message.removedFromBrokerGroup','Removed from broker group'),(814,'home.admin.jumpToProfile.title','Jump to member profile'),(815,'fieldMapping.field.IGNORED','Ignored'),(816,'pos.assigned','POS assigned to member {0}'),(817,'help.title.translation','Translation'),(818,'brokerCommissionContract.status','Status'),(819,'payment.error.noTransferType','There is no possible type for this payment.\nPlease, contact the administration.'),(820,'settings.local.transactionNumber','Transaction number'),(821,'permission.memberInvoices.view','View'),(822,'smsMailing.variables','Variables'),(823,'menu.member.search','Search'),(824,'permission.systemAccounts','Accounts'),(825,'conversionSimulation.aRate.present','Present A rate'),(826,'mobile.viewPayments.transactionNumber','Tx. Nr.'),(827,'permission.systemCustomImages.manage','Manage'),(828,'menu.member.operators.customFields','Custom fields'),(829,'loan.title.search.group','Loans of group {0}'),(830,'account.lowUnitsMessage','Low units message'),(831,'group.modified','The group was modified'),(832,'alert.system.RATE_INITIALIZATION_STARTED','rate initialization job started'),(833,'customField.payment.searchAccess','Show in search'),(834,'global.month.DECEMBER','December'),(835,'mobile.viewPayments.previous','Prev.'),(836,'group.title.modify.broker','Edit broker group settings'),(837,'sms.type.INFO_TEXT_ERROR','Info text error'),(838,'groupFilter.loginPageName','Login page name'),(839,'settings.mail.modified','The mail settings were modified'),(840,'image.details.hint','Fill in the image caption'),(841,'group.nature.MEMBER','Member'),(842,'message.action.MARK_AS_UNREAD','Mark as unread'),(843,'accountType.nature','Type'),(844,'reports.stats.activity.histogram.numberTransactions.title','Number of Transactions per member, Histogram'),(845,'ad.description','Description'),(846,'brokerCommissionContract.member','Member'),(847,'reports.stats.keydevelopments.numberOfAds.active','Active ads '),(848,'permission.systemCustomizedFiles.view','View'),(849,'customImage.system.message_read','Read message icon'),(850,'permission.systemTasks.manageIndexes','Manage indexes'),(851,'createMember.public.validated','Thanks for registering!\n\nYou can now login with the login name {0}'),(852,'adInterest.groupFilter','Community'),(853,'sms.type.HELP.description','Help'),(854,'smsMailing.type.FREE','Free'),(855,'group.title.settings.externalAccess','External access settings'),(856,'ad.status','Status'),(857,'accountType.all','All'),(858,'mobile.home.creditLimit','Limit: {0}'),(859,'reports.stats.taxes.maxMember','Maximum Amount for a member'),(860,'permission.adminMemberPayments.cancelAuthorizedAsMember','Cancel authorized payment as member'),(861,'customImage.removed','The image was removed'),(862,'settings.local.language','Language'),(863,'rates.reinit.maintainLast','Maintain past settings'),(864,'changeGroup.error.remove','This user cannot be permanently removed, because he has been active on the system.\nYou should move him to a removed group'),(865,'permission.systemTranslation.manageMailTranslation','Mail translation'),(866,'reports.members.ads.scheduled_ads','Scheduled ads'),(867,'webshop.payment.cancelConfirmation','Confirm'),(868,'customField.validation','Validation'),(869,'loanGroup.loanGroup','Loan group'),(870,'profile.member.brokerLink','Open profile'),(871,'guarantee.issuer','Issuer'),(872,'permission.systemAlerts.viewSystemAlerts','View system alerts'),(873,'permission.systemTasks.onlineState','Set system availability'),(874,'createMember.title.byBroker','Brokering - Create new member'),(875,'loan.summary.remainingAmount','Total remaining amount'),(876,'reports.current.n_actvads','Number of active advertisements'),(877,'externalTransferType.action.GENERATE_SYSTEM_PAYMENT','Generate payment to system'),(878,'permission.adminMembers.changeEmail','Change e-mail'),(879,'reports.stats.keydevelopments.numberOfAds.created.short','created'),(880,'reports.stats.activity.histogram.grossProduct.xAxis','Gross Product'),(881,'sms.type.HELP_ERROR.description','Help error'),(882,'transactionFee.initialAmount','Amount greater or equals'),(883,'payment.action.payNow','Pay now'),(884,'message.sendTo.GROUP','Group(s)'),(885,'changeGroup.operator.changed','The operator\'s group was changed'),(886,'reports.stats.finances.ThroughTime.income.yAxis','Income'),(887,'notificationPreferences.sms','SMS'),(888,'loan.summary.amount','Total amount'),(889,'menu.operator.account.scheduledPayments','Scheduled payments'),(890,'permission.adminMemberAds.view','View'),(891,'group.title.search','Search permission groups'),(892,'settings.access.externalPaymentPassword.LOGIN_PASSWORD','Login'),(893,'permission.brokerRemarks.manage','Manage'),(894,'permission.systemAccounts.information','View system accounts information'),(895,'accountFeeLog.payments','Payments'),(896,'settings.log.scheduledTaskFile','Scheduled task logfile path / name'),(897,'help.title.reports','Reports'),(898,'document.modified','The document was modified'),(899,'changePassword.error.mustBeNumeric','The password can only contain numbers'),(900,'cardType.cardSecurityCodeLength.min','Card security code min size'),(901,'accountFee.removed','The account fee was removed'),(902,'reports.simulations.aRate.config.graph.yAxis','Fee'),(903,'admin.id','Id'),(904,'settings.alert.givenVeryBadRefs','Given very bad references'),(905,'permission.systemTranslation.file','Import / export to file'),(906,'message.rootType.MEMBER','Member'),(907,'document.visibility.BROKER','Broker'),(908,'menu.admin.usersGroups.groups','Permission Groups'),(909,'transferType.allowBlockScheduledPayments','Allow payer to block scheduled payments'),(910,'ad.error.maxPublicationTimeExceeded','The maximum publication time has been exceeded'),(911,'creditLimit.new','New'),(912,'scheduledPayments.searchType.INCOMING','Incoming'),(913,'alert.system.INDEX_REBUILD_END','Search index rebuilding end'),(914,'help.title.connected_users','Connected Users'),(915,'certification.title.view','View Certification'),(916,'permission.operatorInvoices.sendToSystem','Send to system'),(917,'account.initialCredit','Initial credit'),(918,'transfer.scheduling','Scheduling'),(919,'menu.admin.ads.importAds','Import advertisements'),(920,'ad.status.PERMANENT','Permanent'),(921,'sms.type.REQUEST_PAYMENT_ERROR.description','Request payment error'),(922,'accountHistory.credits.amount','Sum of received'),(923,'loanGroup.removeFromMemberConfirmation','Remove the member from this loan group?'),(924,'card.updateCard.error.invalidTransactionPassword','Incorrect transaction password'),(925,'adImport.status.INVALID_CUSTOM_FIELD','{0} is invalid: {1}'),(926,'posweb.action.makePayment','Make payment (F3)'),(927,'loan.awaitingAuthorization','The loan has been submitted for further authorization'),(928,'accountOverview.error.noAccounts','You have no accounts'),(929,'infoText.title.edit','Edit info text'),(930,'customImage.system.dropdown','Dropdown icon'),(931,'customField.title.modify.loan','Modify loan custom field'),(932,'customImage.system.edit_gray','Edit empty icon'),(933,'permission.module.type.ADMIN_SYSTEM','System administration permissions of {0}'),(934,'reports.stats.activity.singlePeriod.numberTransactions.title','Number of Transactions per member (single period)'),(935,'invoice.invalid.paymentAmount','The invoice amount must be the same as the sum of each payment\'s amount'),(936,'settings.access.error.numericPassword.groupsRequireLetters','{0} cannot be enabled because there is at least one member group which enforces letters on passwords'),(937,'changeGroup.confirmRemove','Changing a member to group {0} will remove all\nadvertisements, contacts and references of this member.\n\nAre you sure?'),(938,'serviceClient.permissions','Permissions'),(939,'serviceClient.username','HTTP username'),(940,'conversionSimulation.useActualRates','Use actual rates'),(941,'customImage.title.system','System images'),(942,'customField.memberRecord.memberRecordType','Type'),(943,'global.datePattern.hour','hh'),(944,'reports.stats.finances.income','Income'),(945,'memberRecord.title.edit','Edit {0} for {1}'),(946,'menu.admin.alerts.alertHistory','Alerts History'),(947,'card.expirationPeriod.to','To'),(948,'authorizationLevel.authorizer.BROKER','Broker / admin'),(949,'reports.stats.activity.whatToShow.THROUGH_TIME','Through the time'),(950,'menu.admin.contentManagement.helpFiles','Help Files'),(951,'pin.unblocked','The pin has been unblocked'),(952,'group.customizedFiles.title.modify','Modify customized file for {0}'),(953,'cardType.cardSecurityCode.MANUAL','Manual'),(954,'currency.error.removing','The currency could not be removed, because there are account types associated with this currency'),(955,'adImport.title.details.error','Advertisements with import errors'),(956,'profile.pendingEmail','Change to {0} is pending confirmation'),(957,'transactionPassword.MANUAL','Manual'),(958,'externalTransferType.action.IGNORE','None'),(959,'order.save','Save'),(960,'permission.basic.inviteMember','Invite member'),(961,'settings.types','Types'),(962,'permission.systemThemes.export','Export'),(963,'remark.inserted','The remark was inserted'),(964,'channel.title.modify','Modify channel'),(965,'menu.operator.member.references','References'),(966,'reports.stats.taxes.paid.legend','Show statistics on taxes...'),(967,'createOperator.password','Password'),(968,'memberImport.status.INVALID_RECORD_TYPE','Invalid record type: {0}'),(969,'permission.memberCards.cancel','Cancel'),(970,'connectedUsers.nature','Show'),(971,'reports.stats.activity.throughTime.loginTimes.col1','Logins / member'),(972,'pos.title.search','Search POS'),(973,'infoText.enabled','Enabled'),(974,'permission.systemMessageCategories','Message categories'),(975,'externalAccount.inserted','The external account was inserted'),(976,'settings.neverExpiresMessage','0 never expires'),(977,'customizedFile.title.search.static','Customized static files'),(978,'ad.tradeType.SEARCH','Wants'),(979,'message.link.label','Click here'),(980,'reports.stats.keydevelopments.averageAmountPerTransaction','Median amount per transaction'),(981,'smsMailing.sendType.member','To member'),(982,'conversionSimulation.account','Take values from'),(983,'quickAccess.updateProfile','My profile'),(984,'customField.possibleValue.multipleValues','You may enter several values, one per line'),(985,'channel.enableSMS','For SMS channel configuration, go to '),(986,'guarantee.generatedLoan','Generated loan'),(987,'menu.member.broker.pendingMembers','Pending members'),(988,'reports.stats.activity.histogram.numberTransactions.xAxis','Number of Transactions'),(989,'brokerCommissionContract.action.cancel','Cancel'),(990,'customField.possibleValue.field','Field'),(991,'loan.queryStatus.RECOVERED','Recovered'),(992,'adCategory.import.file','File'),(993,'reports.stats.keydevelopments.numberOfAds.scheduled','Scheduled ads'),(994,'externalTransferType.transferType','Payment Type'),(995,'group.title.settings.registration','Registration settings'),(996,'fileMapping.removed','File mapping removed'),(997,'global.amount.type.FIXED','Fixed'),(998,'cardType.cardSecurityCodeLength.max','Card security code max size '),(999,'settings.local.title','Local settings'),(1000,'group.account.noResults','This group has no associated accounts'),(1001,'help.title.messages','Messages'),(1002,'customField.name','Name'),(1003,'conversionSimulation.result.input','Input'),(1004,'ad.title.view','Advertisement details'),(1005,'global.uploadLimit','max'),(1006,'reports.current.references.total','Total amount of references given'),(1007,'alert.title.member','Member alerts'),(1008,'permission.brokerAccounts.authorizedInformation','View authorized payments'),(1009,'category.status','Status'),(1010,'card.blockCard.confirmation','Block card?'),(1011,'permission.brokerMembers','Brokering'),(1012,'reports.stats.general.appliedFilters','Applied filters'),(1013,'guaranteeType.updated','Guarantee type updated'),(1014,'permission.adminMemberCards.unblockSecurityCode','Unblock card security code'),(1015,'profile.action.scheduledPayments','View scheduled payments'),(1016,'menu.admin.home','Home'),(1017,'customField.member.access.MEMBER_NOT_REGISTRATION','Member, not at registration'),(1018,'reports.stats.keydevelopments.periodType.THROUGH_TIME','Through time'),(1019,'certificationLog.status','Status'),(1020,'ad.status.SCHEDULED','Scheduled'),(1021,'group.settings.pinLength','Pin length'),(1022,'guarantee.sellerName','Seller name'),(1023,'creditLimit.upper','Upper'),(1024,'reports.members.references','References'),(1025,'permission.brokerPos.block','Block'),(1026,'webshop.payment.headerText','You are about to make payment with the amount of {0} to {1} ({2}).'),(1027,'menu.admin.contentManagement.manageTranslation','Translation File'),(1028,'adImport.status.MISSING_PUBLICATION_PERIOD','Missing publication period'),(1029,'accountFee.paymentDirection.TO_SYSTEM','Member to system'),(1030,'fieldMapping.modified','Field mapping modified'),(1031,'document.title.list','Custom document list'),(1032,'reports.members.ads.active_ads','Active ads'),(1033,'customField.member.access.REGISTRATION','Member registration'),(1034,'infotext.subject','Title'),(1035,'error.permissionDenied','You don\'t have sufficient permissions to perform this action'),(1036,'permission.modified','The permissions were modified'),(1037,'pos.title.modify','Modify POS'),(1038,'permission.brokerLoanGroups.view','View'),(1039,'settings.message.loanGranted','Loan grant'),(1040,'group.settings.defaultAdPublicationTime','Default ad publication time'),(1041,'customizedFile.title.customize.static','Customize static file'),(1042,'settings.local.csv.stringQuote.NONE','None'),(1043,'ad.search.withImagesOnly','With images only'),(1044,'adInterest.keywords','Keywords'),(1045,'settings.log.transactionLevel.DETAILED','Detailed'),(1046,'transactionFee.whichBroker','Will receive'),(1047,'loanPayment.status.REPAID','Repaid'),(1048,'reports.stats.comparedPeriods','Compared periods'),(1049,'mailPreferences.saved','The e-mail notification preferences were saved'),(1050,'permission.systemAdminGroups.view','View'),(1051,'reports.stats.finances.title','Statistics of finances...'),(1052,'memberImport.status.MISSING_EMAIL','Missing e-mail'),(1053,'posweb.client.pin','Client PIN'),(1054,'ad.title.categories','Browse by category'),(1055,'help.title.help_howto','Helps howto'),(1056,'menu.member.broker.registerMember','Register member'),(1057,'permission.systemCardTypes','Card Types'),(1058,'permission.adminMemberBulkActions.generateCard','Generate card'),(1059,'reports.stats.keydevelopments.throughTime.selectMonths','Select months and years'),(1060,'permission.brokerPos.assign','Assign'),(1061,'loanGroup.removeMemberConfirmation','Remove this member from the loan group?'),(1062,'creditLimit.normal','Lower'),(1063,'reports.transactions_report.transactions','{0}: {1} of {2} transactions'),(1064,'customField.size.DEFAULT','Default'),(1065,'customField.member.indexing.NONE','Do not include'),(1066,'transactionFee.allBrokerGroups','All broker groups'),(1067,'settings.access.poswebTimeout','PosWeb session timeout'),(1068,'settings.message.posPinBlocked','POS PIN blocked by invalid trials'),(1069,'reports.stats.activity.topten.grossProduct.title','Top ten of gross product per member'),(1070,'settings.mail.smtpPort','Port'),(1071,'global.add','Add'),(1072,'settings.mail.mailValidation','Public registration e-mail validation'),(1073,'scheduledPayment.transferNumber','{0} of {1}'),(1074,'alert.member.blockedPosUsed','Attempt to use blocked POS with id {0} from IP {1}'),(1075,'permission.adminMemberTransactionFeedbacks','Transaction feedbacks'),(1076,'createMember.newCaptcha','New code'),(1077,'profile.action.manageReferences','Manage references'),(1078,'guaranteeType.action.new','Create guarantee type'),(1079,'transactionFee.enabled','Enabled'),(1080,'permission.adminMemberInvoices.sendAsMemberToMember','Send as member to member'),(1081,'permission.systemMessageCategories.manage','Manage'),(1082,'permission.module.type.BASIC','Basic permissions of {0}'),(1083,'permission.adminMemberSmsMailings.freeSmsMailings','Send free mailings'),(1084,'brokerCommissionContract.accepted','The broker commission contract was accepted'),(1085,'translationMessage.import.confirmation','Are you sure to import keys from the selected file?'),(1086,'transferType.fields.action.new','Insert new custom field'),(1087,'customImage.system.checked','External payment: checked'),(1088,'theme.message.import','Import theme from a file'),(1089,'settings.log.transactionLevel.NORMAL','Normal'),(1090,'operator.group','Group'),(1091,'ad.tradeType.OFFER','Offer'),(1092,'global.quarter.FOURTH','Fourth quarter'),(1093,'transferType.transactionHierarchyVisibility.BROKER','To administrators and brokers'),(1094,'cardType.action.new','Insert new card type'),(1095,'posweb.searchTransactions.print','Click here or press F4 to print'),(1096,'cardType.title.insert','New card type'),(1097,'memberPos.allowMakePayment','Allow make payment'),(1098,'conversionSimulation.result.nofees','No fees found...'),(1099,'certification.status.CANCELLED','Canceled'),(1100,'group.settings.maxTransactionPasswordWrongTries','Max transaction password tries'),(1101,'virtualKeyboard.capsLock','Caps Lock'),(1102,'accountFeeLog.finishDate','Finished at'),(1103,'reports.stats.general.whatToShow','What to show?'),(1104,'customField.operator.visibility','Visibility to operator'),(1105,'alert.system.accountFeeRunning','Account fee {0} is running'),(1106,'profile.action.authorizedPayments','Authorized payments'),(1107,'reports.members.accounts.balances','Accounts balances'),(1108,'menu.admin.contentManagement.applicationPage','Application pages'),(1109,'menu.operator.logout','Logout'),(1110,'smsMailing.sent','The SMS mailing is now being sent'),(1111,'activities.rates.asFeePercentage','Resulting in present conversion fee of: '),(1112,'alert.member.GIVEN_VERY_BAD_REFS','Member gave too many \'very bad\' references'),(1113,'guarantee.buyerName','Buyer name'),(1114,'transferType.confirmationMessage','Confirmation message'),(1115,'payment.error.maxAmountOnDayExceeded','You have already exceeded the maximum amount today for transaction {0}.'),(1116,'receipt.transfer.scheduledFor','Scheduled for: {0}'),(1117,'receipt.posweb.transactions.member','{0}'),(1118,'reports.stats.keydevelopments.grossProduct.yAxis','Gross Product (units)'),(1119,'customField.payment.listAccess','Show in list results'),(1120,'permission.brokerDocuments.manageMember','Manage member individual documents'),(1121,'settings.local.transactionNumber.padLength','Identifier length'),(1122,'menu.admin.messages.smsMailings','SMS mailings'),(1123,'transactionPassword.title','Transaction password'),(1124,'group.customizedFiles.noResults','This group has no customized files'),(1125,'permission.adminMemberInvoices.denyAsMember','Deny invoice as member'),(1126,'payment.cancel.transactionPassword','In order to cancel this payment, you must supply your transaction password'),(1127,'activities.loans.amount','Total loan remaining amount'),(1128,'externalAccountHistory.button.toImportList','To import list'),(1129,'card.user.of','Cards of {0}'),(1130,'global.datePattern.minute','mm'),(1131,'permission.adminMemberBrokerings.viewLoans','View loan details in members list (print)'),(1132,'externalTransfer.lineNumber','Line number'),(1133,'settings.message.transactionFeedbackReply','Transaction feedback replied'),(1134,'accountFee.title.memberSearch','Members search'),(1135,'permission.adminMemberDocuments.details','View documents'),(1136,'authorizationLevel.authorizer.PAYER','Payer'),(1137,'mobile.home.availableBalance','Available: {0}'),(1138,'paymentObligation.next','Next'),(1139,'menu.admin.reports.current','State overview'),(1140,'externalAccountHistory.error.cannotMarkExternalTransferAsUnchecked','Only checked transfers can be marked as unchecked'),(1141,'generateCard.generateForMemberWithPendingCard','Generate for members with pending card?'),(1142,'menu.admin.contentManagement.systemImages','System Images'),(1143,'payment.status.FAILED','Failed'),(1144,'adImport.title.newCategories','New categories'),(1145,'customField.ad.searchVisibility.BASIC','Basic search'),(1146,'admin.lastLogin','Last login'),(1147,'paymentRequest.error.sending','The payment request could not be sent'),(1148,'permission.systemCustomImages.view','View'),(1149,'accountFeeLog.stillRunning','Still running...'),(1150,'smsMailing.type','Type'),(1151,'ticket.status.OK','Success'),(1152,'reports.stats.taxes.volume','Volume'),(1153,'accountFee.modified','The account fee was modified'),(1154,'changePassword.error.mustContainOnlyLettersOrNumbers','The login password only allows letters and number'),(1155,'permission.systemPayments','System payments'),(1156,'settings.local.datePattern','Date format'),(1157,'settings.local.maxThumbnailSize','Max. thumbnail size'),(1158,'menu.member.guarantees.searchCertifications','Certifications'),(1159,'paymentFilter.title','Payment filter'),(1160,'customField.title.insert.payment','New custom field for {0}'),(1161,'loanPayment.status.UNRECOVERABLE','Unrecoverable'),(1162,'accountFee.enabled','Enabled'),(1163,'permission.brokerAccounts.scheduledInformation','View scheduled payments'),(1164,'customizedFile.removed','The file is no longer customized'),(1165,'alert.system.RATE_INITIALIZATION_FAILED','Rate initialization job on currency {0} failed due to an encountered exception.'),(1166,'permission.brokerAccounts','Account'),(1167,'settings.log.webServiceLevel.OFF','Off'),(1168,'settings.access.modified','The access settings were modified'),(1169,'alert.system.INDEX_REBUILD_START','Search index rebuilding start'),(1170,'memberRecordType.description','Description'),(1171,'adCategory.name','Name'),(1172,'reports.stats.keydevelopments.numberOfAds.title','Developments in number of ads'),(1173,'permission.brokerMemberPayments.blockScheduledAsMember','Block scheduled payment as member'),(1174,'profile.action.disconnect','Disconnect logged user'),(1175,'receiptPrinterSettings.title.modify','Modify receipt printer settings'),(1176,'changePin.pinLengthRange','Choose a pin with a lenght between {0} and {1} characters'),(1177,'transactionFee.title.broker.insert','Insert broker commission'),(1178,'pos.unblockPos.confirmation','Activate the POS?'),(1179,'payment.error.sameAccount','The destination account must be different from the source account'),(1180,'group.settings.passwordPolicy.AVOID_OBVIOUS_LETTERS_NUMBERS_SPECIAL','Require letters, numbers and special'),(1181,'settings.mail.smtpUsername','Login name'),(1182,'permission.systemDocuments.view','View'),(1183,'loan.repaymentDays','Default repayment days'),(1184,'guarantee.allowLoanPayment','Allow loan payment'),(1185,'adCategory.parent','Parent'),(1186,'invoice.transferType','Payment type'),(1187,'reports.members_reports.transactions.accountTypesRequired','It\'s necessary to select at least one account type'),(1188,'accountHistory.period.begin','From date'),(1189,'customImage.system.mobileSplash_large','Mobile: large splash image'),(1190,'createMember.public.awaitingActivation','Thanks for registering!\n\nYour account has been created and needs\nto be activated by the administration.'),(1191,'reports.stats.keydevelopments.transactionAmount.highest.short','highest'),(1192,'loan.search.status','Filter'),(1193,'conversionSimulation.result.input.arate','Applied A-rate'),(1194,'changePassword.resetAndErrorSending','The password was reset, however, the mail could not be sent to member'),(1195,'profile.action.manageNotifications','Manage notifications'),(1196,'memberImport.status.INVALID_CUSTOM_FIELD','{0} is invalid: {1}'),(1197,'groupFilter.viewableBy','Viewable by'),(1198,'permission.brokerRemarks.view','View'),(1199,'reports.members_reports.account_type','Account type'),(1200,'alert.system.adminLoginBlockedByPermissionDenieds','The admin \'{0}\' login is temporarily blocked by exceeding the maximum amount of permission denied. The remote IP address is {2}'),(1201,'transferType.transferListenerClass','Invoke Java class'),(1202,'transferType.reserveTotalAmountOnScheduling','Reserve total amount on scheduled payments'),(1203,'loanGroup.description','Description'),(1204,'menu.admin.usersGroups.importMembers','Import members'),(1205,'reports.stats.keydevelopments.numberOfAds.active.short','active'),(1206,'externalAccount.modified','The external account was modified'),(1207,'paymentObligation.pack.details','You must select a payment obligation set that not exceed the maximun period'),(1208,'reports.stats.keydevelopments.throughTime.years','Through years'),(1209,'sms.type.INFO_TEXT','Info text'),(1210,'messageCategory.noMessageCategories','No message categories available!'),(1211,'createMember.public.awaitingMailValidation','Thanks for registering.\n\nIn order to validate the e-mail address you have entered, a mail is being sent to you, with instructions on how to proceed'),(1212,'global.send','Send'),(1213,'smsMailing.error.noMobilePhone','The selected member has no mobile phone'),(1214,'errors.maxLength','{0} cannot be greater than {1} characters'),(1215,'connectedUsers.remoteAddress','IP address'),(1216,'paymentObligation.seller','Seller'),(1217,'reports.members.references.received','Received references'),(1218,'global.month.SEPTEMBER','September'),(1219,'permission.operatorMessages','Messages'),(1220,'guaranteeType.error.invalidAuthorizedBy','Invalid authorizer for the selected model. Only Issuer or Both are accepted.'),(1221,'permission.adminMemberRecords.view','View'),(1222,'card.update.confirmation','Confirmation'),(1223,'menu.operator.member.transactionFeedbacks','Transaction feedbacks'),(1224,'global.print','Print'),(1225,'settings.mail.fromMail','From address'),(1226,'menu.operator.account.memberPayment','Member Payment'),(1227,'certificationLog.date','Date'),(1228,'smsMailing.type.PAID','Paid'),(1229,'transfer.ticket','Ticket'),(1230,'profile.admin.title.of','Admin profile of {0}'),(1231,'group.settings.passwordTries.deactivationTime.field','Deactivation time (unit) after max password tries'),(1232,'permission.brokerMemberAccess.resetPassword','Reset login password'),(1233,'authorizationLevel.authorizer.RECEIVER','Receiver'),(1234,'accountFee.action.new','Insert new account fee'),(1235,'guaranteeLog.date','Date'),(1236,'permission.operatorPayments.paymentToSelf','Self payments'),(1237,'permission.systemAdminPermissions.view','View'),(1238,'adImport.status.INVALID_PRICE','Invalid price: {0}'),(1239,'serviceOperation.ACCOUNT_DETAILS','Access account details'),(1240,'group.account.title','Group accounts'),(1241,'card.status.BLOCKED','Blocked'),(1242,'transfer.title.parent','Parent transaction details'),(1243,'externalAccountHistory.amountRange.begin','From amount'),(1244,'guaranteeType.disabled.tooltip','Guarantee type disabled'),(1245,'profile.admin.title.my','My admin profile'),(1246,'global.clear','Clear'),(1247,'changeGroup.new','New group'),(1248,'serviceClient.inserted','The web services client was inserted'),(1249,'profile.action.memberPos','Manage POS'),(1250,'global.pagination.single.page','{0} result(s)'),(1251,'menu.operator.account.memberInvoice','Member Invoice'),(1252,'customField.title.modify.operator','Modify operator custom field'),(1253,'theme.style.MOBILE','Mobile'),(1254,'settings.local.csv.valueSeparator','Value separator'),(1255,'activities.references.received','Received'),(1256,'reports.stats.general.submit','Show statistics'),(1257,'loan.repaymentDate','Repayment date'),(1258,'permission.adminMemberInvoices.acceptAsMember','Accept invoice as member'),(1259,'reference.level.select','Select value'),(1260,'message.rootType.ADMIN','Administration'),(1261,'infoText.removed','Infotext removed.'),(1262,'defaultBrokerCommission.noCustomizedByBroker','This commission was not customized by the broker yet and is subject to changes by administration'),(1263,'brokerCommissionContract.status.PENDING','Pending'),(1264,'settings.local.extra','Extra'),(1265,'permission.adminMemberLoans.view','View member loans'),(1266,'profile.member.hide','Hide'),(1267,'loan.status.IN_PROCESS','In Process'),(1268,'remark.comments','Comments'),(1269,'message.subject','Subject'),(1270,'mobile.payment.confirmation','Payment of {0} to {1}.{2}'),(1271,'customField.control.CHECKBOX','Check box'),(1272,'externalAccountHistory.period.begin','From date'),(1273,'permission.memberCards.unblock','Unblock'),(1274,'createAdmin.created','The administrator has been created'),(1275,'image.details.drag.hint','Drag images to set order, and fill in the caption on the fields'),(1276,'guaranteeType.fee.paidBy','Paid by '),(1277,'adminTasks.indexes.type.Operator','Operators'),(1278,'receipt.posweb.transactions.transfer','{0} {1} {2} {3}'),(1279,'reports.stats.finances.income.short','Income'),(1280,'transactionFee.when','When commission is paid'),(1281,'settings.neverDeleteMessage','0 never delete'),(1282,'menu.admin.accounts','Accounts'),(1283,'customField.memberRecord.brokerAccess','Broker access'),(1284,'changeGroup.member.changed.mailError','The member\'s group was changed, however, the activation mail could not be sent'),(1285,'element.search.keywords','Keywords'),(1286,'ad.view.categories','View categories'),(1287,'group.settings.defaultChannels','Default channels'),(1288,'group.settings.smsFree','Free SMS'),(1289,'reference.removeConfirmation','Remove reference?'),(1290,'global.params','Parameters'),(1291,'settings.imported','The settings were imported'),(1292,'ad.permanent','Not expirable'),(1293,'memberRecord.user','User'),(1294,'permission.memberCards','Cards'),(1295,'paymentFilter.title.insert','Insert payment filter for {0}'),(1296,'customizedFile.title.search.css','Customized style sheets'),(1297,'payment.denied','The payment has been denied'),(1298,'permission.operatorReferences','References'),(1299,'conversionSimulation.result.initialAmount','Amount to convert'),(1300,'certification.action.create','Create certification'),(1301,'reports.stats.keydevelopments.highestAmountPerTransaction.yAxis','Highest amount / trans.'),(1302,'card.cancelCard.confirmation','Cancel card?'),(1303,'guaranteeType.pendingGuaranteeExpiration.tooltip','Means the maximum time for an issuer/administrator to authorize a pending guarantee'),(1304,'permission.adminMemberMessages.sendToMember','Send to member'),(1305,'menu.member.broker','Brokering'),(1306,'global.min','Min.'),(1307,'memberImport.status.USERNAME_ALREADY_IN_USE','Username already in use: {0}'),(1308,'menu.admin.contentManagement.cssFiles','CSS Files'),(1309,'ticket.status','Status'),(1310,'activities.sinceActive','Member since'),(1311,'reports.members.ads.permanent_ads','Permanent ads'),(1312,'loanPayment.repaidAmount','Repaid'),(1313,'brokerCommissionContract.status.DENIED','Denied'),(1314,'accountFee.invoiceMode.ALWAYS','Always (do not automatically charge member)'),(1315,'settings.message.messageMailSuffixPlain','Plain text mail body suffix'),(1316,'memberPos.numberOfCopies','Number of receipts'),(1317,'accountType.title.modify.system','Modify system account type'),(1318,'menu.admin.settings.access','Access Settings'),(1319,'adImport.title.details.all','All imported advertisements'),(1320,'accountFee.chargeMode.BALANCE_PERCENTAGE','Positive balance percentage'),(1321,'reports.stats.activity.developments.title','Key developments in member activity'),(1322,'channel.credentials.LOGIN_PASSWORD','Login password'),(1323,'payment.confirmation.other.withAuthorization','This payment of {0} to {2} needs authorization and will stay in the pending status until it is authorized and processed.{3}\n\nPlease, click OK to confirm.'),(1324,'contactUs.title','Contact us'),(1325,'smsMailing.by','Sent by'),(1326,'settings.message.paymentReceived','Payment receiving'),(1327,'loan.repayment.repay','Repay'),(1328,'paymentFilter.showInReports','Show in reports'),(1329,'posweb.printSettings.title','Local print settings'),(1330,'loanGroup.member','Members'),(1331,'permission.adminMemberAccess.unblockPin','Unblock pin'),(1332,'menu.member.personal.cards','Cards'),(1333,'document.visibility.ADMIN','Administrators'),(1334,'reports.stats.keydevelopments.transactionAmount.median.short','Tx. amount'),(1335,'message.actionPerformed.RESTORE','The messages were restored'),(1336,'fileMapping.nature','Type'),(1337,'menu.admin.usersGroups.groupFilters','Group filters'),(1338,'help.title.loans','Loans'),(1339,'certification.amount','Amount'),(1340,'settings.local.adDescriptionFormat','Advertisement description format'),(1341,'customField.possibleValue.title.modify','Modify value'),(1342,'permission.memberAccount.simulateConversion','Simulate conversion'),(1343,'brokerCommission.stopConfirmation','Stopping this broker commission means to set it\'s value to 0 and close the broker contracts related to it. Are you sure?'),(1344,'customizedFile.action.customizeNew','Customize new file'),(1345,'about.version','<b>Application version:</b> {0}'),(1346,'permission.systemAdCategories.view','View'),(1347,'cardType.removed','The card type was removed'),(1348,'mobile.viewPayments.amount','Amount'),(1349,'defaultBrokerCommission.status.INACTIVE','Inactive'),(1350,'reports.members.presentation.list.result','Member lists result '),(1351,'memberImport.initialDebitTransferType','Payment type for negative balances'),(1352,'smsLog.type','Type'),(1353,'message.body','Body'),(1354,'message.actionPerformed.DELETE','The messages were removed'),(1355,'invoice.from','From'),(1356,'memberImport.title.import','Import members'),(1357,'changePassword.error.alreadyUsed','The given password was already used in past'),(1358,'alert.system.NEW_VERSION_OF_APPLICATION_PAGE','New version of application page'),(1359,'adCategory.active','Active'),(1360,'menu.admin.settings.adminTasks','System tasks'),(1361,'permission.adminMemberGroups.manageMemberCustomizedFiles','Manage customized files'),(1362,'customField.title.insert.operator','New operator custom field'),(1363,'messageCategory.action.new','Insert new message category'),(1364,'group.settings.maxAdPublicationTime.field','Max ad publication time (unit)'),(1365,'sms.type.GENERAL','General'),(1366,'transactionFee.removed','The transaction fee was removed '),(1367,'global.weekDay.TUESDAY','Tuesday'),(1368,'settings.local.csv.recordSeparator','Row break'),(1369,'invoice.accept.header.withAuthorization','You are about to accept an invoice and submit the following payment for further authorization:'),(1370,'payment.backToMemberProfile','To member profile'),(1371,'menu.member.account.selfPayment','Self Payment'),(1372,'adCategory.title.order.description','Drag the fields to change order'),(1373,'guaranteeType.title.modify','Modify guarantee type'),(1374,'permission.operatorPayments.poswebReceivePayment','Receive POSweb payment'),(1375,'permission.operatorMessages.sendToAdministration','Send to administration'),(1376,'manual.title.admin','Cyclos administration manual'),(1377,'errorLog.parameters','Parameters'),(1378,'serviceClient.action.new','New web services client'),(1379,'menu.admin.alerts.errorLog','Error log'),(1380,'group.title.settings.access','Access settings'),(1381,'permission.adminAdminRecords.manage','Manage'),(1382,'profile.action.invoiceFromSystem','Invoice system to member'),(1383,'loan.repayment.remainingAmount','Remaining'),(1384,'permission.systemCardTypes.manage','Manage card types'),(1385,'paymentObligation.description','Description'),(1386,'externalTransferImport.error.format.detailed','Error importing transactions: Invalid value on: \nLine: {0}\nColumn: {1}\nField: {2}\nValue: {3}'),(1387,'transactionPassword.status.user','Status'),(1388,'menu.admin.messages.infoTexts','Info texts'),(1389,'permission.systemAccounts.manage','Manage accounts'),(1390,'ad.removed','Advertisement removed'),(1391,'settings.local.sms','SMS'),(1392,'permission.adminMemberAccess.enableLogin','Reactivate disabled members (because of failed login attempts)'),(1393,'theme.author','Author'),(1394,'accountType.limitType.UNLIMITED','Unlimited'),(1395,'payment.confirmation.unblock','You are going to unblock this payment.\n\nPlease click OK to confirm'),(1396,'reports.stats.general.histogram','Histogram'),(1397,'permission.brokerMemberRecords.modify','Modify'),(1398,'brokerCommissionContract.removed','The broker commission contract was removed'),(1399,'pos.createAndAssign','The POS doesn\'t exists. Do you want create and assign it to the member? '),(1400,'adInterest.title.insert','New ad interest'),(1401,'errors.email','{0} is an invalid e-mail address'),(1402,'transferType.priority','Priority'),(1403,'rates.reinit.type','Type'),(1404,'permission.adminMembers','Members'),(1405,'guaranteeType.error.loanTransferType','Loan transaction type'),(1406,'reports.current.member_group_information','Member group information'),(1407,'memberRecord.title.search.member','Search {0} for {1}'),(1408,'transactionFee.aRateRelation.LINEAR','Linear'),(1409,'transferAuthorization.action.AUTHORIZE','Authorized'),(1410,'memberImport.group.select','Select a group for the imported members'),(1411,'profile.action.loanGroups','Loan groups'),(1412,'global.max','Max.'),(1413,'card.action.changeCardCode','Change security card code'),(1414,'posweb.target.username','Login (recipient)'),(1415,'settings.message.receivedInvoiceExpired','Received invoice expired'),(1416,'loan.error.noTransferType','There is no possible payment type to grant this loan'),(1417,'smsLog.type.SMS_OPERATION','SMS operation'),(1418,'smsMailing.member','Member'),(1419,'ad.search.tradeType.SEARCH','Wants'),(1420,'loanPayment.title.search','Search loan payments'),(1421,'accountFee.recurrence','Periodic'),(1422,'changePassword.passwordLength','Choose a password with {0} characters'),(1423,'settings.log.transactionFile','Transactions logfile path / name'),(1424,'accountFee.chargeMode.FIXED','Fixed amount'),(1425,'reports.nocheckboxes','You didn\'t select any checkboxes, so there is nothing to show!'),(1426,'permission.systemSettings','Settings'),(1427,'global.month.MAY','May'),(1428,'message.sendTo.ADMIN','Administration'),(1429,'group.settings','Edit settings'),(1430,'brokerCommissionContract.title.listByBroker','Commission contracts with {0}'),(1431,'externalTransferImport.period.end','To date'),(1432,'permission.systemExternalAccounts.checkPayment','Check payment'),(1433,'transactionFee.action.simple.new','Insert new transaction fee'),(1434,'menu.admin.help.manual','Manual'),(1435,'receipt.transfer.textAfter','----------------'),(1436,'member.email','E-Mail'),(1437,'permission.systemGroups.manageAdmin','Manage admin group'),(1438,'group.settings.maxAdPublicationTime.number','Max ad publication time (amount)'),(1439,'permission.brokerMemberAccess.changeChannelsAccess','Change channels access'),(1440,'permission.adminMemberReferences.manage','Manage'),(1441,'reference.direction.transactionFeedback.RECEIVED','Received feedbacks'),(1442,'menu.admin.reports','Reports'),(1443,'customField.payment.access.FROM_ACCOUNT','For the source account only'),(1444,'cardLog.status','Status'),(1445,'document.title.form','Parameters for {0}'),(1446,'payment.error.pendingProcess','The payment couldn\'t be performed as there are other payments from your account being processed now.\nPlease, try again later'),(1447,'invoice.payments','Payments'),(1448,'help.title.quickstart','Quick start'),(1449,'reference.summary.score','Score'),(1450,'profile.action.addContact','Add to contact list'),(1451,'channel.principals','User identification'),(1452,'settings.message.commissionContractAccepted','Commission contract accepted'),(1453,'transactionFee.title.simple.modify','Modify transaction fee'),(1454,'currency.title.modify','Modify currency'),(1455,'receipt.transfer.amount','Amount: {0}'),(1456,'reference.level.VERY_GOOD','Very good'),(1457,'posLog.date','Date'),(1458,'sms.type.PAYMENT.description','Direct payment'),(1459,'loanPayment.status.IN_PROCESS','In Process'),(1460,'permission.operatorAccount.accountInformation','View account information'),(1461,'loanGroup.title.of','Loan groups of {0}'),(1462,'settings.local.language.RUSSIAN','Russian'),(1463,'paymentFilter.name','Name'),(1464,'permission.systemInfoTexts','Info texts'),(1465,'errors.lessThan','{0} must be less than {1}'),(1466,'group.smsMessages','SMS allowed messages'),(1467,'loanGroup.memberRemoved','The member was removed from this loan group'),(1468,'global.today','Today'),(1469,'brokerCommissionContract.endDate','End date'),(1470,'certification.guaranteeType','Guarantee Type'),(1471,'paymentObligation.delete','Delete'),(1472,'translationMessage.action.new','Insert new key'),(1473,'transfer.chargeback','Charged back at'),(1474,'permission.systemRegistrationAgreements.manage','Manage'),(1475,'messageCategory.error.removing','The message category couldn\'t be removed becouse there are messages using it'),(1476,'reports.stats.Period','Period'),(1477,'permission.memberReports.showAccountInformation','Show account information'),(1478,'loanPayment.amount','Amount'),(1479,'customField.member.updateAccess','Editable by'),(1480,'brokerCommissionContract.title.modify','Modify broker commission contract'),(1481,'loanGroup.title.my','My loan groups'),(1482,'group.selectInitialGroup','Select when registering a member'),(1483,'smsMailing.sentSms','Messages sent'),(1484,'permission.adminMemberPayments.chargeback','Chargeback payment to member'),(1485,'transactionFee.maxAmount','Max. amount'),(1486,'permission.systemThemes.select','Set'),(1487,'activities.transactions.numberSell','Received - count'),(1488,'multiDropDown.multiItemsMessage','#items# items selected'),(1489,'createMember.registrationAgreementNotice','By clicking the button below you are accepting the registration agreement'),(1490,'reports.stats.keydevelopments.throughTime.MONTH','Each month'),(1491,'permission.adminMemberAccounts.creditLimit','Set credit limit'),(1492,'externalTransferType.inserted','The payment type was inserted'),(1493,'permission.brokerLoans','Loans'),(1494,'admin.creationDate','Registration date'),(1495,'menu.operator.member.ads','Advertisements'),(1496,'permission.operatorAccount','Member account'),(1497,'group.settings.viewLoansByGroup','View loans given to loan group'),(1498,'reports.stats.taxes.paid.notPaidLimit','Limit for \"not paid\"'),(1499,'changeGroup.admin.permanentlyRemoved','You cannot change the group because the administrator was permanently removed'),(1500,'creditLimit.current','Current'),(1501,'changeGroup.action.changeGroup','Change group'),(1502,'accountType.description','Description'),(1503,'account.dRate','D rate'),(1504,'externalTransfer.title.modify','Modify external transfer'),(1505,'activities.invoices.incoming.amount','Incoming amount'),(1506,'activities.transactions.averageSell','Received - average amount '),(1507,'loan.repayment.discard.loan','Discard loan'),(1508,'changePassword.title.of','Change login password of {0}'),(1509,'smsMailing.byBroker.all','Brokered members'),(1510,'invoice.totalAmount','Total amount'),(1511,'createMember.action.saveAndNew','Save and insert new member'),(1512,'permission.systemExternalAccounts.manage','Manage'),(1513,'member.search.noResults','No members were found'),(1514,'transferAuthorization.action.DENY','Denied'),(1515,'reports.stats.activity.throughTime.loginTimes','Logins per member '),(1516,'errorLog.title.details','Error details'),(1517,'settings.message.newPendingPaymentByReceiver','New payment for receiver to authorize'),(1518,'transactionFee.title.simple.list','Transaction fees'),(1519,'reports.stats.activity.whatToShow.COMPARE_PERIODS','Compare two periods'),(1520,'customField.control.MEMBER_AUTOCOMPLETE','Member autocomplete'),(1521,'group.customizedFiles.action.new','Customize new file'),(1522,'message.type.LOAN','Loan events'),(1523,'translationMessage.import.type.NEW_AND_MODIFIED','Import new and modified keys'),(1524,'payment.title.systemToMember','Payment system to member'),(1525,'reports.members_reports.outgoing','Outgoing'),(1526,'group.settings.passwordPolicy.AVOID_OBVIOUS_LETTERS_NUMBERS','Require letters and numbers'),(1527,'group.loginPageName','Login page name'),(1528,'changePassword.title.my','Change my login password'),(1529,'group.title.modify.operator','Edit operator group settings'),(1530,'group.isRemoved','Removed'),(1531,'translationMessage.title.insert','New translation key'),(1532,'invoice.error.noTransferType','There is no possible payment type.\nPlease, contact the administration.'),(1533,'memberImport.status.INVALID_CUSTOM_FIELD_VALUE_UNIQUE','{0} is invalid: {1} is not unique.'),(1534,'settings.local.csv.recordSeparator.LF','Unix (char 13)'),(1535,'transferType.feedbackReplyExpirationTime','Max feedback reply comments period'),(1536,'alert.system.RATE_INITIALIZATION_FINISHED','rate initialization job finished'),(1537,'card.expirationDate','Expiration date'),(1538,'reports.stats.general.allPaymentTypes','All payments'),(1539,'brokerCommissionContract.status.CANCELLED','Cancelled'),(1540,'adInterest.inserted','Ad interest inserted'),(1541,'payment.status.PROCESSED','Processed'),(1542,'invoice.cancelled','The invoice was cancelled'),(1543,'profile.action.paymentFromSystem','Payment system to member'),(1544,'settings.local.rootUrl','Application root URL'),(1545,'loan.repayment.error.partialInterestsAmount','The interests part of the loan payment must be repaid together.\nYou can either repay a partial amount up to {0} or the total remaining amount of {1}'),(1546,'reports.stats.finances.other','Other'),(1547,'accountHistory.finalBalance','Final balance'),(1548,'pos.createdAndAssigned','POS created and assigned to member {0}'),(1549,'group.invalidNature','Invalid group type'),(1550,'profile.action.simulateConversion','Simulate conversion'),(1551,'global.range.from','From'),(1552,'permission.adminMemberPayments.paymentAsMemberToSystem','Member to system payment'),(1553,'settings.message.body','Body'),(1554,'global.nothingSelected','Nothing selected'),(1555,'menu.admin.customFields.adminFields','Admin Fields'),(1556,'pos.actions.assign','Assign'),(1557,'menu.admin.contentManagement.translation','Application Translation'),(1558,'fileMapping.numberFormat.FIXED_POSITION','Fixed position'),(1559,'createMember.public.awaitingPassword','Thanks for registering!\n\nYour shall receive the password shortly by e-mail'),(1560,'serviceOperation.DO_PAYMENT','Perform payments'),(1561,'payment.confirmation.transactionPassword','In order to confirm this payment, you must supply your transaction password'),(1562,'customImage.system.save','Export as CSV icon'),(1563,'reports.current.invoices.SYSTEM_OUTGOING.count','Number of outgoing system invoices'),(1564,'transactionFee.subject.DESTINATION_BROKER','Broker of member receiving (destination)'),(1565,'message.html','HTML format'),(1566,'settings.message.adminMemberAlert','Member alerts'),(1567,'connectedUsers.title','Connected users'),(1568,'message.from','From'),(1569,'permission.systemGroupFilters.view','View'),(1570,'permission.brokerPos.unblockPin','Unblock PIN'),(1571,'settings.local.language.FRENCH','French'),(1572,'adCategory.title.import','Import advertisement categories'),(1573,'translationMessage.message','Value'),(1574,'ad.removeConfirmation','Remove advertisement?'),(1575,'alert.system.errorProcessingAccountStatus','Critical error processing account status. Payment details: at: {0}, from {1}, to {2}, amount {3}'),(1576,'loan.confirmation.header','You are about to grant the following loan:'),(1577,'global.weekDay.short.SUNDAY','Sun'),(1578,'errors.notAllowed','{0}'),(1579,'reports.stats.groupOfGroups','Group filter'),(1580,'memberImport.status.INVALID_RECORD_TYPE_FIELD','Invalid field on record type {0}: {1}'),(1581,'accountFee.title.modify','Modify account fee'),(1582,'memberRecord.title.insert','Insert {0} for {1}'),(1583,'activities.transactions.last30Days','Transactions last 30 days'),(1584,'fieldMapping.field.MEMBER_USERNAME','Username'),(1585,'createMember.title.public','Member registration'),(1586,'translationMessage.title.export','Export to properties file'),(1587,'reports.stats.finances.ThroughTime.income.title','Income through time'),(1588,'menu.member.broker.defaultBrokerCommissions','Commission settings'),(1589,'loan.grantDate','Grant'),(1590,'memberRecordType.label','Label (plural)'),(1591,'externalTransferImport.error.importing.invalidMemberUsername','Invalid member username: {0}'),(1592,'currency.action.new','New currency'),(1593,'permission.adminMemberReports.amounts','Show amounts'),(1594,'guarantee.model','Model'),(1595,'reports.stats.activity.singlePeriod.grossProduct','Gross Product per member'),(1596,'reports.simulations.aRate.config.graph.title','A-rate configuration curve'),(1597,'permission.brokerMemberRecords.create','Create'),(1598,'changeGroup.operator.title','Change group for operator {0}'),(1599,'reports.transactions_report.incoming','incoming'),(1600,'permission.adminMembers.view','View'),(1601,'home.status.hasPendingCommissionContracts','There are pending commission contracts. You won\'t be able to perform payments while they are pending'),(1602,'transactionPassword.title.manage','Manage transaction password of {0}'),(1603,'memberPos.resultPageSize','Result page size'),(1604,'guaranteeType.paymentObligationPeriod.tooltip','Window time between the newest and the oldest payment obligation'),(1605,'paymentObligation.removeConfirmation','Remove payment obligation?'),(1606,'guaranteeType.feePayers.BUYER','Buyer'),(1607,'permission.memberReports','Member reports'),(1608,'customField.title.order.memberRecord','Set custom field order for member record type {0}'),(1609,'authorizationLevel.authorizer.ADMIN','Admin'),(1610,'settings.import.confirmation','Are you sure to import the settings from the selected file?'),(1611,'mobile.payment.title.do','Do Payment'),(1612,'ticket.status.OK_PENDING','Success / Pending'),(1613,'customField.title.order.admin','Set administrator custom field order'),(1614,'profile.action.transactionFeedbacks','Transaction feedbacks'),(1615,'permission.adminMemberPayments.payment','System to Member payment'),(1616,'conversionSimulation.result.input.date','Applied conversion date'),(1617,'group.settings.smsChargeAmount','Additional SMS amount'),(1618,'menu.operator.member','Member Operations'),(1619,'profile.action.listBrokerCommissionContracts','Commission contracts'),(1620,'invoice.action.goToPayment','View payment details'),(1621,'changeGroup.member.confirmPermanentRemove','Remove member permanently?'),(1622,'group.settings.smsContextClassName','Custom SMS context class name'),(1623,'message.messageBox','Message box'),(1624,'customImage.system.mobileSplash_small','Mobile: small splash image'),(1625,'externalTransferImport.error.importing.invalidMemberField','Invalid member custom field value ({0}): {1}'),(1626,'reports.members_reports.details_level.TRANSACTIONS','Transactions'),(1627,'loanPayment.summary.total','Total'),(1628,'error.image.dimension','The image dimensions are too big.'),(1629,'currency.rates','Available rates for this currency'),(1630,'paymentObligation.cancel','Cancel'),(1631,'reports.stats.keydevelopments.numberOfAds.expired','Expired ads'),(1632,'menu.operator.guarantees.searchGuarantees','Guarantees'),(1633,'loan.type','Loan type'),(1634,'menu.operator.guarantees.searchPaymentObligations','Payment Obligations'),(1635,'reports.simulations.aRateConfigSimulation.transactionFee','TransactionFee (for default values)'),(1636,'settings.message.adminPendingGuarantee','Guarantee awaiting authorization'),(1637,'settings.local.csv.recordSeparator.CR','Macintosh (char 10)'),(1638,'createMember.initialGroup.title','Group selection'),(1639,'groupFilter.showInProfile','Show in profile'),(1640,'permission.adminMemberGroups.manageAccountSettings','Manage account settings'),(1641,'transfer.from','From'),(1642,'settings.title.translations.file','Import / export notifications and e-mails translations'),(1643,'settings.message.externalChannelPaymentRequestExpiredReceiver','External channel payment request expired receiver'),(1644,'customField.memberRecord.brokerAccess.NONE','None'),(1645,'loan.grant.error.upperCreditLimit','The loan cannot be grant because it would make the member account to have a balance beyond it\'s upper credit limit'),(1646,'payment.title.systemMemberToSystem','Payment from member {0} to system'),(1647,'image.noPicture.caption','No picture'),(1648,'externalTransferImport.period.begin','From date'),(1649,'document.formPage','Form page'),(1650,'memberRecordType.fields.action.new','Insert new custom field'),(1651,'brokerCommissionContract.title.view','Broker commission contract details'),(1652,'customizedFile.newContents','New contents'),(1653,'group.settings.defaultAdPublicationTime.field','Default ad publication time (unit)'),(1654,'pendingMember.title.profile','Pending member details'),(1655,'reports.stats.activity.topten.login.col1','Logins'),(1656,'alert.title','Title'),(1657,'card.activateWarning.confirmation','Warning: any other active card will be canceled. '),(1658,'reports.stats.finances.singlePeriod.overview.yAxis','Amount'),(1659,'loan.setExpiredStatus','Mark this loan as \'{0}\''),(1660,'login.form.text','If you are a registered member, you can login with your username and password below.'),(1661,'certification.issuer','Issuer'),(1662,'settings.local.language.CZECH','Czech'),(1663,'guaranteeType.transferType.select','Select transaction type'),(1664,'customField.memberRecord.showInList','Show in list'),(1665,'permission.operatorPayments.blockScheduled','Block scheduled payment'),(1666,'profile.member.title.of','Profile of {0}'),(1667,'help.title.ads_interest','Ads Interest'),(1668,'certificationLog.by','Changed by'),(1669,'menu.admin.contentManagement.customImages','Custom Images'),(1670,'customImage.system.active','Active icon'),(1671,'global.yes','Yes'),(1672,'pendingMember.title.print','Pending member search results'),(1673,'customImage.system.pay','Pay icon'),(1674,'profile.action.manageBrokerCommissions','Commissions settings'),(1675,'operator.noGroup','In order to create a new operator, you must first create at least one operator group'),(1676,'sms.type.HELP_ERROR','Help error'),(1677,'accountHistory.tooltip.viewGrouped','View group'),(1678,'pos.blocked','POS has been blocked'),(1679,'memberRecordType.layout.FLAT','Tiled'),(1680,'customImage.system.permissions','Permissions icon'),(1681,'loan.status.PENDING_AUTHORIZATION','Pending authorization'),(1682,'reference.direction.transactionFeedback.GIVEN','Given feedbacks'),(1683,'changePassword.currentPassword','Current login password'),(1684,'receiptPrinterSettings.helpMessage','Make sure to read the help file and <a href=\"{0}\">Cyclos Wiki</a> before adding a new printer.'),(1685,'permission.brokerDocuments','Documents'),(1686,'notificationPreferences.disableSms.confirmation','You are about to disable all SMS notifications and operations.\n\nAre you sure?'),(1687,'menu.admin.customFields.memberFields','Member Fields'),(1688,'guarantee.status','Status'),(1689,'profile.member.title.my','My profile'),(1690,'permission.operatorLoans','Loans'),(1691,'profile.action.accountsAction','Accounts'),(1692,'translationMessage.import.type.NEW_AND_EMPTY','Import new and empty keys only'),(1693,'certification.removed','The Certification was removed'),(1694,'loanPayment.status.RECOVERED','Recovered'),(1695,'menu.operator.account.transfersAuthorizations','Search authorizations'),(1696,'guaranteeType.authorizedBy.ADMIN','Admin'),(1697,'permission.adminMemberInvoices.send','Send invoice from profile'),(1698,'currency.removed','The currency was removed'),(1699,'currency.enableIRate','Enable I-rate'),(1700,'permission.brokerMemberPayments.authorize','Authorize'),(1701,'paymentObligation.logs','Payment obligation logs'),(1702,'selectChannels.channels','Channels'),(1703,'guarantee.removed','The guarantee was removed'),(1704,'settings.access.externalPaymentPassword.TRANSACTION_PASSWORD','Transaction password'),(1705,'infoText.empty.subject','No text defined for empty message.'),(1706,'externalTransferProcess.paymentDescription','{0}, of {1}'),(1707,'smsMailing.mailingType.INDIVIDUAL','Individual SMS'),(1708,'notificationPreferences.costPerMessage','The cost per message is {0}'),(1709,'memberPos.assign.memberWithoutAccount','The member doesn\'t have an account.'),(1710,'admin.email','E-Mail'),(1711,'alert.member.RECEIVED_VERY_BAD_REFS','Member received too many \'very bad\' references'),(1712,'member.title.bulkActions.filter','Member filter for bulk actions'),(1713,'receipt.posweb.transactions.header','{0} transactions'),(1714,'loanPayment.status.OPEN','Open'),(1715,'reports.stats.keydevelopments.throughTime.months.title','Developments through the time'),(1716,'menu.admin.contentManagement.documents','Documents'),(1717,'externalTransferType.modified','The payment type was modified'),(1718,'settings.message.admin.title','Administrator notifications'),(1719,'permission.brokerPos.changeParameters','Change parameters'),(1720,'fieldMapping.field.MEMBER_CUSTOM_FIELD','Member custom field'),(1721,'transactionPassword.reset','The transaction password was reset.\nThe user is now allowed to generate his transaction password'),(1722,'reference.transactionFeedback.saved','The transaction feedback was saved'),(1723,'reports.simulations.aRate.config.graph.xAxis','A-rate (days)'),(1724,'reference.title.details.transactionFeedback','Transaction feedback details'),(1725,'permission.memberCards.changeCardSecurityCode','Change code'),(1726,'permission.systemLoanGroups.manage','Manage'),(1727,'memberPos.status.ACTIVE','Active'),(1728,'settings.alert.alertNewPendingMembers','New pending activation members'),(1729,'permission.brokerPos.manage','Manage'),(1730,'changePassword.resetAndSend.confirmation','Are you sure to reset the member\'s password?'),(1731,'reference.inserted','Reference inserted'),(1732,'permission.memberAccount.authorizedInformation','View authorized payments'),(1733,'permission.memberCards.view','View'),(1734,'customField.possibleValue.removed','The value was removed'),(1735,'card.actions','Actions'),(1736,'memberImport.status','Status'),(1737,'help.title.account_history','Account History'),(1738,'menu.member.account.loanGroups','Loan groups'),(1739,'settings.type.MESSAGE','Notifications'),(1740,'permission.adminMemberLoans','Loans'),(1741,'permission.adminMemberBrokerings.changeBroker','Change broker'),(1742,'brokering.list.noResults','No registered members for the given filter'),(1743,'externalAccount.systemAccount','System account'),(1744,'group.settings.passwordExpiresAfter.field','Login password expires after (unit)'),(1745,'channel.action.new','Insert a new channel'),(1746,'mailPreferences.applicationErrors','Application errors'),(1747,'message.warning.messageNotReceivedByEmail','The message was sent internally, but not by e-mail'),(1748,'customField.title.modify.admin','Modify administrator custom field'),(1749,'alert.removeSelected.confirm','Remove selected alerts?'),(1750,'theme.import.error.reading','Error importing theme. The file is invalid.'),(1751,'conversionSimulation.result.percentage','Fee Percentage'),(1752,'permission.adminMemberGroups.view','View'),(1753,'createMember.passwordConfirmation','Confirm password'),(1754,'paymentObligation.conceal','Unpublish'),(1755,'reports.members.ads.expired','Expired'),(1756,'settings.log.maxFilesPerLog','Max. files per log'),(1757,'settings.local.cyclosId','Identification for external channels'),(1758,'pos.action.unassign','Unassign'),(1759,'fileMapping.negativeAmountValue','Negative character'),(1760,'externalAccountHistory.action.confirmDelete','Are you sure to permanently remove the external transfers?'),(1761,'adCategory.insertMultiple','You may enter several categories, one per line'),(1762,'loan.expirationFeeRepaymentType','Expiry fee repayment type'),(1763,'fileMapping.title','File Mapping'),(1764,'customField.member.indexing','Include in keywords search'),(1765,'settings.access.passwordLength','Password length'),(1766,'smsMailing.broker.all','My brokered members'),(1767,'permission.systemCurrencies','Currencies'),(1768,'accountFee.invoiceMode.NEVER','Never (may make member accounts go negative)'),(1769,'permission.systemAlerts','Alerts'),(1770,'global.timePeriod.HOURS','Hour(s)'),(1771,'posweb.client.name','Client name'),(1772,'rates.error.initializationAlreadyRunning','You tried to start a rate initialization job while there is already one running.'),(1773,'adInterest.adFields','Match the following ad fields'),(1774,'errors.numeric','Numeric errors'),(1775,'adImport.title.summary','Advertisement import summary'),(1776,'payment.status.PENDING','Pending authorization'),(1777,'reference.replyComments','Reply comments'),(1778,'guarantee.error.changeStatus','Can\'t change the guarantee\'s status to: {0}'),(1779,'alert.system.NEW_VERSION_OF_STATIC_FILE','New version of static file'),(1780,'account.isDefault','Is default'),(1781,'registrationAgreement.title.modify','Modify registration agreement'),(1782,'accountFee.day','Day'),(1783,'transactionFee.receiver','Will receive'),(1784,'scheduledPayments.totalRemaining','Total remaining'),(1785,'permission.systemGuaranteeTypes.manage','Manage'),(1786,'accountFeeLog.period','Period'),(1787,'loan.status','Filter'),(1788,'login.action.loginAsMember','Login as member'),(1789,'profile.action.transferAuthorizations','View payment authorizations'),(1790,'menu.member.personal.pos.memberPos','POS devices'),(1791,'customImage.system.calendar','Calendar icon'),(1792,'externalTransfer.date','Date'),(1793,'message.fromTo','From / To'),(1794,'reports.transactions_report.number','Number'),(1795,'reports.transactions_report.member_invoices','{0} of {1} member to members invoices'),(1796,'mailPreferences.newMembers','New registered members'),(1797,'createMember.error.registrationAgreementCheck','In order to continue, you must agree with the presented registration agreement'),(1798,'invoice.search.period.begin','Begin date'),(1799,'alert.system.ACCOUNT_FEE_RUNNING','Account fee running'),(1800,'brokerCommissionContract.error.contractNotFound','The commission contract could not be found. It\'s probably been removed.'),(1801,'customField.action.newPossibleValue','New possible value'),(1802,'paymentObligation.title.new','New payment obligation'),(1803,'currency.dRate.initDate','Initialization date for D-rate'),(1804,'posweb.title.receivePayment','Receive payment'),(1805,'transferType.allowCancelScheduledPayments','Allow payer to cancel scheduled payments'),(1806,'reports.stats.keydevelopments.throughTime','All selected items through time'),(1807,'global.month.JUNE','June'),(1808,'help.title.statistics','Statistics'),(1809,'permission.systemAdCategories.manage','Manage'),(1810,'changePassword.expired','Your password has expired.\nIn order to continue, you must change it.'),(1811,'reports.stats.keydevelopments.grossProduct.title','Developments in Gross Product (= sum of transaction amounts)'),(1812,'permission.memberAccount.scheduledInformation','View scheduled payments'),(1813,'reports.members.show_btn','Show report'),(1814,'permission.adminMemberMessages.manage','Manage'),(1815,'settings.local.language.SPANISH','Spanish'),(1816,'ticket.status.FAILED','Failed'),(1817,'fileMapping.noFileMapping.message','There is no file mapping for this account yet.\nClick here to configure it'),(1818,'permission.systemGroupFilters.manage','Manage'),(1819,'group.error.passwordPolicySpecialVirtualKeyboard','{0} cannot be set to require special characters because virtual keyboard is used for the login password'),(1820,'fieldMapping.orderModified','Field mappings order modified'),(1821,'externalTransferType.code','Code'),(1822,'adCategory.removeConfirmation','Remove category?'),(1823,'loan.member','Member name'),(1824,'about.title','About'),(1825,'transferType.title.insert','Insert transaction type'),(1826,'card.securityCode','Security code'),(1827,'adminTasks.indexes.type.Administrator','Administrators'),(1828,'manual.action.top','Top'),(1829,'paymentObligation.status.REJECTED','Rejected'),(1830,'group.registrationAgreement.forceAccept','Force accept on next login'),(1831,'activities.brokering.commission.amount','Total commission'),(1832,'channel.internalNameAlreadyInUse','The internal name is already in use'),(1833,'reports.stats.systemAccountFilter','System Account'),(1834,'reports.stats.keydevelopments.grossProduct','Gross Product'),(1835,'transfer.dRate','D-rate'),(1836,'global.system','System'),(1837,'global.month.JULY','July'),(1838,'errors.javaClass','{0} should be a valid java class name assignable to {1}'),(1839,'menu.member.help.manual','Manual'),(1840,'help.title.references','References'),(1841,'ad.category','Category'),(1842,'ticket.status.CANCELLED','Cancelled'),(1843,'adImport.confirm','Import'),(1844,'reports.simulations.choose','Choose Simulation'),(1845,'customizedFile.select.name','Select file'),(1846,'brokerCommission.notCharging','This commission type is not been charged'),(1847,'alert.member.transactionPasswordBlockedByTries','The transaction password was blocked by exceeding maximum amount of tries'),(1848,'transactionPassword.block.confirmMessage','Are you sure to block the member\'s transaction password? '),(1849,'settings.local.csv.valueSeparator.SEMICOLON','Semicolon'),(1850,'profile.action.advertisementsActions','Advertisements'),(1851,'activities.references','References'),(1852,'permission.module.type.ADMIN_ADMIN','Administrator administration permissions of {0}'),(1853,'groupFilter.removed','Group filter removed'),(1854,'accountFeeLog.count','Number'),(1855,'settings.message.accountFeeReceived','Account fee receiving'),(1856,'adCategory.path','Path'),(1857,'settings.message.scheduledPaymentProcessed','Scheduled payment successfully processed'),(1858,'profile.action.viewDocuments','Member documents'),(1859,'messageCategory.all','All categories'),(1860,'paymentObligation.title.searchPaymentObligations','Search payment obligations'),(1861,'message.sendTo.BROKERED_MEMBERS','My brokered members'),(1862,'reports.stats.period.periodMain','Main Period'),(1863,'payment.confirmation.self.withAuthorization','This payment of {0} from {1} to {2} needs authorization and will stay in the pending status until it is authorized and processed.{3}\n\nPlease, click OK to confirm.'),(1864,'group.copySettingsFrom','Copy settings from'),(1865,'accountFee.action.recharge','Recharge'),(1866,'reports.stats.keydevelopments.grossProduct.allTransactions.short','All'),(1867,'currency.aRate.initValue','Initialization value A-rate'),(1868,'message.type.REFERENCE','Received reference'),(1869,'settings.local.language.JAPANESE','Japanese'),(1870,'externalAccountHistory.amountRange.end','To amount'),(1871,'rates.reinit.warning','Note that reinitializing a rate is a process that can take hours. The application will be put offline if you start a rate initialization.'),(1872,'memberImport.successfulMembers','Successful members'),(1873,'reports.stats.keydevelopments.throughTime.months.xAxis','Months'),(1874,'posweb.client.any','Client'),(1875,'customField.type.DECIMAL','Decimal number'),(1876,'authorizationLevel.error.lowerLevelAmount','This level\'s amount cannot be lower than the previous one'),(1877,'settings.message.externalChannelPaymentPerformed','External channel payment performed'),(1878,'reports.simulations.aRateConfigSimulation.transferType','Transfertype (for default values)'),(1879,'member.bulkActions.changeGroup','Change group'),(1880,'groupFilter.customizedFiles.title.modify','Modify customized file for {0}'),(1881,'mailPreferences.payments','Payments'),(1882,'customImage.system.quickAccess_placeAd','Quick access: place ad'),(1883,'global.tooltip.help','Help'),(1884,'activities.transactions.total','Total of all transactions'),(1885,'account.creditLimit','Lower credit limit'),(1886,'scheduledPayment.date','Date'),(1887,'ad.price.unspecified','Unspecified'),(1888,'menu.admin.settings','Settings'),(1889,'accountFee.error.removing','This account fee cannot be removed because it was already charged'),(1890,'ticket.toChannel','Confirm channel'),(1891,'payment.awaitingAuthorization','Payment has been been submitted for authorization.\nIt will stay in the pending status until it is authorized and processed'),(1892,'permission.adminMemberBulkActions','Bulk actions'),(1893,'transferType.title.list','Transaction types'),(1894,'menu.admin.accessDevices.pos.search','Search POS'),(1895,'message.action.MARK_AS_READ','Mark as read'),(1896,'contact.error.alreadyExists','The given member is already in your contact list'),(1897,'certification.details','Details'),(1898,'transfer.amount','Amount'),(1899,'permission.systemPayments.cancelScheduled','Cancel scheduled payment'),(1900,'transferType.transactionHierarchyVisibility.MEMBER','To all users'),(1901,'settings.alert.modified','Alert settings modified'),(1902,'reports.current.member_account_information','Member accounts'),(1903,'transferType.maxAmountPerDay','Max amount per day'),(1904,'invoice.action.cancel','Cancel'),(1905,'sms.type.INFO_TEXT.description','Info text'),(1906,'reports.stats.activity.comparePeriods.numberTransactions','Number of Transactions per member'),(1907,'transfer.paymentEvery','Payment every'),(1908,'guaranteeType.feeType.VARIABLE_ACCORDING_TO_TIME','Annual %'),(1909,'sms.type.INFO_TEXT_ERROR.description','Info text error'),(1910,'fieldMapping.field.NEGATE_AMOUNT','Negative amount indicator'),(1911,'menu.admin.accounts.invoices','Manage Invoices'),(1912,'theme.title.export','Export current settings as theme'),(1913,'group.account.inserted','The group account was inserted'),(1914,'pos.removed','The POS was removed'),(1915,'ad.externalPublication','External publication'),(1916,'theme.styles','Styles in this theme'),(1917,'loan.repayment.error.enoughCredits','The account doesn\'t have enough credits to repay this loan'),(1918,'loan.expirationDate','Expiry'),(1919,'reports.stats.keydevelopments.numberOfMembers.numberOfDisappearedMembers','Number of disappeared members'),(1920,'settings.log.accountFeeLevel.STATUS','Status changes and errors'),(1921,'customField.control','Field type'),(1922,'menu.member.guarantees.searchGuarantees','Guarantees'),(1923,'permission.memberProfile.view','View'),(1924,'sms.type.ACCOUNT_DETAILS_ERROR','Account details error'),(1925,'memberImport.status.INVALID_BALANCE','Initial balance is invalid: {0}'),(1926,'accountHistory.conciliation.all','All'),(1927,'permission.systemCustomFields.manage','Manage'),(1928,'customField.member.visibilityAccess','Show in profile for'),(1929,'settings.local.maxUploadSize','Max. upload size'),(1930,'adInterest.type.SEARCH','Want'),(1931,'operator.title.search','Operators search'),(1932,'transactionPassword.error.permissionDenied','You don\'t have enough permissions to generate the transaction password'),(1933,'alert.date','Date'),(1934,'loan.openTransfer','Show the related payment'),(1935,'customField.payment.type','Type'),(1936,'changePin.error.invalidPassword','Incorrect password'),(1937,'permission.systemAlerts.manageSystemAlerts','Manage system alerts'),(1938,'global.weekDay.short.FRIDAY','Fri'),(1939,'permission.memberSms','SMS logs'),(1940,'permission.adminMemberAds.manage','Manage'),(1941,'permission.brokerReports','Reports'),(1942,'message.action.reply','Reply'),(1943,'customField.member.access.ADMIN','Administrator'),(1944,'permission.memberGuarantees.buyWithPaymentObligations','Buy with payment obligations from'),(1945,'message.rootType.all','All'),(1946,'guaranteeType.transferTypes','Transaction types'),(1947,'loan.setExpiredStatus.confirmation','Are you sure to change this loan\'s status?'),(1948,'brokerCommission.type','Type'),(1949,'loan.paymentDate','Payment'),(1950,'settings.log.accountFeeLevel.ERRORS','Errors only'),(1951,'customField.payment.enabled','Enabled'),(1952,'customField.removed','The custom field was removed'),(1953,'menu.operator.account.invoices','Invoices'),(1954,'reference.modified','Reference modified'),(1955,'settings.local.decimalInputMethod.RTL','Right to left (only numbers are typed)'),(1956,'member.bulkActions.generateCard.confirmation','Are you sure to generate cards to all members matching the filter?'),(1957,'adImport.status.UNKNOWN_ERROR','Unknown error'),(1958,'externalTransferType.removed','The payment type was removed'),(1959,'category.status.ACTIVE','Active'),(1960,'mobile.home.balance','Balance: {0}'),(1961,'reports.members_reports.details_level.SUMMARY','Summary'),(1962,'loan.monthlyInterest','Monthly interest'),(1963,'menu.admin.guarantees','Guarantees'),(1964,'payment.confirmation.self','You are going to transfer {0} from {1} to {2}.{3}\n\nPlease, click OK to confirm.'),(1965,'adImport.successfulAds','Successful advertisements'),(1966,'card.creationDate','Creation date'),(1967,'guarantee.issuerName','Issuer name'),(1968,'permission.brokerMembers.manageContracts','Manage commission contracts'),(1969,'group.removeConfirmation','Remove this group?'),(1970,'reports.stats.activity.topten.grossProduct','Gross Product'),(1971,'global.confirm','Confirm'),(1972,'menu.member.personal.messages','Messages'),(1973,'alert.member.PIN_BLOCKED_BY_TRIES','Pin blocked by invalid tries'),(1974,'reports.stats.keydevelopments.highestAmountPerTransaction.title','Developments in highest amount per transaction'),(1975,'alert.member.receivedVeryBadRefs','The member has received {0} very bad references'),(1976,'customizedFile.type.STATIC_FILE','Static'),(1977,'customImage.system.quickAccess_makePayment','Quick access: make payment'),(1978,'settings.local.timeZone','Time zone'),(1979,'alert.system.ADMIN_TRANSACTION_PASSWORD_BLOCKED_BY_TRIES','Admin transaction password blocked by tries'),(1980,'pin.error.blocked','Your PIN has been temporarily blocked, as you have exceeded the max tries'),(1981,'menu.admin.customFields.adFields','Ad Fields'),(1982,'pendingMember.removeConfirmation','Are you sure to remove this pending registration?\n\nPending registrations are automatically removed after {0}'),(1983,'certification.issuerUsername','Issuer login'),(1984,'permission.adminMembers.register','Register'),(1985,'errorLog.search.date.begin','Begin date'),(1986,'customField.possibleValue.enabled','Enabled'),(1987,'registrationAgreement.removeConfirmation','Are you sure to remove this registration agreement?'),(1988,'transactionFee.removeConfirmation','Remove this transaction fee? '),(1989,'theme.select.confirmationMessage','You are about to select a theme\nThis may overrite customizations on CSS files, or style sheet images.\nAre you sure?'),(1990,'webshop.payment.credentialsText','In order to confirm this payment, enter your username and {0} below and select Submit'),(1991,'reports.stats.general.graph','Graph'),(1992,'pendingMember.validationKey','Validation code'),(1993,'global.cancel','Cancel'),(1994,'menu.admin.contentManagement','Content Management'),(1995,'permission.brokerCards','Cards'),(1996,'serviceOperation.RECEIVE_PAYMENT','Receive payments'),(1997,'permission.operatorPayments.paymentToMember','Member payments'),(1998,'permission.adminMemberReferences.view','View'),(1999,'smsMailing.title.search','SMS mailings'),(2000,'certification.buyerName','Buyer name'),(2001,'loanPayment.status.DISCARDED','Externally repaid'),(2002,'reports.transactions_report.debits','debits'),(2003,'brokerCommissionContract.cancelConfirmation','Cancel this broker commission contract?'),(2004,'payment.invalid.paymentDates','The payment dates should be sorted and must be scheduled for future dates'),(2005,'mobile.home.title','Cyclos Home'),(2006,'menu.member.personal.manageExternalAccess','External access'),(2007,'reports.stats.keydevelopments.numberOfAds.expired.short','expired'),(2008,'global.timePeriod.YEARS','Year(s)'),(2009,'theme.version','Version'),(2010,'receipt.transfer.status','Status: {0}'),(2011,'reports.stats.activity.throughTime.numberTransactions.yAxis','n transactions'),(2012,'reports.members.accounts.upper_credits','Upper credit limits'),(2013,'settings.message.maxTransactionPasswordTries','Maximum transaction password attempts exceeded'),(2014,'reports.current.member_account','Member accounts'),(2015,'loanGroup.title.search','Search loan groups'),(2016,'guarantee.error.invalidGuarantee','The total fees amount must be less than the guarantee amount.'),(2017,'messageCategory.inserted','The message category was inserted'),(2018,'permission.adminMemberAccounts.simulateConversion','Simulate conversion'),(2019,'accountFee.removeConfirmation','Remove this account fee?'),(2020,'settings.action.EXPORT','Export'),(2021,'permission.adminMemberPayments.paymentAsMemberToSelf','Member self payment'),(2022,'permission.systemTranslation.view','View'),(2023,'permission.operatorContacts.view','View'),(2024,'permission.adminMemberInvoices.manage','Manage member invoices'),(2025,'permission.adminMemberGuarantees.viewCertifications','View certifications'),(2026,'receiptPrinterSettings.name','Display name'),(2027,'settings.local.identification','Cyclos instance identification'),(2028,'reference.comments','Comments'),(2029,'group.defaultAcceptPaidMailing','Accept paid mailings by default'),(2030,'accountType.removeConfirmation','Remove this account, as well as the transaction types?'),(2031,'ad.title','Title'),(2032,'group.registrationAgreement.none','Not used'),(2033,'settings.local.sms.enable','Enable'),(2034,'transactionFee.description','Description'),(2035,'permission.operatorPayments.poswebMakePayment','Make POSweb payment'),(2036,'serviceClient.modified','The web services client was modified'),(2037,'alert.member.expiredLoan','Expired loan'),(2038,'message.type.ACCOUNT','General account events'),(2039,'menu.admin.alerts.errorLogHistory','Error history'),(2040,'menu.admin.settings.file','Import / Export'),(2041,'references.removeConfirmation','Remove this reference?'),(2042,'account.defaultCreditLimit','Lower credit limit'),(2043,'defaultBrokerCommission.updated','Commission settings updated'),(2044,'profile.modified.emailPending','The profile has been modified, but a confirmation e-mail has been sent to {0} in order to confirm the new e-mail address'),(2045,'changePassword.error.mustIncludeLettersNumbersSpecial','The password must be composed of letters, numbers and special characters'),(2046,'guaranteeType.title.listGuaranteeTypes','Guarantee types'),(2047,'invoice.invalid.schedulingDate','The invoice scheduling date must be before {0}'),(2048,'settings.access.title','Access settings'),(2049,'profile.action.payment','Make payment'),(2050,'payment.recipientUsername','Login (recipient)'),(2051,'permission.memberOperators.manage','Manage operators'),(2052,'loanGroup.errorRemoving','The loan group could not be removed.\nMake sure it has no loans in order to remove it.'),(2053,'customizedFile.newContentsNotification','There is a new (original) version of this customized file. Review it\'s content and check \"resolve conflicts\" before saving.'),(2054,'reports.stats.general.members','Members'),(2055,'help.title.operators','Operators'),(2056,'permission.operatorPayments.ticket','Generate external payment tickets'),(2057,'scheduledPayments.totalAmount','Total amount'),(2058,'transfer.calculatePayments','Calculate'),(2059,'permission.adminAdminAccess.transactionPassword','Manage transaction password'),(2060,'createAdmin.action.saveAndNew','Save and insert new administrator'),(2061,'settings.local.chargebacks','Chargebacks'),(2062,'scheduledPayments.totalPaid','Total paid'),(2063,'profile.action.manageLoginPassword','Manage login password'),(2064,'permission.brokerPos','POS'),(2065,'global.selectNone','Select none'),(2066,'permission.systemReports.current','State report'),(2067,'permission.brokerMemberPayments.paymentAsMemberToSystem','Payment as member to system'),(2068,'permission.adminMemberAccounts','Accounts'),(2069,'menu.member.personal.transactionFeedbacks','Feedback transactions'),(2070,'channel.title.insert','New channel'),(2071,'transactionPassword.NOT_USED','Not used'),(2072,'alert.removed','The selected alert(s) have been removed'),(2073,'permission.adminMemberBulkActions.changeGroup','Change group'),(2074,'permission.systemAccounts.view','View account management'),(2075,'guaranteeType.expireTodayMessage','0 means must expire in the same day'),(2076,'permission.adminMemberPayments.paymentWithDate','Member payment in past date'),(2077,'accountFee.error.mustRechargeOldestLogFirst','This fee execution cannot be recharged because there is an older execution which also failed.\n\nPlease, recharge the older one first.'),(2078,'manual.title.member','Cyclos manual'),(2079,'translationMessage.inserted','The translation key has been inserted'),(2080,'permission.brokerInvoices.denyAsMember','Deny as member'),(2081,'permission.operatorReports.view','View others reports'),(2082,'loan.repayment.transactionPassword.discardOnly','In order to discard this loan payment, you must supply your transaction password'),(2083,'loanGroup.title.modify','Modify loan group'),(2084,'externalAccount.tooltip.import','Transaction file imports'),(2085,'mobile.home.viewPayments','View Payments'),(2086,'customImage.system.icon','Shortcut icon'),(2087,'pendingMember.removed','The pending registration was removed'),(2088,'webshop.confirm.text','Please, check the data above and click the submit button below to confirm the payment'),(2089,'global.search','Search'),(2090,'adImport.invalidFormat','Invalid file format'),(2091,'changePin.error.sameAsLoginOrTransactionPassword','The pin cannot be the same as login or transaction password'),(2092,'loan.queryStatus.CLOSED','Closed / repaid'),(2093,'error.sendingMail','There was an error while sending a mail to {0}'),(2094,'profile.action.manageExternalAccess','External access'),(2095,'groupFilter.inserted','Group filter inserted'),(2096,'serviceOperation.ACCESS','Access informations'),(2097,'loan.repaidAmount','Repaid amount'),(2098,'settings.message.messageMailSuffixHtml','HTML mail body suffix'),(2099,'externalTransferType.title.list','Payment type'),(2100,'invoice.status.EXPIRED','Expired'),(2101,'theme.error.notSelected','No theme selected'),(2102,'group.account.action.new','Associate new account'),(2103,'customField.size','Field size'),(2104,'changeGroup.error.remove.activeMember','An active member cannot be removed.\nTry to move it to a REMOVED group'),(2105,'reports.stats.keydevelopments.numberOfMembers.yAxis','Number'),(2106,'serviceClient.credentialsRequired','Credentials required'),(2107,'permission.basic','Basic'),(2108,'externalTransferImport.error.importing','There was an error while importing the transaction file'),(2109,'reports.members.references.given','Given references'),(2110,'reports.stats.accountFeeFilters','Account Fees'),(2111,'reports.stats.activity.developments.numberOfTransactions','Number of transactions'),(2112,'alert.system.NEW_VERSION_OF_HELP_FILE','New version of help file'),(2113,'general.error.indexedRecordNotFound','A record which had been indexed no longer exists.\n\nPlease, ask the administration to recreate the search indexes '),(2114,'accountFee.disabled','Disabled'),(2115,'permission.systemRegistrationAgreements.view','View'),(2116,'adInterest.removeOne.confirm','Remove ad interest?'),(2117,'permission.systemSettings.file','Export / import to file'),(2118,'fileMapping.decimalSeparator','Decimal separator'),(2119,'message.category.choose','Please, choose a category'),(2120,'memberRecordType.layout','Search results layout'),(2121,'guaranteeType.creditFee.readonly','Read only'),(2122,'errors.unique','{0} is not unique'),(2123,'menu.admin.accounts.systemPayment','System Payment'),(2124,'group.initialGroupShow','Show as'),(2125,'createMember.password','Password'),(2126,'transferType.enabled','Enabled'),(2127,'payment.chargeback.transactionPassword','In order to chargeback this payment, you must supply your transaction password '),(2128,'global.close','Close'),(2129,'menu.admin.settings.log','Log Settings'),(2130,'smsMailing.mailingType.PAID_TO_GROUP','Paid mailing to group'),(2131,'transactionFee.error.removing','The transaction fee could not be removed because it was already charged'),(2132,'payment.action.chargeback','Chargeback'),(2133,'operator.lastLogin','Last login'),(2134,'permission.brokerMessages.view','View'),(2135,'permission.systemGroups.manageMember','Manage member group'),(2136,'reports.stats.keydevelopments.grossProduct.allTransactions','For all transactions'),(2137,'customField.possibleValue.value','Value'),(2138,'reports.members_reports.details_level','Details level'),(2139,'profile.action.references','View & give references'),(2140,'guaranteeType.enabled.tooltip','Guarantee type enabled'),(2141,'message.title.search','Message list'),(2142,'conversionSimulation.date','Conversion date'),(2143,'message.to','To'),(2144,'transferType.availability','Availibility'),(2145,'smsMailing.stillSending','Still sending...'),(2146,'alert.member.givenVeryBadRefs','The member has given {0} very bad references'),(2147,'guarantee.status.REJECTED','Rejected'),(2148,'invoice.accepted.withAuthorization','The invoice was accepted, but the payment still needs authorization to be processed'),(2149,'member.broker','Broker'),(2150,'menu.admin.usersGroups','Users & Groups'),(2151,'reports.stats.general.transferType.chooseOne','Choose one transfer type'),(2152,'adImport.status.SUCCESS','Success'),(2153,'alert.system.negativeVirtualRatedBalance','A negative virtual rated balance has been encountered on system account {0}.\nThe virtual rated balance has been set to 0, but the cause for this error should be checked.'),(2154,'permission.systemInvoices','Invoices'),(2155,'document.visibility','Visibility'),(2156,'pos.error.removing','The POS could not be removed because it belongs to a member\n or has a log associated'),(2157,'notificationPreferences.selectAll','All'),(2158,'externalAccountHistory.error.cannotMarkExternalTransferAsChecked','Only valid pending transfers can be marked as checked'),(2159,'customField.title.list.member','Member custom fields'),(2160,'menu.admin.ads.categories.file','Import / export categories'),(2161,'accountFee.runMode','Run mode'),(2162,'messageCategory.title.modify','Modify message category'),(2163,'global.timePeriod.WEEKS','Week(s)'),(2164,'translationMessage.title.importExport','Import / export translation keys'),(2165,'adImport.totalAds','Total advertisements'),(2166,'invoice.amount','Amount'),(2167,'guaranteeLog.by','Changed by'),(2168,'customField.member.memberCanHide','Member can hide'),(2169,'paymentObligation.usedAmount','Used amount'),(2170,'member.groupFilters','Groups'),(2171,'notificationPreferences.paidSmsLeft','You have {0} paid SMS messages left (expire at {1})'),(2172,'menu.admin.alerts','Alerts'),(2173,'activities.ads','Products & services'),(2174,'certification.removeConfirmation','Remove Certification?'),(2175,'login.username','Account ID'),(2176,'settings.local.memberResultDisplay.NAME','Member name'),(2177,'ad.maxPicturesMessage','This advertisement already have the maximum allowed pictures'),(2178,'customField.memberRecord.showInSearch','Show in search'),(2179,'settings.access.virtualKeyboardTransactionPassword','Virtual keyboard for transaction password'),(2180,'profile.userAllowedToLogin','User is now allowed to login'),(2181,'conversionSimulation.transferType','Transfer type'),(2182,'settings.local.language.ENGLISH','English'),(2183,'menu.member.logout','Logout'),(2184,'customField.orderModified','The field order was modified'),(2185,'global.weekDay.SUNDAY','Sunday'),(2186,'customImage.title.new.custom','New custom image'),(2187,'paymentFilter.transferTypes','Transaction types'),(2188,'externalAccount.name','Name'),(2189,'externalTransferType.removeConfirmation','Remove payment type?'),(2190,'settings.message.commissionContractDenied','Commission contract denied'),(2191,'permission.adminAdmins.remove','Remove'),(2192,'permission.memberPayments','Payments'),(2193,'payment.authorized','The payment has been authorized'),(2194,'payment.title.confirm','Transaction confirmation'),(2195,'loan.queryStatus.AUTHORIZATION_DENIED','Authorization denied'),(2196,'alert.system.rateInitializationFinished','Rate initialization job on currency {0} finished for the following rates:\n{1}'),(2197,'permission.module.type.OPERATOR','Operator permissions of {0}'),(2198,'permission.memberDocuments','Documents'),(2199,'menu.operator.member.activities','Reports'),(2200,'transfer.paymentCount','Payment count'),(2201,'reports.stats.general.table','Table'),(2202,'quickAccess.searchAds','Search ads'),(2203,'menu.admin.ads.categories','Manage Categories'),(2204,'menu.admin.settings.message','Message Settings'),(2205,'error.rateParameters.creationExpirationSmallerThanEmission','Creation Value of D-rate must be greater than creation value of A-rate.'),(2206,'posLog.status','Status'),(2207,'reports.members_reports.transactions.transactionModeRequired','It\'s necessary to select debit or credit transactions'),(2208,'currency.symbol','Symbol'),(2209,'image.details.error','The image details could not be saved'),(2210,'message.action.RESTORE','Restore'),(2211,'invoice.date','Date'),(2212,'adCategory.title.modify','Modify advertisement category'),(2213,'loan.title.search','Search loans'),(2214,'reports.stats.chooseStatistics','Please choose reports to be shown'),(2215,'guarantee.title.guaranteeDetails','Guarantee details'),(2216,'changeBroker.changed','The broker was changed'),(2217,'memberImport.lineNumber','Line #'),(2218,'group.title.modify.member','Edit member group settings'),(2219,'permission.memberPreferences.manageReceiptPrinterSettings','Manage receipt printers'),(2220,'message.type.AD_INTEREST','Ad interests notifications'),(2221,'reports.stats.finances.ThroughTime.income','Income'),(2222,'reports.members.ads.active','Active'),(2223,'changePin.error.invalidTransactionPassword','Incorrect transaction password'),(2224,'externalTransferType.action.CONCILIATE_PAYMENT','Conciliate payment'),(2225,'channel.credentials.CARD_SECURITY_CODE','Card security code'),(2226,'permission.adminMemberPos.assign','Assign'),(2227,'conversionSimulation.result.graph.yAxis','Fee amount'),(2228,'customField.control.TEXT','Text box'),(2229,'reports.stats.activity.developments','Developments '),(2230,'permission.adminMemberReports','Activities report'),(2231,'channel.enableSMSLinkTo','notifications'),(2232,'adImport.status.INVALID_COLUMN','Invalid column: {0}'),(2233,'invoice.status.DENIED','Denied'),(2234,'transfer.channel','Payment through'),(2235,'mobile.viewPayments.related','User'),(2236,'memberImport.status.INVALID_UPPER_CREDIT_LIMIT','Invalid upper credit limit: {0}'),(2237,'guaranteeType.issueFee.readonly','Read only'),(2238,'reports.stats.taxes.paid.both','Both'),(2239,'paymentObligation.status.EXPIRED','Expired'),(2240,'message.error.memberCannotReceive','The message could not be sent because the member chose not to receive messages'),(2241,'settings.local.memberSortOrder','Sort order for member result lists'),(2242,'adCategory.imported','The categories were successfully imported'),(2243,'settings.message.adminNewMember','New member registration'),(2244,'permission.memberMessages.manage','Manage'),(2245,'group.customizedFiles.customized','The file is now customized for this group'),(2246,'adminTasks.indexes.status.CORRUPT','Corrupt'),(2247,'permission.systemReports.smsLogs','Sent SMS messages'),(2248,'registrationAgreement.title.accept','Registration agreement'),(2249,'changeGroup.admin.permanentlyRemovedMessage','The administrator has been permanently removed'),(2250,'transactionFee.fromGroups','From groups'),(2251,'reports.stats.activity.comparePeriods.grossProduct.yAxis','Gross Product'),(2252,'settings.message.title.edit','Edit notification'),(2253,'group.account.title.modify','Modify account settings for group {0}'),(2254,'customImage.system.message_unread','Unread message icon'),(2255,'createMember.initialGroup.preface.byBroker','Please, choose the group for the new member'),(2256,'permission.adminMemberCards','Cards'),(2257,'reports.stats.activity.topten.numberTransactions.title','Top ten of number of transactions per number'),(2258,'changeGroup.member.expired','Registration on group has expired'),(2259,'reports.members.accounts.credits','Lower credit limits'),(2260,'settings.local.memberSortOrder.ALPHABETICAL','Alphabetical'),(2261,'permission.adminMemberInvoices.acceptAsMemberFromSystem','Accept invoice from system as member'),(2262,'infoText.errorRemoving','The info text could not be removed'),(2263,'memberImport.file','CSV file'),(2264,'reports.stats.finances.balance','Balance'),(2265,'guaranteeType.registerGuarantee','Register guarantee'),(2266,'messageCategory.modified','The message category was modified'),(2267,'customField.parent','Parent field'),(2268,'brokerCommission.inserted','The broker commission was inserted '),(2269,'customImage.system.view','View icon'),(2270,'transactionFee.toGroups','To groups'),(2271,'infotext.active','Active'),(2272,'permission.memberMessages.sendToMember','Send to member'),(2273,'ticket.date','Date'),(2274,'document.visibility.MEMBER','Member'),(2275,'permission.adminAdminRecords.delete','Delete'),(2276,'global.title.results','Results'),(2277,'adminTasks.indexes.status.MISSING','Missing'),(2278,'externalTransferProcess.title','Process payments on {0}'),(2279,'sms.error.type.NO_SMS_LEFT','No messages left'),(2280,'transfer.submitDate','Submitted at'),(2281,'memberRecordType.title.list','Member record types'),(2282,'cardLog.date','Date'),(2283,'brokerCommissionContract.action.remove','Remove'),(2284,'reports.stats.general.selectMulti','Select one or more'),(2285,'transactionPassword.action.block','Block transaction password'),(2286,'groupFilter.customizedFiles.title.new','Customize new file for {0}'),(2287,'menu.admin.accessDevices.cardType.manage','Manage card types'),(2288,'permission.systemGroupFilters','Group filters'),(2289,'customField.type.STRING','String'),(2290,'settings.local.csv.useHeader','Show header'),(2291,'permission.systemStatus.viewConnectedOperators','View connected operators'),(2292,'permission.memberDocuments.view','View'),(2293,'accountType.action.new','Insert new account'),(2294,'guaranteeType.loanTransferType','Loan'),(2295,'customField.title.modify.payment','Modify custom field for {0}'),(2296,'account.defaultUpperCreditLimit','Upper credit limit'),(2297,'authorizationLevel.error.maxLevel','It\'s not possible to insert more than {0} authorization levels'),(2298,'changeGroup.member.permanentlyRemovedMessage','The member has been permanently removed'),(2299,'permission.operatorLoans.repay','Repay'),(2300,'reports.stats.keydevelopments.averageAmountPerTransaction.yAxis','Average amount / trans.'),(2301,'customField.control.RICH_EDITOR','Rich text editor'),(2302,'reports.stats.finances.overview','Overview'),(2303,'theme.theme','Theme'),(2304,'reports.members.print_btn','Print report'),(2305,'transferAuthorization.by','Performed by'),(2306,'adInterest.modified','Ad interest modified'),(2307,'group.settings.smsAdditionalCharged','Additional charged SMS package'),(2308,'customImage.system.quickAccess_contacts','Quick access: contacts'),(2309,'memberImport.accountType','Account type'),(2310,'conversionSimulation.aRate.targeted','Targeted A rate'),(2311,'brokerCommissionContract.startDate.to','To'),(2312,'memberImport.processed','The members were successfuly imported'),(2313,'reports.transactions_report.credits','credits'),(2314,'member.bulkActions.changeBroker.confirmation','Are you sure to change the broker of all members matching the filters?'),(2315,'mobile.payment.error.maxAmountPerDay.at','You have already reached the maximum amount at {1}'),(2316,'guaranteeType.error.removing','Error removing guarantee type. Should be exist a guarantee or certification using this one.'),(2317,'ad.print.since','Published since'),(2318,'reports.stats.general.period','Period'),(2319,'menu.admin.usersGroups.admins','Manage Admins'),(2320,'menu.member.broker.brokerCommissionContracts','Commission contracts'),(2321,'reports.stats.finances.singlePeriod.overview.title','Overview System account'),(2322,'accountType.title.new','New account'),(2323,'permission.operatorLoans.view','View'),(2324,'login.registration.title','Don\'t have a login name yet?'),(2325,'payment.status.BLOCKED','Blocked'),(2326,'error.accessDenied','Access Denied'),(2327,'manual.title.stats','Cyclos statistics manual'),(2328,'adminTasks.indexes.title','Manage indexes'),(2329,'transferType.invalidDestinationType','The currency of the destination account type can not be diferent from the currency of the source account type'),(2330,'customField.title.insert.ad','New advertisement custom field'),(2331,'settings.message.expiredGuarantee','Expired guarantee'),(2332,'reports.stats.general.nodata','Too little data (or no data at all) avaialble for this item. '),(2333,'changeBroker.suspendCommission','Suspend commission '),(2334,'settings.mailTranslation.modified','The mail translation was modified'),(2335,'adImport.file','CSV file'),(2336,'permission.adminMemberGuarantees.cancelCertificationsAsMember','Cancel certifications'),(2337,'loanPayment.summary.paymentsToReceive','Payments to receive'),(2338,'reports.stats.activity.title','Statistics of activities...'),(2339,'posweb.action.searchTransactions','Transactions'),(2340,'brokering.status.ACTIVE','Active'),(2341,'guarantee.validity','Validity'),(2342,'posLog.assignTo','Assign to'),(2343,'permission.systemChannels','Channels'),(2344,'invoice.cancelConfirmationMessage','Cancel outgoing invoice to {0} of {1}?\n\nPlease click OK to confirm.'),(2345,'errors.pageNotFound','The page you tried to access was not found'),(2346,'guarantee.issueFee','Issue fee'),(2347,'errorLog.path','Path'),(2348,'disconnect.error.notConnected','The user is no longer connected'),(2349,'reports.stats.keydevelopments.throughTime.months','Through months'),(2350,'reports.stats.activity.comparePeriods.loginTimes.yAxis','Logins / member'),(2351,'permission.adminAdminRecords','Administrator records'),(2352,'posLog.title','POS Log'),(2353,'customField.payment.access.TO_ACCOUNT','For the destination account only'),(2354,'menu.admin.reports.simulations','Simulations'),(2355,'guaranteeType.fee.value','Value'),(2356,'profile.action.message','Send message'),(2357,'reports.members_reports.member_groups','Member groups'),(2358,'loan.totalAmount','Total amount'),(2359,'transfer.commision.broker.notcommision','There are no commisions'),(2360,'registrationAgreement.contents','Contents'),(2361,'reports.stats.keydevelopments.throughTime.selectYears','Select years'),(2362,'loan.repayment.amountToRepaid','Amount'),(2363,'permission.systemServiceClients.manage','Manage'),(2364,'transferType.requiresAuthorization','Requires authorization'),(2365,'loan.group.personal','Personal'),(2366,'permission.adminMemberGuarantees.viewGuarantees','View guarantees'),(2367,'changePin.newPin','New pin'),(2368,'reference.from','From'),(2369,'customField.member.indexing.MEMBERS_ONLY','Members only'),(2370,'permission.systemReports.dRateConfigSimulation','D-rate configuration simulation'),(2371,'reports.current.invoices','Invoices'),(2372,'defaultBrokerCommission.validity.always','Always'),(2373,'loan.queryStatus.PENDING_AUTHORIZATION','Pending authorization'),(2374,'message.date','Date'),(2375,'reports.members.date.empty','Date and time must be informed'),(2376,'settings.log.modified','The log settings were modified'),(2377,'posweb.error.channelDisabled','The given member cannot access the posweb channel'),(2378,'accountFeeLog.neverRan','Never ran'),(2379,'currency.name','Name'),(2380,'paymentObligation.status.CANCELED','Canceled'),(2381,'customImage.error.wrongType','{0} must be of type {1}'),(2382,'error.iRateParameters.notOffLine','The I-rate has not been enabled, because the system must be set off-line,\n as this may be a heavy task on big databases.\n\n You can set the system off-line via the menu: settings > system tasks.'),(2383,'loan.firstExpirationDate','First expiry date'),(2384,'mailPreferences.systemAlert','System alerts'),(2385,'permission.adminMemberPayments','Member payments'),(2386,'createMember.public.errorSendingMail','Sorry, but there was an error while sending the e-mail to validate the account.\n\nPlease, try again later.'),(2387,'profile.action.invoices','View invoices'),(2388,'settings.message.cardSecurityCodeBlocked','Card security code blocked by invalid trials'),(2389,'menu.admin.usersGroups.pendingMembers','Pending members'),(2390,'transferType.removed','The transaction type was removed'),(2391,'adInterest.removed','Ad interest removed'),(2392,'guaranteeType.removed','The guarantee type was removed '),(2393,'profile.pendingEmailLastSent','Last e-mail sent at {0}'),(2394,'member.search.allGroupFilters','All group filters'),(2395,'category.order.alpha','Sort by alphabetical order'),(2396,'reports.current.n_schedads','Number of scheduled advertisements'),(2397,'card.action.unblock','Unblock'),(2398,'createMember.assignPassword','Assign password'),(2399,'help.title.content_management','Content Management'),(2400,'mobile.payment.amount','Amount'),(2401,'createMember.created','The member has been created'),(2402,'alert.system.nullIRate','I-rate had unexpected null for account {0}. You may want to reinitialize the i-rate.'),(2403,'member.bulkActions.error.emptyQuery','You should select at least one filter'),(2404,'theme.title.select','Theme selection'),(2405,'adCategory.children','Child categories'),(2406,'pos.status','Status'),(2407,'externalTransferImport.chooseFile','Transaction file'),(2408,'adInterest.type','Type'),(2409,'member.bulkActions.generateCard','Generate card'),(2410,'permission.memberReferences.view','View'),(2411,'alert.system.adminTransactionPasswordBlockedByTries','The transaction password of admin \'{0}\' is now blocked by exceeding maximum amount of tries ({1}). The remote IP address is {2}'),(2412,'smsMailing.mailingType.FREE_TO_GROUP','Free mailing to group'),(2413,'paymentObligation.buyerUsername','Buyer login'),(2414,'authorizationLevel.inserted','Authorization level inserted'),(2415,'memberImport.status.INVALID_USERNAME','Login name is invalid: {0}'),(2416,'error.loggedOut','You have been logged out from the system.'),(2417,'account.iRate','I rate'),(2418,'memberImport.initialCreditTransferType','Payment type for positive balances'),(2419,'scheduledPayments.searchType.OUTGOING','Outgoing'),(2420,'group.settings.pinBlockTimeAfterMaxTries','Pin block time after max tries'),(2421,'settings.log.scheduledTaskLevel.ERRORS','Errors only'),(2422,'permission.brokerMembers.changeEmail','Change e-mail'),(2423,'transactionFee.fInfinite','Value at infinite asymptote'),(2424,'customField.title.order.loanGroup','Set loan group custom field order'),(2425,'permission.adminMemberLoans.repayWithDate','Repay loan in past date'),(2426,'receiptPrinterSettings.new','Insert new'),(2427,'sms.type.REQUEST_PAYMENT.description','Request payment'),(2428,'connectedUsers.nature.select','Please, select user type'),(2429,'permission.memberInvoices.sendToMember','Send to member'),(2430,'customField.possibleValue.title.insert','Insert value'),(2431,'certification.status','Status'),(2432,'settings.action','Action'),(2433,'memberImport.initialDebitTransferType.empty','Ignore negative balances'),(2434,'member.generateCard.confirmation','Generate a card for {0}?'),(2435,'externalTransferType.action.GENERATE_MEMBER_PAYMENT','Generate payment to member'),(2436,'document.removed','The document was removed'),(2437,'session.loggedAs','Logged user: {0}'),(2438,'card.changeCardCode.confirmation','Change security card code?'),(2439,'payment.error.transferMinimum','The amount to transfer is less than the allowed minimum ({0}).'),(2440,'payment.chargedBack','The payment was charged back'),(2441,'guarantee.buyerUsername','Buyer login'),(2442,'customImage.system.mobileSplash_medium','Mobile: medium splash image'),(2443,'settings.access.generatedUsernameLength','Generated login length'),(2444,'certification.usedAmount','Used amount'),(2445,'menu.member.guarantees','Guarantees'),(2446,'payment.error.ratesRequiresLocksOnAllAccounts','With rates enabled, all accounts need to be locked.\nContact the organization in order to correctly set the needed cyclos properties for this. '),(2447,'settings.message.brokeringRemoved','Brokering manually removed'),(2448,'brokerCommission.action.unsuspend','Unsuspend'),(2449,'smsMailing.mailingType.FREE_FROM_BROKER','Free from broker'),(2450,'transfer.date','Date'),(2451,'card.status.securityCodeBlocked','Card security code is blocked'),(2452,'adImport.status.MISSING_TITLE','Missing title'),(2453,'guarantee.starts','Starts'),(2454,'memberRecordType.removeConfirmation','Remove this member record type?'),(2455,'errorLog.loggedUser','Logged user'),(2456,'posweb.target.name','Name (recipient)'),(2457,'settings.message.brokerRemovedRemarkComments','Broker removed remark'),(2458,'smsMailing.sendType.group','To group'),(2459,'memberRecord.search.noResults','No {0} were found'),(2460,'reference.action.remove','Remove'),(2461,'card.blocked','Card blocked'),(2462,'permission.brokerInvoices.sendAsMemberToSystem','Send as member to system'),(2463,'adImport.title.details.success','Advertisements successfully imported'),(2464,'receiptPrinterSettings.localPrinter','Print on this computer using'),(2465,'accountFee.chargeMode.NEGATIVE_BALANCE_PERCENTAGE','Negative balance percentage'),(2466,'adminTasks.indexes.status.ACTIVE','Active'),(2467,'customImage.title.custom','Custom images'),(2468,'accountFee.firstPeriodAfter','Enabled since'),(2469,'card.expirationPeriod.from','Expire from'),(2470,'memberRecordType.showMenuItem','Show menu item'),(2471,'transactionFee.chargeType.MIXED_A_D_RATES','Mixed A and D rates'),(2472,'permission.systemDocuments.manage','Manage'),(2473,'ad.title.of','Advertisements of {0}'),(2474,'transferType.loanParameters','Loan parameters'),(2475,'reports.stats.general.perMember','per member'),(2476,'accountType.limitType.LIMITED','Limited'),(2477,'loan.group.members','Members in group'),(2478,'changeGroup.operator.permanentlyRemovedMessage','The operator has been permanently removed'),(2479,'home.admin.status.systemUptime','Application uptime'),(2480,'alert.member.EXPIRED_LOAN','Expired loan'),(2481,'alert.system.maxIncorrectLoginAttempts','Maximum login attempts ({0}) with incorrect username reached from IP {1}'),(2482,'accountFee.freeBase','Free base'),(2483,'ad.title.my','My advertisements'),(2484,'fileMapping.columnSeparator','Column separator'),(2485,'brokerCommissionContract.search.noResults','No contracts were found'),(2486,'accountOverview.title.system','System accounts'),(2487,'externalTransferProcess.loanDescription','#{0}, at {1}, of {2}'),(2488,'infoText.nomatch.subject','No match for message with key: {0}.'),(2489,'profile.operator.title.of','Profile of {0}'),(2490,'global.weekDay.short.MONDAY','Mon'),(2491,'message.type.CERTIFICATION','Certifications'),(2492,'loanGroup.title.addMember','Add {0} to loan group'),(2493,'reports.transactions_report.system_to_member_invoices','{0} of system to member invoices: {1}'),(2494,'member.lastLogin','Last login'),(2495,'menu.operator.account.accountInformation','Account Information'),(2496,'group.rootUrl','Application root URL'),(2497,'accountFeeLog.fee','Account fee'),(2498,'permission.adminMemberGuarantees.acceptGuaranteesAsMember','Accept guarantees'),(2499,'reports.stats.activity.histogram.logins','Histogram of logins per member'),(2500,'transferAuthorization.authorizerAdmin','Authorizer'),(2501,'transfer.totalAmount','Total amount'),(2502,'reports.stats.activity.throughTime.numberTransactions','Number of Transactions per member'),(2503,'transfer.firstPaymentDate','First payment date'),(2504,'account.transactionPasswordRequired','Require transaction password'),(2505,'payment.title.memberToMember','Payment to member'),(2506,'transactionFee.whichBroker.DESTINATION','Receiving member\'s broker'),(2507,'account.status.ACTIVE','Active'),(2508,'reports.stats.general.graph.selectAll','Select all graphs'),(2509,'conversionSimulation.result.graph.subtitle','Conversion amount: {0}'),(2510,'payment.authorizeConfirmationMessage','You are going to authorize this payment.\n\nPlease click OK to confirm'),(2511,'mobile.viewPayments.title','View Payments'),(2512,'profile.operator.title.my','My profile'),(2513,'permission.memberPayments.paymentToSystem','System payments'),(2514,'reports.error.formDisplayError','Error displaying the form'),(2515,'theme.import.successful','The theme was successfully imported'),(2516,'settings.message.sms','SMS message'),(2517,'pos.pinChanged','The PIN was updated'),(2518,'card.group','Group'),(2519,'adCategory.alterOrder','Alter order'),(2520,'payment.confirmation.header','You are about to perform the following payment:'),(2521,'permission.adminMemberPayments.authorize','Authorize payments'),(2522,'permission.memberAccess.unblockPin','Unblock pin'),(2523,'reports.stats.taxes.paid.notPaid','Not Paid'),(2524,'permission.systemCurrencies.view','View'),(2525,'posweb.printReceipt','Payment successful. Click here or press F4 to print receipt'),(2526,'transactionPassword.action.reset','Reset transaction password'),(2527,'transactionFee.title.simple.insert','Insert transaction fee'),(2528,'message.action.confirmDelete','Are you sure to permanently remove the messages?'),(2529,'group.settings.emailValidation','E-mail validation'),(2530,'settings.message.adInterest','Ad interest'),(2531,'quickAccess.makePayment','Payment'),(2532,'global.weekDay.FRIDAY','Friday'),(2533,'customField.ad.visibility.WEB_SERVICE','Brokers and webservices'),(2534,'loan.title.details','Loan details'),(2535,'transactionPassword.generated','Your transaction password is:'),(2536,'alert.type.SYSTEM','System'),(2537,'settings.neverAlertMessage','0 never alerts'),(2538,'memberRecord.error.removing','Error removing {0}'),(2539,'customImage.system.quickAccess_searchMembers','Quick access: search members'),(2540,'settings.local.csv','CSV export'),(2541,'permission.adminMemberLoanGroups.view','View'),(2542,'reports.stats.activity.topten.andMore','(... and {0} more members with same score...)'),(2543,'transactionFee.gFIsZero','reaches 0% after x % of guarantee passed'),(2544,'error.systemOverloaded','The system is currently above it\'s capacity.\n\nPlease, try again in a few minutes.'),(2545,'home.status.paymentsAwaitingFeedback','You have {0} payments awaiting feedback'),(2546,'home.admin.status.unreadMessages','Unread messages'),(2547,'home.admin.status.systemAlerts','Number of system alerts'),(2548,'brokerCommissionContract.title.insert','Insert broker commission contract'),(2549,'translationMessage.import.type','What to do'),(2550,'customField.type.FLOAT','Decimal number'),(2551,'quickAccess.title','Quick access'),(2552,'errors.periodEndRequired','End date of {0} is required'),(2553,'permission.systemMemberRecordTypes.manage','Manage'),(2554,'loanPayment.status','Status'),(2555,'paymentFilter.removeConfirmation','Remove this payment filter?'),(2556,'connectedUsers.noOperators','There are no operators currently logged in'),(2557,'accountHistory.conciliation.conciliationStatus','Conciliation status'),(2558,'global.pagination.tooltip.previous','Previous page'),(2559,'transferAuthorization.title.list','Authorized transaction actions'),(2560,'permission.adminMemberPayments.cancelScheduledAsMember','Cancel scheduled payment as member'),(2561,'settings.log.webServiceLevel.ERRORS','Errors only'),(2562,'payment.newPayment','Make new payment'),(2563,'group.settings.passwordTries.deactivationTime','Deactivation time after max password tries'),(2564,'memberPos.changePin.notEqual','PIN are not equal'),(2565,'brokering.status','Status'),(2566,'mobile.error.inactiveUser','You have not been activated yet, contact the Administration'),(2567,'permission.adminMemberSms','SMS logs'),(2568,'pos.discardPos.confirmation','Discard POS?'),(2569,'guaranteeType.model.WITH_PAYMENT_OBLIGATION','With payment obligation'),(2570,'memberRecord.title.search.global','Search {0}'),(2571,'externalTransfer.removed','External transfer removed'),(2572,'memberImport.status.MISSING_NAME','Name is missing'),(2573,'alert.system.indexRebuildEnd','Search index rebuilding for {0} was finished at {1}'),(2574,'customImage.thumbnail','Thumbnail'),(2575,'transfer.title.details','Transaction details'),(2576,'authorizationLevel.title.list','Authorization levels'),(2577,'accountFeeLog.totalCollectedAmount','Total collected amount'),(2578,'settings.message.pinBlocked','PIN blocked by invalid trials'),(2579,'guaranteeType.issueFeeTransferType','Issue fee'),(2580,'adCategory.new','Insert new category'),(2581,'message.type.FROM_MEMBER','Messages from members'),(2582,'webshop.confirm.transactionPassword','In order to confirm this payment, please, supply your transaction password'),(2583,'brokerCommissionContract.denied','The broker commission contract was denied'),(2584,'notificationPreferences.acceptPaidMailing','Accept charged SMS mailings'),(2585,'customizedFile.name','File name'),(2586,'settings.message.member.title','Member notifications'),(2587,'externalTransferImport.title.import','Import transactions for {0}'),(2588,'transfersAwaitingAuthorization.onlyWithoutBroker','Only if brokers can\'t authorize'),(2589,'accountFeeLog.totalInvoices','Total invoices'),(2590,'menu.admin.settings.alert','Alert Settings'),(2591,'memberImport.status.MISSING_RECORD_FIELD','{0} is missing'),(2592,'createMember.public.alreadyExists','The login name is already in use, please choose another one.'),(2593,'account.status.INACTIVE','Inactive'),(2594,'mobile.viewPayments.date','Date'),(2595,'invoice.title.system','System invoices'),(2596,'global.month.OCTOBER','October'),(2597,'home.admin.status.refresh','Refresh'),(2598,'invoice.title.details','Invoice details'),(2599,'menu.operator.personal.profile','Profile'),(2600,'loan.repayment.discard.payment.confirmationMessage','Are you sure to discard this payment?'),(2601,'reference.removed','Reference removed'),(2602,'alert.system.rateInitializationStarted','Rate initialization job on currency {0} started for the following rates:\n{1}'),(2603,'changeGroup.title.history','History'),(2604,'reports.stats.keydevelopments.transactionAmount','Amount per transaction'),(2605,'accountType.limitType','Limit type'),(2606,'permission.brokerInvoices.cancelAsMember','Cancel as member'),(2607,'transfer.chargebackOf','Chargeback of'),(2608,'customizedFile.title.preview','Preview of {0}'),(2609,'transferType.error.hasPendingPayments','This payment type cannot have authorization removed because there are pending payments'),(2610,'customImage.system.conciliated','External payment: conciliated'),(2611,'guaranteeType.creditFee','Credit fee'),(2612,'reports.stats.finances.singlePeriod.income','Income'),(2613,'permission.brokerInvoices.acceptAsMemberFromSystem','Accept invoice from system as member'),(2614,'menu.member.account.systemPayment','System Payment'),(2615,'pos.actions.changeParameters','Change parameters'),(2616,'profile.action.byMember.title','Member actions for {0}'),(2617,'changePassword.resetAndSent','The password was reset and sent to member'),(2618,'invoice.denyConfirmationMessage','Deny incoming invoice from {0} of {1}?\n\nPlease click OK to confirm.'),(2619,'group.settings.cardType','Card type'),(2620,'guarantee.expirationTimeForIssuer','Expiration time for issuer'),(2621,'guarantee.listGuaranteeTypes','Guarantee types list'),(2622,'changePassword.resetAndSend','Reset password & send by e-mail'),(2623,'changePassword.newPasswordConfirmation','Confirm new password'),(2624,'customField.possibleValue.removeConfirmation','Remove this value?'),(2625,'changeGroup.member.changed','The member\'s group was changed'),(2626,'account.upperCreditLimit','Upper credit limit'),(2627,'message.category','Category'),(2628,'transferType.defaultFeedbackComments','Feedback comments on expiration'),(2629,'smsLog.messageType','Notification type'),(2630,'accountFee.title.insert','Insert account fee'),(2631,'permission.adminMemberAccounts.scheduledInformation','View scheduled payments'),(2632,'settings.local.language.CHINESE_SIMPLIFIED','Chinese (Simplified)'),(2633,'loan.repayment.transactionPassword.repayOnly','In order to repay this loan, you must supply your transaction password'),(2634,'externalTransfer.status.CHECKED','Checked'),(2635,'invoice.acceptConfirmationMessage.fees','If you accept the invoice, the following fees will be applied: '),(2636,'defaultBrokerCommission.status.SUSPENDED','Suspended'),(2637,'currency.error.pattern','must include #amount#, which will be replaced by the actual amount'),(2638,'customField.payment.access.BOTH_ACCOUNTS','For both accounts'),(2639,'global.datePattern.day','dd'),(2640,'errors.periodExpired','All the {0} period can\'t be before the current date'),(2641,'menu.member.account.systemInvoice','System Invoice'),(2642,'settings.message.paymentObligationRegistered','New payment obligation published'),(2643,'group.settings.maxAdPublicationTime','Max ad publication time'),(2644,'posweb.searchTransactions.title','Transactions list'),(2645,'permission.adminMembers.changeName','Change full name'),(2646,'reports.members_reports.system_invoices.paymentFilterRequired','To show system invoices, it\'s necessary to choose at least one payment filter'),(2647,'reports.stats.activity.throughTime.numberTransactions.title','Number of Transactions per member through the time'),(2648,'pos.title.insert','Insert POS'),(2649,'adInterest.title','Interest name'),(2650,'invite.sent','Invitation mail sent to {0}'),(2651,'paymentObligation.buyer','Buyer'),(2652,'adCategory.navigator.root','Main category'),(2653,'permission.systemServiceClients','Web services clients'),(2654,'customField.title.insert.loanGroup','New loan group custom field'),(2655,'sms.error.type.NOT_ENOUGH_FUNDS','Not enough funds'),(2656,'ad.search.action.toggleFilter','Filters'),(2657,'reports.stats.choose.miscellaneous','Miscellaneous statistics'),(2658,'settings.log.webServiceLevel.SIMPLE','Simple tracing (no parameters)'),(2659,'group.account.modified','The group account was modified'),(2660,'reports.stats.taxes.numberOfCharges','Charges'),(2661,'group.customizedFiles.modified','The file has been modified for this group'),(2662,'conversionSimulation.title.of','Conversion simulation for {0}'),(2663,'reports.stats.activity.comparePeriods.numberTransactions.row2.short','all'),(2664,'permission.memberSms.view','View'),(2665,'certification.title.search','Search Certifications'),(2666,'permission.systemErrorLog','Error log'),(2667,'menu.admin.contentManagement.manageThemes','Themes'),(2668,'brokerCommissionContract.title.list','Broker commission contracts'),(2669,'paymentObligation.pack.paymentObligationPeriod','Max. period between obligations:'),(2670,'invoice.accepted','The invoice was accepted'),(2671,'settings.message.loanExpiration','Loan expiry'),(2672,'rates.i','I-rate'),(2673,'brokerCommissionContract.action.accept','Accept'),(2674,'rates.reinitialize','Re-initialize rates'),(2675,'adImport.status.MISSING_DESCRIPTION','Missing description'),(2676,'home.admin.status.openInvoices','Open system invoices'),(2677,'rates.d','D-rate'),(2678,'icon.title.conciliated','Payment conciliated'),(2679,'rates.a','A-rate'),(2680,'channel.defaultPrincipal','Default user identification'),(2681,'transfer.fromOrTo','From / to'),(2682,'settings.message.pendingPaymentCanceled','Pending payment canceling'),(2683,'reports.stats.activity.comparePeriods.numberTransactions.row2','Number of Transactions over all members'),(2684,'conversionSimulation.title.my','Conversion simulation'),(2685,'reports.stats.activity.comparePeriods.numberTransactions.row1','Number of Transactions per trading member'),(2686,'invoice.status','Status'),(2687,'payment.recipient','Recipient'),(2688,'customImage.system.print','Print icon'),(2689,'settings.local.numberLocale','Number format'),(2690,'transferType.availability.DISABLED','Disabled'),(2691,'login.pin','Pin'),(2692,'help.title.access_devices','Access devices'),(2693,'contact.title.list','Contact list'),(2694,'guaranteeType.pendingGuaranteeExpiration','Max pending guarantee period'),(2695,'settings.local.deleteMessagesOnTrashAfter','Delete messages on trash after'),(2696,'settings.local.applicationName','Application name'),(2697,'guaranteeType.enabledGuaranteeType','Enabled'),(2698,'loan.repayment.transactionPassword.repayOrDiscard','In order to repay or discard this loan payment, you must supply your transaction password'),(2699,'settings.message.expiredCertification','Expired certification'),(2700,'createOperator.passwordConfirmation','Confirm password'),(2701,'brokerCommissionContract.brokerCommission','Commission type'),(2702,'settings.local.maxIteratorResults','Max. printed lines'),(2703,'changePassword.error.mustBeAlphaNumeric','The password can only contain letters or numbers'),(2704,'permission.brokerCards.view','View'),(2705,'paymentObligation.sellerUsername','Seller login'),(2706,'transfer.Conciliated','Conciliated'),(2707,'changeGroup.operator.confirmPermanentRemove','Remove operator permanently?'),(2708,'menu.admin.usersGroups.connectedUsers','Connected users'),(2709,'document.name','Name'),(2710,'invoice.action.deny','Deny'),(2711,'document.title.modify','Modify document'),(2712,'permission.adminMemberGuarantees','Guarantees'),(2713,'smsMailing.sendType','Send type'),(2714,'group.customizedFiles.title','Customized files'),(2715,'accountFeeLog.finished','Finished'),(2716,'group.settings.maxAdImagesPerMember','Max images per ad'),(2717,'permission.memberPayments.cancelScheduled','Cancel scheduled payment'),(2718,'member.title.search','Search members'),(2719,'reports.members.members','Members'),(2720,'global.tooltip.remove','Remove'),(2721,'externalTransferType.title.modify','Modify payment type'),(2722,'certification.title.modify','Modify Certification'),(2723,'memberPos.name','POS name'),(2724,'settings.local.emailUnique','E-mail should be unique'),(2725,'reference.level.NEUTRAL','Neutral'),(2726,'mobile.viewPayments.noPayment','You have no payments'),(2727,'customField.title.modify.member','Modify member custom field'),(2728,'externalAccountHistory.transferImport.title','Transactions of {0} imported at {1}'),(2729,'profile.action.paymentAsMemberToMember','Payment member to member'),(2730,'receipt.transfer.transactionNumber','Transaction nr: {0}'),(2731,'currency.dRate.initValue','Initialization value D-rate'),(2732,'paymentRequest.search.empty','You don\'t have any payment requests for the given filters'),(2733,'memberImport.title.details.success','Members successfully imported'),(2734,'member.loanGroups','Loan groups'),(2735,'reports.stats.general.maxItemsExceded','You\'ve exceeded the maximum of data you may request.\nRequesting this much may cause a too high load on the server.\nPlease limit your request; see help for details.\nMaximum number of datapoints is {0}; number presently requested was {1}.'),(2736,'reference.title.received','Received references for {0}'),(2737,'scheduledPayments.searchType','Search type'),(2738,'reports.stats.keydevelopments.numberOfMembers.title','Developments in number of members'),(2739,'brokerCommission.unsuspendConfirmation','Do you want to unsuspend this commission?'),(2740,'customizedFile.title.search.page','Customized application pages'),(2741,'reports.members_reports.include_no_traders','Include members without transactions'),(2742,'ad.search.noResults','No advertisements were found'),(2743,'paymentObligation.accept','Accept'),(2744,'menu.member.account.scheduledPayments','Scheduled payments'),(2745,'guarantee.title.authorizeGuarantee','Authorize guarantee'),(2746,'mobile.login.accessUsing','Use {0}'),(2747,'transferType.availability.PAYMENT','Payment to others'),(2748,'externalAccount.removeConfirmation','Remove this external account?'),(2749,'menu.admin.accounts.authorizedLoans','Authorized loans'),(2750,'transactionFee.action.broker.new','Insert new broker commission'),(2751,'currency.dRate.interest','Interest rate'),(2752,'menu.admin.guarantees.listGuaranteeTypes','Guarantee Types'),(2753,'menu.operator.member.contacts','Contacts'),(2754,'customImage.system.pending','External payment: pending'),(2755,'settings.log.transactionLevel.OFF','Off'),(2756,'group.settings.transactionPassword.length','Transaction password length'),(2757,'menu.contact','Contact'),(2758,'permission.operatorGuarantees.issueGuarantees','Use guarantee type'),(2759,'webshop.payment.enterPasswordText','Password'),(2760,'transactionFee.subject.DESTINATION','Member receiving (destination)'),(2761,'changePin.error.obvious','Pin is too simple. It cannot be sequential, nor equals to any profile field'),(2762,'login.redirectFromMessage','In order to proceed please login'),(2763,'loan.summary.loans','Loans'),(2764,'adInterest.new','Insert new ad interest'),(2765,'group.settings.emailValidation.ADMIN','Administrator'),(2766,'customField.description','Description'),(2767,'reports.stats.general.comparePeriods','Compare 2 periods'),(2768,'invoice.accept.header','You are about to accept an invoice and perform the following payment:'),(2769,'permission.adminMemberMessages.view','View'),(2770,'permission.adminAdminAccess.changePassword','Change login password'),(2771,'customField.member.access.MEMBER_NOT_OPERATOR','Member, not operator'),(2772,'payment.selectTransferType','Select the payment type'),(2773,'group.settings.passwordLength.min','Min password length'),(2774,'customField.internalName','Internal name'),(2775,'rates.error.rateNotEnabledForInit','You tried to initialize a rate, but that rate is not enabled. You must enable it first on the currency.'),(2776,'reports.current.balance_account','Balance of {0}'),(2777,'permission.adminMemberCards.changeCardSecurityCode','Change code'),(2778,'reference.feedbackComments','Buyer feedback'),(2779,'theme.remove.error','The theme could not be removed'),(2780,'profile.action.brokerSimulateConversion','Simulate conversion for members'),(2781,'reference.level.GOOD','Good'),(2782,'invoice.title.send.member','Send invoice to member '),(2783,'translationMessage.removed','The translation keys were removed'),(2784,'permission.operatorMessages.sendToMember','Send to member'),(2785,'customField.title.order.payment','Set custom field order for {0}'),(2786,'reports.stats.finances.ComparePeriods.income.yAxis','Income'),(2787,'loanGroup.memberAdded','The member was added to this loan group'),(2788,'reports.stats.activity.developments.logins','Logins'),(2789,'brokerCommission.removed','The broker commission was removed'),(2790,'scheduledPayments.title.list.of','Scheduled payments of {0}'),(2791,'settings.type.ALERT','Alert settings'),(2792,'errorLog.date','Date'),(2793,'menu.admin.personal.mailPreferences','E-Mail Notifications'),(2794,'loanPayment.search.discardedAmount','Discarded'),(2795,'admin.username','Login name'),(2796,'accountFee.hour','Hour'),(2797,'menu.operator.personal.changePassword','Change password'),(2798,'loanPayment.search.repaidAmount','Repaid'),(2799,'card.unblocked','Card unblocked'),(2800,'accountType.nature.MEMBER','Member'),(2801,'menu.admin.ads.search','Products & Services'),(2802,'sms.type.ACCOUNT_DETAILS','Account details'),(2803,'notificationPreferences.email','Email'),(2804,'customField.member.memberSearchAccess','Member search for'),(2805,'profile.action.loansActions','Loans'),(2806,'settings.message.transactionFeedbackRequest','Transaction feedback request'),(2807,'permission.adminMemberCards.generate','Generate'),(2808,'global.selectAll','Select all'),(2809,'translationMessage.modified','The translation key has been modified'),(2810,'reports.stats.activity.throughTime.grossProduct.yAxis','Gross Product'),(2811,'settings.message.scheduledPaymentsCancelled','Scheduled payments cancelled'),(2812,'reports.stats.activity.singlePeriod.numberTransactions.row2','Number of Transactions over all members'),(2813,'reports.stats.activity.singlePeriod.numberTransactions.row1','Number of Transactions per trading member'),(2814,'loan.repayment.repaidAmount','Repaid'),(2815,'quickAccess.contacts','Contacts'),(2816,'groupFilter.modified','Group filter modified'),(2817,'registrationAgreement.title.insert','New registration agreement'),(2818,'serviceClient.title.modify','Modify web services client'),(2819,'theme.message.export','Export theme to a file'),(2820,'settings.message.lowUnits','Low units'),(2821,'conversionSimulation.aRate','A rate'),(2822,'serviceClient.member','Restricted to member'),(2823,'loanGroup.error.memberAlreadyInList','The given member is already in this loan group'),(2824,'reference.title.new.general','Set new reference'),(2825,'receiptPrinterSettings.removed','The receipt printer settings were removed'),(2826,'smsLog.smsType','Reason'),(2827,'permission.adminAdminRemarks.view','View'),(2828,'conversionSimulation.result.graph.title','Fee amount time curve'),(2829,'sms.type.HELP','Help'),(2830,'login.form.title','Login'),(2831,'invoice.sendConfirmationMessage','Send an invoice to {0} of {1}?\n\nPlease click OK to confirm.'),(2832,'customizedFile.title.applicationPage','Customized application pages'),(2833,'customField.type.ENUMERATED','Enumerated'),(2834,'permission.systemAccountFees.view','View'),(2835,'adCategory.removed','The category was removed'),(2836,'reports.members_reports.account_type.selectAccountTypes','Select account types'),(2837,'pin.unblock.message','The pin is blocked by exceeding wrong tries'),(2838,'settings.access.usernameGeneration.NONE','Manual by member'),(2839,'pos.changeParameters.confirmation','Change POS parameters?'),(2840,'menu.member.search.ads','Products & Services'),(2841,'groupFilter.new','Insert new group filter'),(2842,'permission.memberLoans.repay','Repay'),(2843,'reports.simulations.dRateConfigSimulation.currency','Currency'),(2844,'infoText.end','Expiration'),(2845,'menu.logout.confirmationMessage','Please confirm to logout'),(2846,'accountFee.error.multipleVolumeFees','There are multiple  volume account fees over this account.\n\nPlease, contact the administration.'),(2847,'home.admin.status.connectedOperators','Number of connected operators'),(2848,'group.settings.passwordLength.max','Max password length'),(2849,'reports.stats.activity.paymentFilterRequired','To show that statistics, at least one payment filter is required'),(2850,'accountFee.runMode.MANUAL','Manual'),(2851,'reports.stats.activity.comparePeriods.grossProduct.title','Gross Product per member (comparing two periods)'),(2852,'adImport.processed','The advertisements were successfully imported'),(2853,'settings.message.externalChannelPaymentRequestExpiredPayer','External channel payment request expired payer'),(2854,'ad.status.EXPIRED','Expired'),(2855,'message.error.memberWontReceiveNotification','The selected member has chosen not to receive messages from other members'),(2856,'transfer.to','To'),(2857,'help.title.payments','Payments'),(2858,'group.settings.enablePermanentAds','Enable permanent advertisements'),(2859,'reports.simulations.dRate.config.graph.yAxis','Fee'),(2860,'posweb.action.receivePayment','Receive payment (F2)'),(2861,'loan.firstOpenPayment','First open payment'),(2862,'accountHistory.debits.count','Transactions paid'),(2863,'permission.adminMemberSms.view','View'),(2864,'adCategory.error.importing','There was an error importing the categories'),(2865,'serviceClient.name','Name'),(2866,'groupFilter.groups','Groups'),(2867,'settings.local.transferListenerClass','Java class for processed payments'),(2868,'permission.brokerPos.changePin','Change PIN'),(2869,'profile.action.invoiceAsMemberToSystem','Invoice member to system'),(2870,'pos.status.DISCARDED','Discarded'),(2871,'error.email','There was an error while sending the mail'),(2872,'customField.payment.type.OWNED','Owned'),(2873,'registrationAgreement.inserted','The registration agreement was inserted'),(2874,'customField.title.insert.loan','New loan custom field'),(2875,'menu.member.account.invoices','Invoices'),(2876,'paymentObligationLog.status','Status'),(2877,'invoice.sentBy','Sent by'),(2878,'alert.removeOne.confirm','Remove alert?'),(2879,'member.member','Member'),(2880,'global.search.ADVANCED','Advanced'),(2881,'reports.stats.keydevelopments.throughTime.QUARTER','Each quarter'),(2882,'loan.repayment.discard.payment','Discard payment'),(2883,'conversionSimulation.dRate.present','Present D rate'),(2884,'paymentObligation.amount','Amount'),(2885,'permission.systemMessageCategories.view','View'),(2886,'createAdmin.password','Password'),(2887,'customField.ad.indexed','Include in keywords search'),(2888,'member.bulkActions.cardGenerated','{0} cards were generated'),(2889,'transferType.allowsScheduledPayments','Allows scheduled payments'),(2890,'loan.status.RECOVERED','Recovered'),(2891,'group.settings.externalAdPublication.DISABLED','Disabled'),(2892,'permission.memberReceiptPrinterSettings','Receipt printer settings'),(2893,'loan.repaymentType','Repayment type'),(2894,'settings.access.externalPaymentPassword','Password'),(2895,'theme.removed','The theme was removed'),(2896,'changeGroup.admin.title','Change group of administrator {0}'),(2897,'menu.operator.account.requestPayment','Request payment'),(2898,'reports.stats.keydevelopments.averageAmountPerTransaction.title','Developments in median amount per transaction'),(2899,'notificationPreferences.costPerAdditionalMessages','{0} additional messages cost {1} with a validity of {2}'),(2900,'guaranteeType.paymentObligationList','Payment obligation list'),(2901,'member.action.create','Create member'),(2902,'settings.local.csv.valueSeparator.COMMA','Comma'),(2903,'transferType.allowSmsNotification','Allow SMS notification'),(2904,'menu.member.personal.commissionChargeStatus','Broker commissions'),(2905,'customizedFile.resolveConflict','Resolve conflict'),(2906,'smsLog.type.MAILING','Mailing'),(2907,'permission.adminMemberRecords','Member records'),(2908,'transactionFee.deductAmount','Deduction'),(2909,'changePassword.error.incorrect','Incorrect password'),(2910,'smsMailing.title.send','Send new SMS mailing'),(2911,'reports.members.ads.scheduled','Scheduled'),(2912,'currency.description','Description'),(2913,'transactionPassword.error.invalid','Invalid transaction password.\nTry again.'),(2914,'createMember.error.noPossibleGroup','There is no possible initial group'),(2915,'transactionFee.title.broker.list','Broker commissions'),(2916,'memberRecordType.error.removing','The member record type cannot be removed because there is at least one member record using it'),(2917,'errorLog.title.search','Search error log history'),(2918,'category.name','Category'),(2919,'receiptPrinterSettings.paymentAdditionalMessage','Additional message on payment receipts'),(2920,'permission.systemAlerts.viewMemberAlerts','View member alerts'),(2921,'group.settings.maxSchedulingPeriod','Max. scheduling period'),(2922,'message.type.BROKERING','Brokering events'),(2923,'accountFee.chargeMode.NEGATIVE_VOLUME_PERCENTAGE','Negative volume percentage'),(2924,'login.accessUsing','Access using {0}'),(2925,'permission.adminMemberAccounts.authorizedInformation','Search for authorized loan status'),(2926,'serviceOperation.INFO_TEXTS','Get info texts'),(2927,'externalTransferProcess.processed','The selected payments have been processed'),(2928,'menu.member.personal.changePassword','Change password'),(2929,'payment.error.pastDateWithRates','Payment in past is not possible if rates are enabled.\nThis is a configuration error; please contact a system admin.'),(2930,'settings.access.virtualKeyboardLogin','Virtual keyboard for login password'),(2931,'card.status','Status'),(2932,'rates.error.reinitValidation.reinitDateAfterEnableDate','The date you gave to start the reinitialization from is after the present enabling date of rates.\nYou must choose a date before enabling dates.'),(2933,'menu.admin.accounts.loanPayments','Loan Payments'),(2934,'menu.admin.personal.profile','Profile'),(2935,'transactionFee.chargeType','Charge type'),(2936,'serviceClient.removed','The web services client was removed'),(2937,'reference.title.given.my','Given'),(2938,'permission.systemReports.statistics','Statistics'),(2939,'settings.log.scheduledTaskLevel.INFO','Summarized execution'),(2940,'permission.operatorInvoices.sendToMember','Send to member'),(2941,'guarantee.currentIssueFeeValue','Issue fee charged'),(2942,'alert.system.APPLICATION_RESTARTED','Application restarted'),(2943,'group.settings.expireMembersAfter','Expire members after'),(2944,'group.settings.maxAdDescriptionSize','Max ad description size'),(2945,'alert.search.date.end','To date'),(2946,'group.account.updateAccountLimits','Update credit limit for existing members'),(2947,'profile.member.maxPictures','Maximum amount of pictures reached'),(2948,'permission.adminMembers.changeGroup','Change group'),(2949,'certification.logs','Logs'),(2950,'conversionSimulation.result.graph.xAxis','Date'),(2951,'settings.message.adminPaymentFromSystemToSystem','Payments from system to system'),(2952,'reports.stats.finances.singlePeriod.overview','Overview'),(2953,'memberPos.status.PENDING','Pending'),(2954,'reports.stats.activity.singlePeriod.grossProduct.yAxis','Gross Product'),(2955,'payment.nextAuthorizationLevel','The payment has been submitted for a higher level authorization'),(2956,'reports.stats.finances.expenditure.short','Expenditure'),(2957,'reports.stats.activity.throughTime.loginTimes.yAxis','Logins / member'),(2958,'transactionFee.name','Name'),(2959,'message.type.FROM_ADMIN_TO_GROUP','Mailings from administration'),(2960,'group.account.pendingAccounts','There are {0} accounts pending activation'),(2961,'permission.module.type.ADMIN_MEMBER','Member administration permissions of {0}'),(2962,'global.totalAmount','Total amount'),(2963,'adminTasks.indexes.rebuildAll','Rebuild all'),(2964,'guarantee.title.guaranteeList','Guarantee list'),(2965,'reports.stats.activity.comparePeriods.loginTimes.title','Logins per member (comparing two periods)'),(2966,'permission.brokerInvoices','Invoices'),(2967,'brokerCommission.modified','The broker commission was modified'),(2968,'alert.system.ACCOUNT_FEE_FAILED','Account fee failed'),(2969,'accountHistory.filter','Payment type'),(2970,'guarantee.creditFee','Credit fee'),(2971,'member.search.date','Activation'),(2972,'reference.level.VERY_BAD','Very bad'),(2973,'cardType.cardFormatNumber','Format number'),(2974,'payment.recipientName','Name (recipient)'),(2975,'customField.member.access.WEB_SERVICE','Web services'),(2976,'mobile.error.noDefaultAccount','You cannot login because the group {0} doesn\'t have a default account'),(2977,'reports.current.invoices.SYSTEM_INCOMING.amount','Sum of incoming system invoices'),(2978,'transactionFee.allowAnyAccount','Allow any account'),(2979,'memberPos.status.BLOCKED','Blocked'),(2980,'menu.member.account.accountInformation','Account Information'),(2981,'externalTransfer.title.new','New external transfer'),(2982,'authorizationLevel.amount','Amount'),(2983,'customizedFile.contents','Contents'),(2984,'loan.repayment.confirmationMessage','Are you sure to repay {0}?\n\nPlease, click OK to proceed'),(2985,'settings.log.traceLevel.OFF','Off'),(2986,'reports.stats.keydevelopments.numberOfTransactions','Number of transactions'),(2987,'createOperator.action.saveAndOpenProfile','Save and open operator profile'),(2988,'guarantee.status.PENDING_ADMIN','Pending Admin'),(2989,'home.status.newReferences','You received {0} new references since your last login'),(2990,'menu.member.personal.documents','Documents'),(2991,'adminTasks.indexes.confirmRebuild','Index rebuilding is performed in the background and can make searches by keywords fail to find results until it is complete.\n\nAre you sure?'),(2992,'permission.adminMemberAds.import','Import'),(2993,'groupFilter.removeConfirmation','Remove group filter?'),(2994,'permission.brokerSmsMailings.paidSmsMailings','Send paid SMS mailings'),(2995,'memberImport.status.INVALID_COLUMN','Invalid column: {0}'),(2996,'message.category.noCategory','No category'),(2997,'posweb.searchTransactions.noTransactions','No transactions on the given date'),(2998,'permission.adminMemberInvoices.cancel','Cancel invoice'),(2999,'invoice.action.accept','Accept'),(3000,'pos.actions.changePin','Change PIN'),(3001,'brokerCommissionContract.status.ACCEPTED','Accepted'),(3002,'reference.action.paymentsAwaitingFeedback','View payments awaiting feedback'),(3003,'reference.title.references.of','{0}\'s references'),(3004,'permission.adminAdminAccess','Access'),(3005,'loan.grant.setDate','Grant in past'),(3006,'fieldMapping.removed','Field mapping removed'),(3007,'permission.brokerAds','Products and services'),(3008,'customImage.system.delete','Delete icon'),(3009,'profile.action.personalMessages','Send personal message'),(3010,'certification.lock','Lock'),(3011,'alert.member.negativeVirtualRatedBalance','A negative virtual rated balance has been encountered on  account {0}. The virtual rated balance has been set to 0, but the cause for this error should be checked.'),(3012,'permission.operatorAccount.scheduledInformation','View scheduled payments'),(3013,'group.settings.repayLoanByGroup','Loan repayment permitted by any loan group member'),(3014,'permission.memberReferences','References'),(3015,'ticket.status.EXPIRED','Expired'),(3016,'permission.brokerCards.unblock','Unblock'),(3017,'error.aRateParameters.noFutureInitEmission','Init value and date will lead to future emission dates, which is not allowed.'),(3018,'menu.operator.account.selfPayment','Self Payment'),(3019,'adImport.status.INVALID_CATEGORY','Invalid category: {0}'),(3020,'reports.stats.keydevelopments.transactionAmount.yAxis','amount/transaction (units)'),(3021,'transactionFee.subject.SOURCE_BROKER','Broker of member paying (source)'),(3022,'loanGroup.action.grantLoan','Give loan'),(3023,'group.settings.hideCurrencyOnPayments','Hide currency (show only payment types)'),(3024,'settings.message.commissionContractCancelled','Commission contract cancelled'),(3025,'customField.title.list.admin','Administrator custom fields'),(3026,'menu.admin.customFields','Custom Fields'),(3027,'permission.systemInvoices.manage','Manage'),(3028,'posweb.action.printSettings','Print settings'),(3029,'paymentObligation.error.noActiveCertificationFound','No active certification found to {0} and issued by {1}    '),(3030,'currency.title.insert','New currency'),(3031,'card.search.noResults','No cards were found'),(3032,'transferAuthorization.comments','Comments'),(3033,'settings.mail.activationMessageWithoutPassword','Message when password is manually assigned'),(3034,'member.bulkActions.channelsChanged','The change was applied to {0} members. {1} members were not changed. '),(3035,'settings.alert.amountIncorrectLogin','Incorrect login attempts'),(3036,'scheduledPayment.parcels','Installments'),(3037,'permission.operatorAds','Ads'),(3038,'reports.transactions_report.outgoing','outgoing'),(3039,'transferType.inserted','The transaction type was inserted'),(3040,'home.admin.status.connectedAdmins','Number of connected admins'),(3041,'rates.reinit.enabledSince','Enabled since'),(3042,'permission.adminAdminRecords.modify','Modify'),(3043,'activities.invoices.incoming.count','Incoming count'),(3044,'permission.adminMemberInvoices.cancelAsMember','Cancel invoice as member'),(3045,'receipt.posweb.transactions.date','Date: {0}'),(3046,'permission.memberCards.activate','Ativate'),(3047,'permission.brokerMemberPayments.cancelScheduledAsMember','Cancel scheduled payment as member'),(3048,'permission.brokerReferences.manage','Manage'),(3049,'global.weekDay.MONDAY','Monday'),(3050,'reports.stats.taxes.paid.paid','Paid'),(3051,'channel.webServiceUrl','Web service url'),(3052,'accountFee.paymentDirection.TO_MEMBER','System to member'),(3053,'loanGroup.inserted','Loan group inserted '),(3054,'webshop.payment.enterPinText','PIN'),(3055,'payment.setDate','Pay in past'),(3056,'adImport.newCategories','New categories'),(3057,'permission.systemAccounts.scheduledInformation','View scheduled payments'),(3058,'customizedFile.title.search.help','Customized help files'),(3059,'global.hide','Hide'),(3060,'global.timePeriod.MONTHS','Month(s)'),(3061,'permission.operatorPayments','Payments'),(3062,'customField.ad.visibility','Visibile for'),(3063,'transfer.by','Performed by'),(3064,'adminTasks.indexRebuildEnqueued','The index rebuild has been enqueued.\nA system alert will be created when it\'s finished'),(3065,'message.brokeredMembers','Registered members'),(3066,'customField.memberRecord.brokerAccess.EDITABLE','Editable'),(3067,'posweb.title.makePayment','Make payment'),(3068,'help.title.home','Home'),(3069,'reports.stats.activity.histogram.logins.yAxis','Number of members'),(3070,'serviceOperation.WEBSHOP','Webshop payments'),(3071,'reports.stats.keydevelopments.numberOfMembers.numberOfMembers','Number of members'),(3072,'adImport.currency','Currency of imported ads'),(3073,'changePin.error.transactionPasswordPending','In order to define the pin, you need the transaction password, which can be generated in the <a class=\"default\" href=\"{0}\">home page</a>'),(3074,'settings.log.maxLengthPerFile','Max file size'),(3075,'alert.system.ERROR_PROCESSING_ACCOUNT_STATUS','Critical error processing account status'),(3076,'reports.stats.general.number','Number'),(3077,'settings.message.modified','The message settings were modified'),(3078,'payment.error.sameFromAntToInFee','This payment cannot be performed, as there would be a fee from / to the same account'),(3079,'currency.removeConfirmation','You are about to remove this currency.\nAre you sure?'),(3080,'customImage.choose','Choose an image'),(3081,'transfer.guarantee.details','Click here for details. '),(3082,'permission.brokerMemberSms.view','View'),(3083,'global.timePeriod.invalid','End date must be after start date.'),(3084,'registrationAgreement.modified','The registration agreement was modified'),(3085,'rates.error.pendingRateExists','You tried to initialize a rate, but a rate initialization is already pending.\nYou can only run one at a time.'),(3086,'permission.adminMemberPreferences.manageNotifications','Manage notifications'),(3087,'card.updateCard.error.blockedTransactionPassword','Blocked transaction password'),(3088,'image.removeConfirmation','Remove image?'),(3089,'global.month.APRIL','April'),(3090,'adminTasks.onlineState.title','System availability'),(3091,'theme.description','Description'),(3092,'externalTransferImport.error.importing.invalidTypeCode','Invalid payment type code: {0}'),(3093,'permission.systemCustomizedFiles','System-wide customized files'),(3094,'brokerCommission.stopped','The broker commission was stoped'),(3095,'profile.pendingEmail.confirmed','The e-mail change to {0} has been confirmed'),(3096,'paymentFilter.groups','Group visibility'),(3097,'receipt.transfer.header','{0} payment receipt'),(3098,'loanGroup.title.insert','New loan group'),(3099,'permission.adminMemberGuarantees.viewPaymentObligations','View payment obligations'),(3100,'memberRecord.modifiedBy','Modified by'),(3101,'help.title.settings','Settings'),(3102,'settings.local.timeZone.none','Don\'t compute time zone'),(3103,'document.action.new','Insert new document'),(3104,'settings.type.MAIL','Mail settings'),(3105,'guaranteeType.model.WITH_BUYER_ONLY','With buyer only'),(3106,'permission.memberCards.block','Block'),(3107,'permission.brokerInvoices.view','View'),(3108,'externalTransferImport.title.search','Search imports for {0}'),(3109,'currency.enableARate','Enable A-rate'),(3110,'permission.brokerDocuments.view','View'),(3111,'transactionFee.payer','Will be charged'),(3112,'customField.title.modify.memberRecord','Modify custom field for member record {0}'),(3113,'settings.message.buyerOnlyGuaranteeStatusChanged','Guarantee status changed (only buyer)'),(3114,'changeGroup.error.move.hasBalance','The member cannot be moved because it does not have a zero balance in {0}'),(3115,'customField.title.list.loanGroup','Loan group custom fields'),(3116,'customField.title.insert.admin','New administrator custom field'),(3117,'profile.action.accessActions','Access'),(3118,'message.messageBox.TRASH','Trash'),(3119,'reports.stats.activity.throughTime.nAll','n All'),(3120,'receipt.transfer.from','From: {0}'),(3121,'permission.brokerMemberPayments','Member payments'),(3122,'accountHistory.initialBalance','Initial balance'),(3123,'guaranteeType.authorizedBy.ISSUER','Issuer'),(3124,'channel.removeConfirmation','Are you sure to remove this channel?'),(3125,'fileMapping.headerLines','Header lines'),(3126,'menu.operator.search.members','Members'),(3127,'reports.current.number_open_loans','Number of open loans'),(3128,'memberImport.status.INVALID_RECORD_FIELD','Invalid value for {0}: {1}'),(3129,'loanPayment.title','Payments'),(3130,'transactionFee.value','Charge value'),(3131,'card.action.unblockSecurityCode','Unblock card security code'),(3132,'loan.queryStatus.OPEN','Open'),(3133,'menu.member.personal','Personal'),(3134,'activities.references.given','Given'),(3135,'remark.date','Date'),(3136,'reports.stats.activity.throughTime.percentageNoTrade.yAxis','% not trading'),(3137,'authorizationLevel.modified','Authorization level modified'),(3138,'certification.status.EXPIRED','Expired'),(3139,'reference.date','Date'),(3140,'reports.current.ads_information','Advertisements information'),(3141,'menu.admin.accounts.loans','Manage Loans'),(3142,'message.search.keywords','Keywords'),(3143,'group.title.list','Permission groups'),(3144,'changeBroker.current','Current broker'),(3145,'permission.adminMemberAccess.transactionPassword','Manage transaction password'),(3146,'help.title.account_management','Account management'),(3147,'permission.systemSettings.view','View settings'),(3148,'adCategory.orderModified','The ad category order was modified'),(3149,'theme.remove.confirmation','Are you sure to remove this theme from the system?'),(3150,'permission.brokerSmsMailings','SMS mailings'),(3151,'adminTasks.indexes.type.MemberRecord','Member records'),(3152,'brokering.title.print','Registered members'),(3153,'memberImport.accountType.empty','Don\'t import accounts'),(3154,'transfer.guarantee','Related guarantee'),(3155,'mobile.home.doPayment','Do Payment'),(3156,'settings.log.traceLevel.ERRORS','Errors only'),(3157,'message.title.send','Send message'),(3158,'externalAccount.description','Description'),(3159,'externalTransferImport.by','Performed by'),(3160,'rates.error.reinitValidation.noRateSpecified','No rate was specified.'),(3161,'channel.credentials.PIN','PIN'),(3162,'reports.stats.activity.singlePeriod.numberTransactions','Number of Transactions per member'),(3163,'message.type.TRANSACTION_FEEDBACK','Transaction feedbacks'),(3164,'global.quarter.THIRD','Third quarter'),(3165,'invoice.invalid.paymentDates','The payment dates should be sorted and must be scheduled for future dates'),(3166,'guaranteeType.creditFeeTransferType','Credit fee'),(3167,'permission.operatorReports','Reports'),(3168,'group.account.error.removing','The group account could not be removed, because at least one account has transactions or open invoices'),(3169,'certification.starts','Starts'),(3170,'home.admin.status.title','Application status'),(3171,'help.title.groups','Groups'),(3172,'message.type.AD_EXPIRATION','Ad expiration alert'),(3173,'loan.type.MULTI_PAYMENT','Multiple payments'),(3174,'memberRecord.removed','The {0} record was removed'),(3175,'activities.rates','Rates'),(3176,'permission.adminMemberBrokerings.viewMembers','View members list (as broker)'),(3177,'paymentFilter.title.list','Payment filters'),(3178,'card.status.CANCELED','Canceled'),(3179,'profile.error.changeEmailValidationFailed','You have attempted to change the e-mail, but the verification e-mail couldn\'t be sent'),(3180,'permission.operatorGuarantees','Guarantees'),(3181,'scheduledPayment.totalAmount','Total amount'),(3182,'mailPreferences.memberAlerts','Member alerts'),(3183,'customField.size.MEDIUM','Medium'),(3184,'settings.title.file','Import / export settings'),(3185,'reports.stats.activity.comparePeriods.numberTransactions.row1.short','traders'),(3186,'customImage.system.systemLogo','System logo'),(3187,'manual.action.printManual','Print whole manual'),(3188,'settings.local.deletePendingRegistrationsAfter','Maximum e-mail confirmation time for member registration'),(3189,'loanGroup.title.members','Members in this loan group'),(3190,'memberRecordType.editable','Editable'),(3191,'reports.stats.general.printable','Printable version'),(3192,'profile.action.preferencesActions','Preferences'),(3193,'brokerCommission.suspendTooltip','Suspend'),(3194,'receiptPrinterSettings.title.list','Receipt printer settings'),(3195,'externalTransferType.action','Action'),(3196,'externalTransfer.action.choose','Apply action to selected transfers...'),(3197,'customImage.system.inactive','Inactive icon'),(3198,'permission.memberGuarantees.sellWithPaymentObligations','Sell with payment obligations to groups'),(3199,'customImage.system.message_replied','Replied message icon'),(3200,'menu.member.personal.pos.editPos','Edit POS'),(3201,'selectChannels.title.of','Change access to channels of {0}'),(3202,'reports.stats.general.throughTheYears','Through the years'),(3203,'settings.message.pendingGuaranteeIssuer','Guarantee awaiting for authorization'),(3204,'notificationPreferences.message','Cyclos message'),(3205,'customizedFile.path','Path'),(3206,'settings.mail.activation','Activation mail'),(3207,'brokerCommission.error.suspending','Error suspending the broker commission!'),(3208,'message.type.PAYMENT','Payment events'),(3209,'global.loadingSystem','The application is being loaded. Please, wait...'),(3210,'menu.admin.reports.sms','SMS messages logs'),(3211,'menu.operator.account.systemInvoice','System Invoice'),(3212,'paymentObligation.requestGuaranteeOk','The guarantee was created in status {0}'),(3213,'selectChannels.title.my','Change my access to channels'),(3214,'adCategory.title.insert','New advertisement category'),(3215,'contact.title.add','Add new contact'),(3216,'activities.transactions.numberBuy','Paid - count'),(3217,'reference.adminComments','Administration comments'),(3218,'settings.access.usernameLength','Manual login length'),(3219,'registrationAgreement.title.list','Registration agreements'),(3220,'customImage.system.import','Import icon'),(3221,'permission.brokerMemberRecords.view','View'),(3222,'customField.type.INTEGER','Integer number'),(3223,'alert.member.LOGIN_BLOCKED_BY_TRIES','Member blocked by exceeding login attempts'),(3224,'customField.title.insert.member','New member custom field'),(3225,'errors.minLength','{0} cannot be less than {1} characters'),(3226,'group.settings.sendPasswordByEmail','Send password by e-mail'),(3227,'permission.adminMemberAccess.resetPassword','Reset login password'),(3228,'menu.admin.reports.members.list','Member lists'),(3229,'connectedUsers.disconnectToolTip','Disconnect user'),(3230,'permission.adminMemberSmsMailings','SMS mailings'),(3231,'reports.stats.activity.throughTime.numberTransactions.col4','n All'),(3232,'reports.stats.activity.throughTime.numberTransactions.col3','n Traders'),(3233,'permission.adminAdminRecords.create','Create'),(3234,'reports.stats.activity.throughTime.numberTransactions.col2','Number of Transactions All'),(3235,'group.settings.possibleInitialGroups','Possible initial groups'),(3236,'menu.admin.accounts.accountFees','Account Fees'),(3237,'createMember.error.mailSending','There was a problem while sending the validation e-mail.\nThe member was not registered.'),(3238,'reports.stats.activity.throughTime.numberTransactions.col1','Number of Transactions Traders'),(3239,'settings.local.highPrecision','High precision'),(3240,'defaultBrokerCommission.status','Status'),(3241,'permission.brokerMessages.sendToMembers','Send message to registered members'),(3242,'message.type.INVOICE','Invoice events'),(3243,'settings.alert.amountDeniedInvoices','Denied invoices'),(3244,'menu.admin.settings.local','Local Settings'),(3245,'loan.repayment.setDate','Repay in past'),(3246,'customizedFile.title.customize.page','Customize application page'),(3247,'profile.action.records','Records'),(3248,'card.activationDate','Activation date'),(3249,'brokerCommission.action.stop','Stop'),(3250,'adImport.status','Status'),(3251,'fieldMapping.title.order.description','Drag the fields to change order'),(3252,'pos.created','The POS was created'),(3253,'reports.stats.period.name','Name'),(3254,'reports.members.date.history','History'),(3255,'invoice.scheduledFor','Scheduled for'),(3256,'settings.log.traceLevel.SIMPLE','Simple tracing (no parameters)'),(3257,'groupFilter.customizedFiles.removeConfirmation','Stop customizing this file?'),(3258,'permission.systemSettings.manageMail','Manage mail settings'),(3259,'settings.log.accountFeeLevel.DETAILED','Detailed'),(3260,'remark.writer.administration','Administration'),(3261,'accountFee.runMode.SCHEDULED','Scheduled'),(3262,'smsLog.type.NOTIFICATION','Notification'),(3263,'permission.adminMemberAccounts.information','View information'),(3264,'profile.action.activities','View reports'),(3265,'adCategory.title.export','Export advertisement categories'),(3266,'changeGroup.error.remove.hasBalance','The member cannot be removed because it does not have a zero balance in {0}'),(3267,'permission.adminMemberAccess.disconnectOperator','Disconnect logged operator'),(3268,'home.status.unreadMessages','You have {0} unread messages'),(3269,'permission.systemExternalAccounts.processPayment','Process payment'),(3270,'customizedFile.customized','The file has been customized'),(3271,'smsMailing.mailingType.PAID_FROM_BROKER','Paid mailing from broker'),(3272,'group.settings.emailValidation.WEB_SERVICE','Web service'),(3273,'alert.member.loginBlockedByPermissionDenieds','The member login is temporarily blocked by exceeding the maximum amount of permission denied. The remote IP address is {1}'),(3274,'reports.stats.finances.singlePeriod.expenditure','Expenditure'),(3275,'accountFeeLog.rechargeFailed','Recharge (failed members)'),(3276,'loanGroup.modified','Loan group modified '),(3277,'createMember.captcha','Please, type the image characters below'),(3278,'changePin.title.of','Change pin of {0}'),(3279,'permission.brokerLoanGroups','Loan groups'),(3280,'menu.member.personal.brokerCommissionContracts','Commission contracts'),(3281,'menu.admin.contentManagement.staticFiles','Static Files'),(3282,'loan.grant.error.unsortedPayments','The loan payments are not correctly sorted by date'),(3283,'permission.adminMemberRecords.manage','Manage'),(3284,'memberPos.maxSchedulingPayments','Max scheduling payments'),(3285,'pos.assignPos.confirmation','Assign the POS to member?'),(3286,'mobile.payment.username','User'),(3287,'image.details.title','Set image order and caption'),(3288,'payment.title.asMemberToSelf','Transfer between accounts of {0}'),(3289,'operator.name','Operator Name'),(3290,'profile.action.allowLogin','Allow user to login now'),(3291,'permission.admin.managesGroups','Manages groups'),(3292,'changePin.title.my','Change my pin'),(3293,'group.error.removing','The group could\'t be removed.\nMake sure there are no users on it'),(3294,'reference.paymentsAwaitingFeedback.noResults','There are no payments currently awaiting feedback'),(3295,'externalTransfer.action.MARK_AS_CHECKED','Mark as checked'),(3296,'permission.systemCustomFields','Custom fields'),(3297,'memberImport.title.details.error','Members with import errors'),(3298,'permission.systemMemberPermissions.view','View'),(3299,'settings.local.language.ITALIAN','Italian'),(3300,'menu.member.operators.groups','Operator groups'),(3301,'reference.to','To'),(3302,'reference.title.received.my','Received'),(3303,'cardType.defaultExpiration','Expiration'),(3304,'permission.systemMemberRecordTypes.view','View'),(3305,'permission.adminAdminRecords.view','View'),(3306,'memberRecord.action.newBasedOnThis','Create new {0} based on this one'),(3307,'customField.payment.access.DESTINATION_MEMBER','For the destination member only'),(3308,'group.settings.maxPinWrongTries','Max pin wrong tries'),(3309,'errors.dateFormat','Invalid date. The correct format is {0}'),(3310,'reports.stats.finances.ComparePeriods.expenditure','Expenditure'),(3311,'externalTransfer.action.DELETE','Delete'),(3312,'paymentObligation.error.certificationAmountExceeded','The certification\'s remaining amount ({0}) corresponding to the buyer is exceeded by the total amount of the selected payment(s) obligation(s) ({1})'),(3313,'profile.action.memberSelfPayment','Self payment'),(3314,'loan.grant.paymentCount','Payment count'),(3315,'transactionFee.generatedTransferType','Generated transaction type'),(3316,'permission.brokerAccounts.brokerSimulateConversion','Simulate conversion for member'),(3317,'global.reset','Reset'),(3318,'theme.filename','File name'),(3319,'smsLog.search.noResults','No SMS logs found'),(3320,'menu.member.connectedOperators','Connected operators'),(3321,'reports.stats.keydevelopments.throughTime.selectQuarters','Select quarters and years'),(3322,'changePassword.error.obvious','The password is too simple. It cannot be sequential, nor equals to any profile field'),(3323,'externalAccount.title.list','External Accounts List'),(3324,'paymentObligation.reject','Reject'),(3325,'payment.manualDate','Payment date'),(3326,'payment.statusGroup.CLOSED_WITHOUT_ERRORS','Closed (entirely paid)'),(3327,'fieldMapping.field.DATE','Payment date'),(3328,'accountType.title.modify.member','Modify member account type'),(3329,'brokering.change.confirmation.withBroker','{1} already has {2} as broker.\nAre you sure to change the broker to {0}?'),(3330,'reference.summary.total','Total'),(3331,'customField.payment.access.NONE','Don\'t show'),(3332,'invoice.title.accept','Invoice accept confirmation'),(3333,'permission.adminMemberDocuments.manageMember','Manage member documents'),(3334,'reports.simulations.dRateConfigSimulation.startD','Start from D ='),(3335,'member.bulkActions.choose','Choose action'),(3336,'memberImport.sendActivationMail','Send activation e-mail'),(3337,'guaranteeType.issueFee','Issue fee'),(3338,'settings.local.csv.recordSeparator.CR_LF','DOS (char 10 + char 13)'),(3339,'permission.adminMemberPos.manage','Manage'),(3340,'externalTransfer.action.MARK_AS_UNCHECKED','Mark as unchecked'),(3341,'settings.message.adminAlerts','Subjects for alert notifications'),(3342,'pos.unblockPin.confirmation','Activate the pin?'),(3343,'help.title.custom_fields','Custom Fields'),(3344,'group.settings.smsChargeTransferType','SMS charge transfer type'),(3345,'reports.stats.keydevelopments.numberOfAds.scheduled.short','scheduled'),(3346,'loan.granted','The loan was successfully granted'),(3347,'reports.members.ads.permanent','Permanent'),(3348,'reports.current.presentation','State reports'),(3349,'groups.name','Name'),(3350,'guarantee.registerGuarantee','Register guarantee'),(3351,'settings.message.certificationIssued','New certification issued'),(3352,'permission.systemTranslation','Translation'),(3353,'card.title.print','Card search results'),(3354,'customField.valuesMoved','A total of {0} occurences were replaced from {1} to {2}'),(3355,'document.binaryFile','File'),(3356,'cardType.ignoreDayInExpirationDate','Ignore day in expiration'),(3357,'card.activateCard.confirmation','Activate card?'),(3358,'accountFeeLog.status.SKIPPED','Skipped'),(3359,'payment.statusGroup.OPEN','Open'),(3360,'home.admin.status.errors','Application errors'),(3361,'menu.about','About'),(3362,'authorizationLevel.removeConfirmation','Remove this authorization level?'),(3363,'externalTransfer.inserted','External transfer inserted'),(3364,'brokerCommission.action.suspend','Suspend'),(3365,'customField.title.order.description','Drag the fields to change order'),(3366,'menu.member.personal.sms','SMS history'),(3367,'reports.current.member_count_on_group','Members in {0} group'),(3368,'transactionFee.deductAmount.false','Do not deduct from total amount'),(3369,'customImage.system.help','Help icon'),(3370,'group.account.title.new','Add an account to group {0} '),(3371,'loan.grant.error.invalidAmount','The loan payments amount differs from total amount'),(3372,'groupFilter.containerUrl','Container page url'),(3373,'group.defaultAllowChargingSms','Allow charging for SMS by default'),(3374,'permission.systemGroups','Permission groups'),(3375,'global.count','Count'),(3376,'externalAccountHistory.title.summary','Transactions summary'),(3377,'accountFeeLog.status.ERROR','Error'),(3378,'transactionFee.f1','Value after 1 day'),(3379,'customField.member.showInPrint','Show in member print'),(3380,'login.memberUsername','Member login'),(3381,'reports.members_reports.credits','Credits'),(3382,'loan.status.REPAID','Repaid'),(3383,'permission.systemMemberPermissions.manage','Manage'),(3384,'receipt.posweb.transactions.noTransfers','No processed payments'),(3385,'currency.dRate.creationValue','D-Rate at unit creation'),(3386,'permission.adminMemberCards.block','Block'),(3387,'invoice.title.print','Invoice information'),(3388,'home.status.paymentsToAuthorize','There are {0} payments awaiting for your authorization'),(3389,'brokerCommissionContract.endDate.from','Ending from'),(3390,'transferType.showScheduledPaymentsToDestination','Show scheduled payments to destination'),(3391,'session.firstLogin','First time logged in'),(3392,'settings.local.maxImageSize','Max. image size'),(3393,'alert.system.indexRebuildStart','Search index rebuilding for {0} has started at {1}'),(3394,'reference.title.given','Given references by {0}'),(3395,'accountFeeLog.processedMembers','Processed members'),(3396,'customField.title.order.member','Set member custom field order'),(3397,'login.accessOptions','Access options'),(3398,'settings.access.allowMultipleLogins','Allow multiple logins for the same user'),(3399,'externalTransfer.type','Type'),(3400,'accountHistory.period.end','To date'),(3401,'customField.member.indexing.MEMBERS_AND_ADS','Both members and advertisements'),(3402,'transactionFee.toAllGroups','To all groups'),(3403,'transferType.action.new','Insert new transaction type'),(3404,'group.settings.passwordExpiresAfter.number','Login password expires after (amount)'),(3405,'transfer.hour','Hour'),(3406,'reports.stats.activity.singlePeriod.grossProduct.row2','Gross Product over all members'),(3407,'reports.stats.activity.singlePeriod.grossProduct.row1','Gross Product per earning member'),(3408,'rates.error.reinitValidation.noEditDuringRateReinit','You cannot start a new reinitialization job for rates if another is currently still running.'),(3409,'customField.operator.visibility.NOT_VISIBLE','Not visible'),(3410,'payment.action.cancel','Cancel payment'),(3411,'alert.system.accountFeeFinishedWithErrors','Account fee {0} has finished with {1} errors'),(3412,'scheduledPayments.title.list','Search scheduled payments'),(3413,'settings.local.csv.valueSeparator.TAB','Tabulation'),(3414,'fieldMapping.name','Name'),(3415,'conversionSimulation.result.name','Name'),(3416,'transfer.scheduledFor','Scheduled for'),(3417,'reports.stats.finances.ComparePeriods.income.title','Income Compare periods'),(3418,'paymentRequest.title.new.singleChannel','Request payment by {0}'),(3419,'permission.memberMessages.sendToAdministration','Send to administration'),(3420,'notificationPreferences.selectNone','None'),(3421,'transactionFee.aRateRelation.ASYMPTOTICAL','Asymptotical'),(3422,'payment.action.unblock','Unblock'),(3423,'general.error.csv.unknownColumn','Unknown column in CSV file: {0}'),(3424,'transfer.transactionNumber','Transaction number'),(3425,'notificationPreferences.enableSmsOperations','Enable SMS operations'),(3426,'groupFilter.customizedFiles.modified','The file has been modified for this group filter'),(3427,'invoice.performedBy','Performed by'),(3428,'permission.adminMemberSmsMailings.paidSmsMailings','Send paid mailings'),(3429,'settings.alert.receivedVeryBadRefs','Received very bad references'),(3430,'payment.actions','Actions'),(3431,'pos.status.ASSIGNED','Assigned'),(3432,'message.reply.subject','Re: {0}'),(3433,'menu.admin.alerts.system','System Alerts'),(3434,'loanGroup.action.viewLoans','View loans'),(3435,'changeGroup.error.remove.activeAdmin','An active admin cannot be removed.\nTry to move it to a REMOVED group'),(3436,'permission.adminMemberInvoices.deny','Deny invoice'),(3437,'category.status.INACTIVE','Inactive'),(3438,'memberImport.totalMembers','Total members'),(3439,'ad.publicationPeriod','Publication period'),(3440,'accountFee.title.history','Account fee history'),(3441,'image.caption','Caption'),(3442,'settings.type.LOCAL','Local settings'),(3443,'reports.stats.activity.throughTime.grossProduct.title','Gross Product per member through the time'),(3444,'card.new','Insert new card'),(3445,'cardType.cardSecurityCodeLength','Card security code length'),(3446,'reports.members.smsLog','Sent SMS messages'),(3447,'transactionFee.subject.FIXED_MEMBER','Fixed member'),(3448,'member.bulkActions.changeGroup.confirmation','Are you sure to change the group of all members matching the filters?'),(3449,'global.pagination.various.pages','{0} results. Jump to page:'),(3450,'smsLog.mailingType','Mailing type'),(3451,'account.reservedAmount','Reserved amount'),(3452,'reports.stats.general.graph.selectNone','Select no graphs'),(3453,'reports.stats.general.topten','Top ten'),(3454,'error.maxUploadSizeExceeded','Maximum upload size ({0}) exceeded'),(3455,'permission.adminMemberDocuments.manageStatic','Manage static documents'),(3456,'changePassword.error.mustIncludeLettersNumbers','The password must be composed of letters and numbers'),(3457,'paymentObligation.pack.totalAmount','Total Amount:'),(3458,'brokering.title.details','Member notes'),(3459,'menu.admin.accounts.details','System Accounts'),(3460,'brokerCommission.unsuspended','Tha broker commission was unsuspended'),(3461,'settings.mail.activationMessageWithPassword','Message when password is generated'),(3462,'loan.firstRepaymentDate','First repayment date'),(3463,'permission.adminMemberLoans.manageExpiredStatus','Manage expired loan status'),(3464,'errors.periodInvalidBounds','Begin date of {0} must be before end date'),(3465,'member.group','Permission group'),(3466,'infoText.validity','Validity'),(3467,'menu.operator.account.loans','Loans'),(3468,'error.unknownImageType','Unknown image type.\nRecognized formats are {0}'),(3469,'errors.greaterEquals','{0} must be greater than or equals to {1}'),(3470,'brokering.title.removeMember','Remove member'),(3471,'mobile.home','Home'),(3472,'adminTasks.indexes.type','Type'),(3473,'groupFilter.description','Description'),(3474,'menu.member.personal.references','References'),(3475,'guaranteeType.status','Status'),(3476,'settings.local.extraFunctions','Extra functions'),(3477,'alert.system.MAX_INCORRECT_LOGIN_ATTEMPTS','Max incorrect login attempts for invalid user'),(3478,'guarantee.authorizedBy','Authorized by'),(3479,'permission.systemExternalAccounts.process','Process Payment'),(3480,'permission.brokerMemberPayments.paymentAsMemberToSelf','Member self payment'),(3481,'guarantee.logs','Guarantee logs'),(3482,'mobile.credentials.LOGIN_PASSWORD','Password'),(3483,'permission.adminAdmins','Administrators'),(3484,'settings.local.charset','Character set'),(3485,'cardType.maxSecurityCodeTries','Max card security code error tries'),(3486,'receiptPrinterSettings.title.new','New receipt printer settings'),(3487,'card.member','Member'),(3488,'reports.stats.activity.comparePeriods.numberTransactions.yAxis','n Transactions'),(3489,'reports.stats.activity.topten.member','Member'),(3490,'customField.control.RADIO','Radio button'),(3491,'pos.status.PENDING','Pending'),(3492,'reports.members_reports.select_payment_filter','Select payment filter'),(3493,'profile.action.title','Actions for {0} '),(3494,'profile.userOnline','Is logged'),(3495,'permission.adminMemberGuarantees.cancelGuaranteesAsMember','Deny / Cancel guarantees'),(3496,'pos.unblocked','POS has been unblocked'),(3497,'menu.operator.help.manual','Manual'),(3498,'message.toGroups','To group(s)'),(3499,'reports.simulations.dRate.config.graph.title','D-rate configuration curve'),(3500,'general.error.accountStatusProcessing','Critical problem in account processing.\n\nPlease, contact the administration'),(3501,'loan.grant.manualDate','Grant date'),(3502,'guaranteeType.title.new','New guarantee type'),(3503,'settings.local.messageFormat','Message format'),(3504,'editCard.error.transactionPasswordPending','In order to edit your card, you need the transaction password, which can be generated in the <a class=\"default\" href=\"{0}\">home page</a>'),(3505,'reports.stats.groupfilter','Member filter'),(3506,'alert.member.NULL_IRATE','Unexpected null I-rate encountered'),(3507,'permission.adminMemberPos.changePin','Change PIN'),(3508,'settings.message.mail','Attributes for notifications sent by mail'),(3509,'certification.buyerUsername','Buyer login'),(3510,'translationMessage.import.file','Properties file'),(3511,'menu.member.broker.smsMailings','SMS mailings'),(3512,'permission.operatorGuarantees.issueCertifications','Issue certifications'),(3513,'menu.member.personal.profile','Profile'),(3514,'customField.possibleValue.default','Default'),(3515,'message.action.new','Send a new message'),(3516,'permission.memberPayments.chargeback','Chargeback received payment'),(3517,'customField.member.access.OTHER','Other members'),(3518,'brokerCommission.type.commissionContract','Commission contract'),(3519,'reference.feedbackReply','Seller reply'),(3520,'adminTasks.onlineState.setOnline','Set system online'),(3521,'externalTransferProcess.error.noLoanToDiscard','No open loan to be discarded'),(3522,'permission.systemReports','Reports'),(3523,'permission.brokerMembers.managePending','Manage pending members'),(3524,'permission.brokerCards.generate','Generate'),(3525,'error.queryParse','You have invalid keywords for the search'),(3526,'alert.type','Type'),(3527,'settings.message.subject','Subject'),(3528,'errorLog.removed','The selected error(s) have been removed'),(3529,'paymentObligation.pack.selection','To select a set of payment obligations you must filter by currency and buyer'),(3530,'permission.adminMemberPayments.paymentAsMemberToMember','Member to member payment'),(3531,'settings.file','File'),(3532,'permission.brokerMembers.changeProfile','Change profile'),(3533,'loan.queryStatus.ANY_OPEN','Any open'),(3534,'card.changeCardCode.newCode2','Confirm new card security code'),(3535,'permission.systemLoanGroups.view','View'),(3536,'card.changeCardCode.newCode1','New card security code'),(3537,'payment.title.brokerMemberToSystem','Payment from member {0} to system'),(3538,'customImage.system.previous','Previous page icon'),(3539,'conversionSimulation.result.total','Total'),(3540,'transferType.name','Name'),(3541,'menu.admin.guarantees.searchPaymentObligations','Payment Obligations'),(3542,'reports.current.show_btn','Show reports'),(3543,'customField.removeConfirmation','Remove this custom field?'),(3544,'reports.current.loans','Loans'),(3545,'receiptPrinterSettings.localPrinter.defaultBrowserPrinting','Default browser print'),(3546,'permission.adminMemberLoanGroups.manage','Manage'),(3547,'profile.action.manageLoans','View loans'),(3548,'brokering.status.PENDING','Awaiting activation'),(3549,'adminTasks.indexes.status','Status'),(3550,'customField.title.list.ad','Advertisement custom fields'),(3551,'guarantee.loan','View'),(3552,'ad.description.onlyNew','(only new ads are shown)'),(3553,'permission.systemStatus.viewConnectedAdmins','View connected admins'),(3554,'profile.action.viewBrokerings','Member list (as broker)'),(3555,'changePin.error.userBlocked','You have exceeded the allowed login password trials, and your login is now blocked'),(3556,'group.account.allAccountsOnGroup','All possible accounts are already associated the group '),(3557,'externalTransfer.status.COMPLETE_PENDING','Complete and pending'),(3558,'permission.brokerReports.showAccountInformation','Show account information'),(3559,'global.tooltip.edit','Modify'),(3560,'reports.simulations.choose.dRateConfig','D-rate configuration'),(3561,'loanPayment.summary.unrecoverablePayments','Unrecoverable payments'),(3562,'message.error.emailNotSent','The member could not receive message because of e-mail sending problems'),(3563,'menu.admin.translation.mails','E-Mails'),(3564,'permission.operatorAccount.simulateConversion','Simulate conversion'),(3565,'createAdmin.title','Register new administrator'),(3566,'card.action.block','Block'),(3567,'customizedFile.title.customize.help','Customize help file'),(3568,'activities.invoices','Invoices'),(3569,'loanGroup.removeConfirmation','Remove loan group?'),(3570,'mobile.home.reservedAmount','Reserved: {0}'),(3571,'changeGroup.error.move.hasOpenLoans','The member cannot be moved because it has unpaid loans'),(3572,'payment.title.memberToSelf','Transfer between my accounts'),(3573,'guarantee.inserted','Guarantee inserted'),(3574,'global.up','Up'),(3575,'transactionPassword.status.user.PENDING','Pending'),(3576,'guaranteeType.paymentObligationPeriod','Max period between obligations'),(3577,'externalTransfer.modified','External transfer modified'),(3578,'activities.brokering','Brokering'),(3579,'group.defaultSmsMessages','Default messages sent by SMS'),(3580,'accountFee.invoiceMode.NOT_ENOUGH_CREDITS','Only when member does not have enough credits'),(3581,'permission.adminAdminRemarks.manage','Manage'),(3582,'alert.system.ADMIN_LOGIN_BLOCKED_BY_TRIES','Max incorrect login attempts for admin'),(3583,'group.settings.showPosWebPaymentDescription','Show description field on PosWeb payment'),(3584,'invoice.error.sendingWithMultipleTransferTypesWithCustomFields','This invoice cannot be sent because there are multiple possible payment types with custom fields'),(3585,'menu.operator.guarantees.searchCertifications','Certifications'),(3586,'changeGroup.removedMember','The member is removed'),(3587,'transactionPassword.error.blockedByTrials','Your transaction password is now blocked.\nPlease, contact the administration.'),(3588,'message.messageBox.SENT','Sent items'),(3589,'alert.member.LOGIN_BLOCKED_BY_PERMISSION_DENIEDS','Member login temporarily blocked by permission denied'),(3590,'login.registration.text','You can register by clicking the button below.'),(3591,'reports.stats.activity.singlePeriod.grossProduct.title','Gross Product per member (single period)'),(3592,'reports.stats.taxes.singlePeriod.totalSum.title','Statistics on Taxes: Volume'),(3593,'memberRecordType.groups','Groups'),(3594,'reports.stats.activity.throughTime.loginTimes.title','Logins per member through the time'),(3595,'card.cardType','Card type'),(3596,'ad.tradeType','Type'),(3597,'accountFeeLog.status.PROCESSED','Processed'),(3598,'permission.operatorAds.publish','Publish'),(3599,'mobile.viewPayments.description','Desc.'),(3600,'accountFee.action.running','The account fee is now running'),(3601,'alert.member.ACCOUNT_ACTIVATION_FAILED','Activation of account failed'),(3602,'fieldMapping.removeConfirmation','Remove this field mapping?'),(3603,'permission.memberInvoices','Invoices'),(3604,'invoice.description','Description'),(3605,'certification.validity','Validity'),(3606,'permission.systemSettings.manageAlert','Manage alert settings'),(3607,'permission.systemAdminPermissions.manage','Manage'),(3608,'payment.title.sucessfulPayment','Successful payment'),(3609,'notificationPreferences.hasntEmail','You don\'t have an email address configured.'),(3610,'transactionFee.when.COUNT','Transactions'),(3611,'adImport.title.import','Import advertisements'),(3612,'customImage.system.quickAccess_messages','Quick access: messages'),(3613,'settings.message.sentInvoiceExpired','Sent invoice expired'),(3614,'adImport.status.TOO_MANY_CATEGORY_LEVELS','Too many category levels (max=3)'),(3615,'menu.operator.preferences.receiptPrinterSettings','Receipt printers'),(3616,'settings.log.scheduledTaskLevel.OFF','Off'),(3617,'changePin.error.transactionPasswordBlocked','In order to define the pin, you need the transaction password.\nHowever, your transaction password is blocked.\nPlease, contact the administration'),(3618,'group.settings.passwordExpiresAfter','Login password expires after'),(3619,'reports.simulations.dRate.config.graph.xAxis','D-rate (days)'),(3620,'member.id','Id'),(3621,'reference.level.BAD','Bad'),(3622,'serviceOperation.MANAGE_MEMBERS','Manage members'),(3623,'global.tooltip.permissions','Edit permissions'),(3624,'permission.adminMemberLoans.repay','Repay loan'),(3625,'paymentObligation.expirationDate','Expiration date'),(3626,'settings.message.newCommissionContract','New commission contract'),(3627,'loanPayment.status.EXPIRED','Expired'),(3628,'payment.title.systemMemberToMember','Payment from member {0} to another member'),(3629,'errorLog.stackTrace','Java error details'),(3630,'permission.systemChannels.manage','Manage'),(3631,'settings.access.allowOperatorLogin','Allow operator login'),(3632,'ticket.status.PENDING','Pending'),(3633,'transferType.description','Description'),(3634,'permission.adminMemberPos','POS'),(3635,'reports.stats.general.selectAny','Select none, one, or more'),(3636,'translationMessage.key','Key'),(3637,'customField.type.BOOLEAN','Boolean'),(3638,'smsMailing.error.variableNotFound','Couldn\'t find the following variables: {0}'),(3639,'permission.systemThemes','Themes'),(3640,'externalTransfer.comments','Import comments'),(3641,'customField.possibleValue.title','Values list'),(3642,'permission.adminMemberCards.unblock','Unblock'),(3643,'invoice.search.period.end','End date'),(3644,'global.ok','Ok'),(3645,'conversionSimulation.result.input.drate','Applied D-rate'),(3646,'sms.type.OPERATION_CONFIRMATION','Operation confirmation'),(3647,'guaranteeType.error.issueFeeTransferType','Issue fee transaction type is required'),(3648,'reports.members_reports.system_invoices.invoiceModeRequired','It\'s necessary to check at least one type (incoming / outgoing) of members invoices or system invoices'),(3649,'infoText.title.search','Search info texts'),(3650,'ad.new','Insert new advertisement'),(3651,'reports.stats.keydevelopments.transactionAmount.title','Developments in amount per transaction'),(3652,'paymentRequest.error.invalidChannel','The payment request could not be performed because the user {0} does not have the channel {1} enabled'),(3653,'profile.action.smsLogs','SMS logs'),(3654,'global.no','No'),(3655,'reports.simulations.aRate.config.combinedGraph','Fee percentage vs relative A-rate'),(3656,'menu.admin.accounts.transfersAwaitingAuthorization','To authorize'),(3657,'guarantee.action.deny','Deny'),(3658,'permission.operatorMessages.manage','Manage'),(3659,'help.title.guarantees','Guarantees'),(3660,'menu.operator.account.transfersAwaitingAuthorization','To authorize'),(3661,'payment.confirmation.deny','You are going to deny this payment.\n\nPlease click OK to confirm'),(3662,'reports.stats.activity.developments.percentageNoTraders','% of members not trading'),(3663,'externalTransferImport.date','Date'),(3664,'authorizationLevel.level','Level'),(3665,'payment.error.negativeFinalAmount','All applied fees are higher than your original transfer amount. Contact the administration on this.'),(3666,'memberImport.initialDebits','Initial debits'),(3667,'customField.validation.maxLength','Max. length'),(3668,'infoText.noMatch','Couldn\'t find any info text that matches the specified criteria.'),(3669,'memberPos.title','Member POS'),(3670,'customField.member.error.indexingVisibility','In order to include in keywords search, the field should be shown in profile for other members'),(3671,'scheduledPayment.amount','Amount'),(3672,'transferType.fields.action.link','Link existing custom field'),(3673,'paymentObligation.status.ACCEPTED','Accepted'),(3674,'mailPreferences.guarantees','Guarantees'),(3675,'card.changeSecurityCode.confirmation','Unblock card security code?'),(3676,'sms.type.PAYMENT_ERROR.description','Direct payment error'),(3677,'permission.adminMemberCards.activate','Activate'),(3678,'ad.status.ACTIVE','Active'),(3679,'ad.owner','Publisher'),(3680,'payment.error.authorizedInPast','It is not possible to perform an authorized payment in past date'),(3681,'brokerCommission.suspendConfirmation','Do you want to suspend this broker commission and the brokers contracts related to it?'),(3682,'posweb.title.login','PosWeb login'),(3683,'messageCategory.title.insert','Insert new message category'),(3684,'brokering.change.confirmation','Are you sure to set {0} as broker of {1}?'),(3685,'menu.operator.account.systemPayment','System Payment'),(3686,'pos.description','Description'),(3687,'currency.pendingRateInitProgression','Rate reinitialization is being processed; currently processed up to'),(3688,'permission.brokerMemberRecords','Member records'),(3689,'invite.errorSending','Error sending mail to {0}'),(3690,'reports.stats.activity.throughTime.percentageNoTrade','Percentage of member not trading'),(3691,'externalTransferType.name','Name'),(3692,'permission.memberProfile.changeUsername','Change own login name'),(3693,'reports.stats.error.finalDateLesserThanInitialDate','Final date lesser than initial date'),(3694,'menu.admin.messages.messageCategory','Message Categories'),(3695,'message.rootType.SYSTEM','System'),(3696,'group.removed','The group was removed'),(3697,'sms.type.PAYMENT','Direct payment'),(3698,'payment.status.DENIED','Denied'),(3699,'changePin.newPinConfirmation','Confirm new pin'),(3700,'accountFee.action.cancel','Cancel'),(3701,'errors.passwords','Passwords are not Equal'),(3702,'permission.systemCardTypes.view','View card types'),(3703,'loan.status.DISCARDED','Externally repaid'),(3704,'reference.title.details.general','Reference details'),(3705,'global.error.nothingSelected','Nothing selected'),(3706,'externalTransfer.status.PENDING','Pending'),(3707,'fileMapping.className','Class name'),(3708,'settings.access.numericPassword','Numeric password'),(3709,'reports.stats.activity.histogram.logins.title','Logins per member, Histogram'),(3710,'reports.transactions_report.amount','Total amount'),(3711,'transfer.title.authorizations','Authorization actions'),(3712,'group.customizedFiles.removeConfirmation','Stop customizing this file?'),(3713,'global.weekDay.short.TUESDAY','Tue'),(3714,'memberRecordType.title.modify','Modify member record type'),(3715,'reports.stats.keydevelopments.title','Statistics of key developments...'),(3716,'customImage.name','Name'),(3717,'customField.type.DATE','Date'),(3718,'member.groupFilter','Group'),(3719,'menu.admin.bookkeeping.overview','External accounts'),(3720,'global.range','Range'),(3721,'smsMailing.systemName','System name'),(3722,'global.submit','Submit'),(3723,'reports.stats.activity.comparePeriods.grossProduct.row2.short','all'),(3724,'activities.loans.count','Open loans'),(3725,'memberImport.status.UNKNOWN_ERROR','Unknown error: {0}'),(3726,'guarantee.seller','Seller'),(3727,'invoice.error.noAccountType','There is no possible destination account type.\nPlease, contact the administration.'),(3728,'loanPayment.repaymentDate','Repayment'),(3729,'admin.group','Admin group'),(3730,'alert.member.BLOCKED_POS_USED','Attempt to use a POS device marked as blocked'),(3731,'group.settings.maxSchedulingPayments','Max. scheduling payments'),(3732,'customField.type','Data type'),(3733,'document.title.insert','Insert new document'),(3734,'invoice.sent','The invoice was sent'),(3735,'payment.error.relatesTo','The logged user is not related to member \'{0}\'.'),(3736,'generateCard.generateForMemberWithActiveCard','Generate for members with active card?'),(3737,'settings.message.value','Value'),(3738,'menu.admin.bookkeeping','Bookkeeping'),(3739,'settings.local.schedulingHour','Scheduled tasks hour'),(3740,'externalTransferType.title.insert','Insert payment type'),(3741,'brokerCommission.chargeStatus','Commissions charge status'),(3742,'permission.adminMemberInvoices.view','View member invoices'),(3743,'payment.title.systemToSystem','Transfer between system accounts'),(3744,'home.status.openLoans','You have {0} open loans'),(3745,'transactionFee.error.samePayerAndReceiver','Payer and receiver cannot be the same'),(3746,'permission.systemSettings.manageLog','Manage log settings'),(3747,'profile.action.grantLoan','Grant loan'),(3748,'smsMailing.text','Text'),(3749,'memberRecordType.action.new','Insert new member record type'),(3750,'createOperator.title','Create a new operator'),(3751,'help.title.registration','Member registration'),(3752,'permission.adminAdminRemarks','Remarks'),(3753,'reports.current.n_expads','Number of expired advertisements'),(3754,'transferType.to','To'),(3755,'createMember.captcha.invalid','You have not typed the image characters correctly'),(3756,'ad.category.choose','Choose a category'),(3757,'transactionFee.when.DAYS','Days'),(3758,'group.account.removeConfirmation','Remove the account from group?'),(3759,'payment.invalid.schedulingDate','The scheduling date must be before {0}'),(3760,'reports.stats.keyParams','Key Parameters'),(3761,'permission.memberProfile.changeName','Change own name'),(3762,'settings.local.dataDisplay','Data display'),(3763,'reports.stats.activity.throughTime.percentageNoTrade.title','Percentage of members not trading through the time'),(3764,'brokerCommissionContract.startDate.from','Starting from'),(3765,'settings.local.numberLocale.PERIOD_AS_DECIMAL','1,234.56'),(3766,'permission.adminMemberCards.view','View'),(3767,'menu.admin.settings.serviceClients','Web services clients'),(3768,'memberImport.status.MISSING_USERNAME','Username is missing'),(3769,'transactionFee.h','Maximum percentage'),(3770,'guarantee.removeConfirmation','Remove this guarantee?'),(3771,'changeGroup.member.title','Change group for member {0}'),(3772,'transferType.modified','The transaction type was modified'),(3773,'group.settings.maxImagesPerMember','Max profile images per member'),(3774,'transferType.conciliabled','Is conciliable'),(3775,'contactUs.message','In this page the administration can put some text and a mail address of the contact people of your organisation/project, by modifying the <i>contactUs.message</i> translation key.'),(3776,'externalAccount.title.overview','External accounts overview'),(3777,'transfer.relatedTransfers','Related transfers'),(3778,'permission.systemMemberRecordTypes','Member record types'),(3779,'certification.error.certificationActiveExists','An active certification issued to the selected buyer and with the same currency already exists.'),(3780,'customField.title.insert.memberRecord','New custom field for member record {0}'),(3781,'settings.message.certificationStatusChanged','Certification status changed'),(3782,'help.title.invoices','Invoices'),(3783,'serviceOperation.CHARGEBACK','Chargeback payments'),(3784,'memberPos.date','Assigned on'),(3785,'rates.reinit.reinit','Re-initialize?'),(3786,'accountHistory.conciliation.conciliated','Conciliated'),(3787,'externalTransferType.action.DISCARD_LOAN','Discard loan'),(3788,'payment.error.enoughCredits','Insufficient balance on {0}'),(3789,'alert.title.system','System alerts'),(3790,'transfer.chargeback.details','Show details'),(3791,'menu.member.personal.changePin','Change pin'),(3792,'guarantee.modified','The guarantee was modified'),(3793,'reports.stats.general.singlePeriod','One period'),(3794,'customField.operator.visibility.VISIBLE_NOT_EDITABLE','Visible and not editable'),(3795,'group.title.settings.notifications','Notification settings'),(3796,'webshop.error.ticket','Ticket not found'),(3797,'reference.summary.allTime','All time'),(3798,'group.settings.smsShowFreeThreshold','Show free SMS only if below'),(3799,'brokerCommissionContract.acceptConfirmation','Accept this broker commission contract?'),(3800,'paymentObligation.buyerName','Buyer name'),(3801,'menu.admin.translation.file','Import / Export'),(3802,'customField.operator.visibility.EDITABLE','Visible and editable'),(3803,'account.aRate','A rate'),(3804,'groupFilter.customizedFiles.action.new','Customize new file'),(3805,'settings.mail.subject','Subject'),(3806,'guarantee.automaticLoanAuthorization','Authorize loan automatically'),(3807,'permission.memberAdInterests.manage','Manage'),(3808,'permission.adminMemberInvoices','Member invoices'),(3809,'transferAuthorization.showToMember','Show to member'),(3810,'permission.brokerMemberAccess','Access'),(3811,'reports.stats.warning','Warning: Statistical calculations can be very heavy, and may take quite some time.  '),(3812,'permission.memberProfile','Member profile'),(3813,'externalTransferType.description','Description'),(3814,'externalTransferImport.error.format.general','Error importing transactions: {0}'),(3815,'receiptPrinterSettings.modified','The local print method was modified'),(3816,'loan.monthlyInterestRepaymentType','Monthly interest repayment type'),(3817,'loan.expirationDailyInterest','Expiry interest'),(3818,'loan.showProjection','Show'),(3819,'settings.access.loginRegex','Regular expression for login name'),(3820,'group.settings.smsCustomContext','Use a class to customize the SMS context'),(3821,'pos.remove.confirmation','Are you sure you want to remove this POS?'),(3822,'card.status.ACTIVE','Active'),(3823,'currency.dRate.minimalD','Minimal D'),(3824,'paymentFilter.description','Description'),(3825,'guarantee.emissionDate','Emission date'),(3826,'customField.ad.visibility.BROKER','Brokers and administrators'),(3827,'cardType.title.list','Card Types'),(3828,'permission.brokerCards.block','Block'),(3829,'mailPreferences.title','E-mail notifications'),(3830,'changePassword.modified','The password was modified'),(3831,'transferType.from','From'),(3832,'global.quarter.FIRST','First quarter'),(3833,'brokerCommissionContract.error.conflictingContract','There is already an active or pending contract whose period is conflicting whith this contract\'s period'),(3834,'smsLog.free','Free'),(3835,'cardType.cardSecurityCode.AUTOMATIC','Automatic'),(3836,'alert.system.applicationShutdown','Application shutdown'),(3837,'settings.message.setting','Setting name'),(3838,'settings.access.administrationWhitelist','Admin. access whitelist'),(3839,'posLog.memberPosStatus','Member POS status'),(3840,'guaranteeType.error.forwardTransferType','Forward transaction type is required'),(3841,'messageCategory.name','Name'),(3842,'permission.systemServiceClients.view','View'),(3843,'operator.email','E-mail'),(3844,'settings.log.restFile','REST services logfile path / name'),(3845,'reports.stats.activity.histogram.logins.xAxis','Logins / member'),(3846,'mailPreferences.newPendingPayments','New payment awaiting authorization'),(3847,'reports.current.n_permads','Number of permanent advertisements'),(3848,'payment.action.authorize','Authorize'),(3849,'accountFee.paymentDirection','Payment direction'),(3850,'reports.stats.choose.keydevelopments','Key developments'),(3851,'permission.adminMemberAccess.disconnect','Disconnect logged member'),(3852,'permission.systemAdminGroups.manageAdminCustomizedFiles','Manage customized files'),(3853,'transactionFee.chargeType.D_RATE','D-rate'),(3854,'permission.operatorReferences.view','View'),(3855,'adCategory.import.error.noFile','Please, select a file to import the categories'),(3856,'permission.adminMemberBrokerings','Brokerings'),(3857,'reports.stats.activity.developments.grossProduct','Gross Product'),(3858,'reports.stats.keydevelopments.numberOfAds','Number of ads'),(3859,'permission.brokerDocuments.viewMember','View member individual documents'),(3860,'reports.stats.activity.singlePeriod.loginTimes','Login times per member'),(3861,'guaranteeType.model.WITH_BUYER_AND_SELLER','With buyer and seller'),(3862,'customField.pattern','Input pattern'),(3863,'permission.adminMemberInvoices.sendAsMemberToSystem','Send as member to system'),(3864,'reports.stats.activity.singlePeriod.grossProduct.row2.short','all'),(3865,'notificationPreferences.smsHeading','SMS messages'),(3866,'reports.stats.general.sum','Sum'),(3867,'alert.system.rateInitializationFailed','Rate initialization job on currency {0} failed at transaction id {1} due to an exception raised.\nSee the error log for details.'),(3868,'brokerCommissionContract.endDate.to','to'),(3869,'paymentObligation.date','Date'),(3870,'menu.admin.usersGroups.membersBulkAction','Bulk actions'),(3871,'brokering.status.COMMISSION_COMPLETE','Commission ended'),(3872,'document.currentFileLink','{0} ({1})'),(3873,'permission.adminMemberLoans.discard','Discard loan'),(3874,'permission.adminMemberAccess.changePassword','Change login password'),(3875,'groupFilter.title.modify','Modify group filter'),(3876,'permission.operatorInvoices.manage','Manage'),(3877,'paymentFilter.showInAccountHistory','Show in account history'),(3878,'customField.type.MEMBER','Member'),(3879,'permission.systemExternalAccounts','External Accounts (bookkeeping)'),(3880,'authorizationLevel.error.adminGroupRequired','If the authorizer is an admin, it\'s necessary to choose admin groups'),(3881,'loan.queryStatus.ANY_CLOSED','Any closed'),(3882,'transferType.availability.SELF_PAYMENT','Self payment'),(3883,'global.back','Back'),(3884,'customField.moveValue.confirmation','You are going to replace all occurrences of {0} by {1}.\n\nPlease click OK to confirm'),(3885,'paymentRequest.title.new','Request payment'),(3886,'fileMapping.stringQuote','String quote'),(3887,'reports.stats.finances.expenditure','Expenditure'),(3888,'ad.category.title.order','Set ad category order'),(3889,'accountOverview.title.of','Accounts of {0}'),(3890,'paymentFilter.selectPaymentFilters','Select payment filters'),(3891,'group.settings.passwordTries.deactivationTime.number','Deactivation time (amount) after max password tries  '),(3892,'global.datePattern.year','yyyy'),(3893,'currency.aRate.creationValue','A-Rate at unit creation'),(3894,'reports.members.broker','Broker'),(3895,'serviceClient.address','Internet address'),(3896,'fileMapping.numberFormat.WITH_SEPARATOR','With separator'),(3897,'adImport.status.PUBLICATION_BEGIN_AFTER_END','Publication begin date is after the end date'),(3898,'group.details','Group details'),(3899,'adImport.lineNumber','Line #'),(3900,'receipt.transfer.date','Date: {0}'),(3901,'customImage.title.system.update','Update system image'),(3902,'settings.message.adminSystemInvoice','System invoice'),(3903,'loanPayment.date','Date'),(3904,'reports.stats.activity.topten.login','Logins'),(3905,'changeGroup.error.remove.activeOperator','The operator cannot be permanently removed because he/she has already been active on the system.\nInstaed of permanently removing, you can create a removed group and moving the operator to it'),(3906,'settings.message.adminSystemAlert','System alerts'),(3907,'scheduledPayments.title.print','Scheduled payments'),(3908,'permission.memberOperators','Operators'),(3909,'reports.transactions_report.member_to_system_invoices','{0} of member to system invoices'),(3910,'accountOverview.title.my','My accounts'),(3911,'menu.admin.usersGroups.messageToGroups','Group Message'),(3912,'settings.message.transactionFeedbackReceived','Transaction feedback received'),(3913,'receipt.transfer.to','To: {0}'),(3914,'guaranteeType.error.creditFeeTransferType','Credit fee transaction type is required'),(3915,'document.removeConfirmation','Remove document?'),(3916,'defaultBrokerCommission.title.my','Commission settings'),(3917,'transactionPassword.AUTOMATIC','Automatic'),(3918,'loan.calculate','Calculate'),(3919,'message.action.choose','Apply action to selected messages...'),(3920,'group.settings.passwordTries.maximum','Max password tries'),(3921,'settings.local.maxImageWidth',''),(3922,'guaranteeType.name','Name'),(3923,'menu.admin.translation.internalMessages','Notifications'),(3924,'guarantee.status.CANCELLED','Cancelled'),(3925,'guaranteeType.answerTodayMessage','0 means must answer in the day'),(3926,'notificationPreferences.disableSms','Disable SMS'),(3927,'invoice.search.direction.INCOMING','Incoming'),(3928,'receiptPrinter.error.ie','Local receipt printing is not supported under Microsoft Internet Explorer. Please, use a recent version of either Mozilla Firefox, Google Chrome or Opera.'),(3929,'customField.type.URL','URL'),(3930,'permission.systemAlerts.manageMemberAlerts','Manage member alerts'),(3931,'message.sent','The message was successfully sent'),(3932,'translationMessage.removeSelected.confirm','Please confirm to remove the selected translation key(s)?'),(3933,'brokerCommission.error.unsuspending','Error unsuspeding the broker commission!'),(3934,'loan.changedExpiredStatus','The loan has been marked as \'{0}\''),(3935,'reports.stats.activity.comparePeriods.percentageNoTrade.yAxis','% not trading'),(3936,'permission.brokerMembers.manageDefaults','Manage default commissions'),(3937,'invite.title','Invite'),(3938,'global.tooltip.print','Printable results'),(3939,'global.month.AUGUST','August'),(3940,'paymentObligation.status','Status'),(3941,'reports.stats.general.graph.allGraphs','Show all graphs'),(3942,'virtualKeyboard.contrast','Contrast'),(3943,'group.settings.externalAdPublication.ALLOW_CHOICE','Allow choice'),(3944,'permission.memberReferences.give','Give'),(3945,'settings.mail.resetPassword','Reset password mail'),(3946,'category.children','Subcategory'),(3947,'notificationPreferences.allowChargingSms','Allow charging for SMS message'),(3948,'certification.buyer','Buyer'),(3949,'quickAccess.searchMembers','Members'),(3950,'changeGroup.admin.changed','The administrator\'s group was changed'),(3951,'document.nature','Type'),(3952,'fileMapping.fields.title','File mapping fields'),(3953,'member.bulkActions.channelsChangedForAll','All members matching the filter ({0}) were changed.'),(3954,'memberImport.status.INVALID_CUSTOM_FIELD_VALUE_MIN_LENGTH','{0} is invalid: the minimum length is {1}.'),(3955,'customizedFile.type.HELP','Help'),(3956,'customizedFile.originalContents','Original contents'),(3957,'global.datePattern.second','ss'),(3958,'group.title.settings','Group settings'),(3959,'message.type','Type'),(3960,'fieldMapping.memberField','Member field'),(3961,'document.title.select.of','Print document for {0}'),(3962,'settings.log.webServiceLevel.DETAILED','Detailed tracing (detailed parameters)'),(3963,'customizedFile.type.STYLE','Style'),(3964,'paymentObligation.title.modify','Modify payment obligation'),(3965,'guarantee.status.WITHOUT_ACTION','Without action'),(3966,'brokering.loans.amount','Total loan remaining amount'),(3967,'alert.member.scheduledPaymentFailed','A scheduled payment of {0}, with type {1} has failed'),(3968,'permission.brokerReferences','References'),(3969,'guaranteeType.feeType.PERCENTAGE','%'),(3970,'permission.systemAccountFees','Account fees'),(3971,'receipt.posweb.transactions.scheduledPayment','{0} {1} {2} {3} {4}'),(3972,'invoice.destinationAccountType','Account destination'),(3973,'loan.title.search.of','Loans of {0}'),(3974,'global.amount.type.PERCENTAGE','%'),(3975,'changeBroker.title.history','History'),(3976,'fieldMapping.title.modify','Modify field mapping'),(3977,'group.settings.externalAdPublication','Advertisement external publication'),(3978,'customImage.system.quickAccess_accountInfo','Quick access: account information'),(3979,'permission.memberAds','Ads'),(3980,'document.title.select.my','Documents'),(3981,'login.error.blocked','Your login is now temporarily blocked'),(3982,'errorLog.removeSelected.confirm','Remove the selected error log entries?'),(3983,'changeChannels.enableChannels','Enable channels'),(3984,'admin.action.create','Create administrator'),(3985,'account.owner','Owner'),(3986,'customField.ad.showInSearch','Show in search'),(3987,'authorizationLevel.removed','Authorization level removed'),(3988,'settings.message.referenceReceived','Reference receiving'),(3989,'permission.memberLoans.view','View'),(3990,'permission.memberReceiptPrinterSettings.manage','Manage receipt printer'),(3991,'theme.style.MAIN','System'),(3992,'invoice.status.ACCEPTED','Accepted'),(3993,'permission.systemErrorLog.manage','Manage'),(3994,'pos.title','POS'),(3995,'customImage.system.preview','Preview icon'),(3996,'reports.members.date.current','Current Time'),(3997,'reports.simulations.dRateConfigSimulation.title','D-rate Configuration Simulation'),(3998,'loan.title.search.my','My loans'),(3999,'settings.message.guaranteeStatusChanged','Guarantee status changed'),(4000,'settings.log.scheduledTaskLevel.DETAILED','Detailed execution'),(4001,'payment.error.manageRelates','The logged user needs to manage one of the payment\'s parts and be related to the other.'),(4002,'guarantee.action.delete','Delete'),(4003,'paymentObligation.error.certificationValidityExceeded','One or more selected obligations expire after the certification\'s validity ({0} -  {1}).'),(4004,'guaranteeType.action.select','Register guarantee'),(4005,'document.action.new.member','New member document'),(4006,'cardLog.by','Changed by'),(4007,'loan.grant.confirmation.fees','If you grant this loan, the following fees will be applied:'),(4008,'permission.operatorInvoices','Invoices'),(4009,'error.ajax','There was an error while processing your request'),(4010,'mobile.login.password','Watchword'),(4011,'translationMessage.search.showOnlyEmpty','Only empty values'),(4012,'reports.stats.activity.singlePeriod.loginTimes.row1','Login times per member'),(4013,'memberPos.status.PIN_BLOCKED','Blocked PIN'),(4014,'guarantee.status.ACCEPTED','Accepted'),(4015,'member.bulkActions.brokerChanged','{0} members were changed to broker {2}.\n{1} members were not changed because they already had {2} as broker'),(4016,'menu.operator.personal','Personal'),(4017,'settings.log.traceLevel.DETAILED','Detailed tracing (including parameters)'),(4018,'settings.local.decimalInputMethod','Decimal numbers input method'),(4019,'group.customizedFiles.title.new','Customize new file for {0}'),(4020,'pos.actions.discard','Discard'),(4021,'loanPayment.summary.discardedPayments','Discarded payments'),(4022,'paymentObligation.title.selectPaymentObligation','Select payment obligations'),(4023,'receiptPrinterSettings.printerName','Local printer name'),(4024,'conversionSimulation.result.feelessAmount','Resulting amount'),(4025,'permission.adminMemberBrokerings.manageCommissions','Manage commissions'),(4026,'settings.local.csv.stringQuote.SINGLE_QUOTE','Single quote'),(4027,'image.file','File'),(4028,'pos.actions.block','Block'),(4029,'menu.operator.account','Account'),(4030,'reports.stats.activity.comparePeriods.grossProduct.row2','Gross Product over all members'),(4031,'reference.paymentDatails','Payment details'),(4032,'reports.stats.activity.comparePeriods.grossProduct.row1','Gross Product per member with income'),(4033,'rates.message.initializationAlreadyRunning','A Rate initialization job is currently running on this currency.\nThis means that the currency cannot be modified.\nWatch the system alerts to find out when the job is finished.'),(4034,'permission.brokerReports.view','View'),(4035,'transferType.minAmount','Min amount'),(4036,'reports.current.n_enabled','Number of enabled Members'),(4037,'reports.stats.activity.keyParams','Key parameters for activity'),(4038,'customField.member.access.BROKER','Broker'),(4039,'menu.member.account.transfersAuthorizations','Authorization history'),(4040,'permission.systemTranslation.manageNotification','Notification'),(4041,'pos.status.BLOCKED','Blocked'),(4042,'accountFee.lastExecution','Last execution'),(4043,'member.memberName','Member name'),(4044,'permission.systemLoanGroups','Loan groups'),(4045,'profile.action.manageCards','Manage cards'),(4046,'errorLog.removeOne.confirm','Remove this error log entry?'),(4047,'fileMapping.resetConfirmation','Reset file mapping?'),(4048,'errorLog.search.date.end','End data'),(4049,'permission.operatorGuarantees.sellWithPaymentObligations','Sell with payment obligations'),(4050,'cardType.error.removing','The card type could not be removed because it belongs to at least one group or there is at least one card associated'),(4051,'transactionFee.chargeType.FIXED','Fixed value'),(4052,'receiptPrinter.error.noConfiguration','No receipt printer configuration found'),(4053,'ad.inserted','Advertisement inserted'),(4054,'message.action.DELETE','Remove permanently'),(4055,'cardType.inserted','The card type was inserted'),(4056,'registrationAgreement.error.removing','The registration agreement could not be removed. \n\nIt is either in use by a group or already accepted by members in past'),(4057,'menu.admin.reports.members','Member reports'),(4058,'settings.error.importing','Error importing settings file'),(4059,'reports.current.invoices.MEMBER.count','Number of member invoices'),(4060,'image.removed','Image removed'),(4061,'memberImport.title.details.all','All imported members'),(4062,'permission.brokerMemberPayments.paymentAsMemberToMember','Payment as member to member'),(4063,'permission.brokerPos.view','View'),(4064,'menu.member.preferences.receiptPrinterSettings','Receipt printers'),(4065,'transfer.type','Transaction type'),(4066,'editCard.error.transactionPasswordBlocked','In order to edit  your card, you need the transaction password.\nHowever, your transaction password is blocked.\nPlease, contact the administration'),(4067,'admin.title.search','Search administrators'),(4068,'settings.message.messageMailSubjectPrefix','Mail subject prefix'),(4069,'channel.credentials','Credentials'),(4070,'global.datePattern.month','mm'),(4071,'infoText.title.new','New info text'),(4072,'permission.systemReports.memberList','Member lists'),(4073,'alert.title.search','Alerts history'),(4074,'customField.control.SELECT','Select box'),(4075,'settings.local.sms.sendSmsWebServiceUrl','Send SMS Web Service URL'),(4076,'permission.systemThemes.import','Import'),(4077,'pin.unblock.button','Unblock pin'),(4078,'payment.performed','The payment has been performed'),(4079,'reports.stats.choose.activity','Activity of members'),(4080,'customField.memberRecord.brokerAccess.READ_ONLY','Read only'),(4081,'adInterest.category','Ad category'),(4082,'settings.message.adminPendingBuyerOnlyGuarantee','Guarantee awaiting authorization (only buyer)'),(4083,'global.textFormat.PLAIN','Plain text'),(4084,'ad.publicationPeriod.begin','Publication date'),(4085,'reports.members_reports.account_type.all','All account types'),(4086,'mobile.credentials.PIN','PIN'),(4087,'reports.stats.activity.singlePeriod.percentageNoTrade.yAxis','% not trading'),(4088,'menu.operator.member.messages','Messages'),(4089,'help.title.advertisements','Advertisements'),(4090,'customImage.title.style','Style sheet images'),(4091,'receipt.posweb.transactions.transfers','Processed payments'),(4092,'message.type.GUARANTEE','Guarantees'),(4093,'loanGroup.name','Group name'),(4094,'menu.admin.reports.statistics','Statistical analysis'),(4095,'changeGroup.action.remove','Remove permanently'),(4096,'activities.brokering.numberMembers','Brokered members'),(4097,'accountType.inserted','The account type was inserted'),(4098,'adInterest.type.OFFER','Offer'),(4099,'menu.admin.personal','Personal'),(4100,'menu.member.preferences.notifications','Notifications'),(4101,'reports.stats.general.growth','Growth'),(4102,'reports.stats.activity.singlePeriod.percentageNoTrade','Percentage of members not trading'),(4103,'authorizationLevel.action.new','New authorization level'),(4104,'operator.username','Operator login'),(4105,'reports.stats.keydevelopments.highestAmountPerTransaction','Highest amount per transaction'),(4106,'menu.member.help','Help'),(4107,'message.rootType','Type'),(4108,'messageCategory.title.list','Message categories'),(4109,'permission.adminMemberReports.view','View'),(4110,'menu.admin.usersGroups.members','Manage Members'),(4111,'reports.stats.keydevelopments.throughTime.YEAR','Each year'),(4112,'serviceClient.channel','Channel'),(4113,'memberImport.initialCredits','Initial credits'),(4114,'transactionFee.inserted','The transaction fee was inserted '),(4115,'invoice.title.of','Invoices of {0}'),(4116,'menu.admin.accounts.transfersAuthorizations','Authorization history'),(4117,'permission.brokerRemarks','Remarks'),(4118,'permission.adminMemberInvoices.accept','Accept invoices'),(4119,'pos.actions.unblock','Unblock'),(4120,'home.status.title','Status'),(4121,'reports.members.accounts','Accounts'),(4122,'guarantee.paymentObligationList','Payment obligation list'),(4123,'settings.message.invoiceAccepted','Invoice accepted'),(4124,'changeBroker.old','Old broker'),(4125,'pos.unassigned','The POS was unassigned'),(4126,'menu.member.preferences','Preferences'),(4127,'transactionFee.invalidChargeValue',' {0} (Charge value)'),(4128,'operator.search.noResults','No matching operators found'),(4129,'global.weekDay.short.WEDNESDAY','Wed'),(4130,'global.percentPerDay','% / day'),(4131,'invoice.title.my','My invoices'),(4132,'customField.validation.required','Required'),(4133,'adImport.status.MISSING_OWNER','Missing owner member'),(4134,'externalTransferType.action.new','Insert new payment type'),(4135,'paymentObligation.inserted','The payment obligation was inserted'),(4136,'menu.admin.usersGroups.memberRecordTypes','Member record types'),(4137,'memberRecord.date','Created at'),(4138,'permission.adminMemberBulkActions.changeBroker','Change broker'),(4139,'externalTransferImport.error.removing','The transaction import could not be removed, because it has checked or processed transactions'),(4140,'sms.error.type.ALLOW_CHARGING_DISABLED','No free SMS left, adittional SMS charging is disabled'),(4141,'customField.title.list.operator','Operator custom fields'),(4142,'document.action.new.static','New static document'),(4143,'adCategory.inserted','The category was inserted'),(4144,'transfer.aRate','A-rate'),(4145,'settings.access.transactionPasswordChars','Possible characters in transaction password'),(4146,'permission.adminMemberRecords.delete','Delete'),(4147,'group.settings.defaultMailMessages','Default messages sent by mail'),(4148,'posweb.searchTransactions.title.scheduledPayments','Scheduled payments'),(4149,'transactionPassword.status.user.BLOCKED','Blocked'),(4150,'customImage.system.message_removed','Message on trash icon'),(4151,'reports.stats.activity.comparePeriods.numberTransactions.title','Number of Transactions per member (comparing two periods)'),(4152,'memberImport.status.INVALID_CREATION_DATE','Invalid creation date: {0}'),(4153,'reports.stats.period.periodCompared','Period to compare with'),(4154,'activities.invoices.outgoing.amount','Outgoing amount'),(4155,'global.month.JANUARY','January'),(4156,'permission.module.type.BROKER','Broker permissions of {0}'),(4157,'reports.stats.choose.balances','Balances'),(4158,'currency.pattern','Pattern'),(4159,'card.updateCard.error.userBlocked','You have exceeded the allowed login password trials, and your login is now blocked'),(4160,'error.general','An internal error in the Application occured'),(4161,'sms.type.GENERAL.description','General'),(4162,'permission.memberPreferences.manageAdInterests','Manage ad interests'),(4163,'guarantee.action.cancel','Cancel'),(4164,'translationMessage.import.error.noFile','Please, select the properties file'),(4165,'reports.members.download_btn','Download report'),(4166,'permission.systemPayments.payment','System payment'),(4167,'account.balance','Account balance'),(4168,'global.textFormat.RICH','Rich text'),(4169,'menu.operator.help','Help'),(4170,'serviceOperation.MEMBERS','Search members'),(4171,'login.operator.form.text','If you are a registered operator, you can login with the member\'s username, your username and password below.'),(4172,'reports.stats.finances.ComparePeriods.expenditure.yAxis','Expenditure'),(4173,'brokerCommissionContract.inserted','The broker commission contract was inserted'),(4174,'groupFilter.customizedFiles.noResults','This group filter has no customized files'),(4175,'reports.stats.keydevelopments.transactionAmount.median','Transaction amount'),(4176,'paymentObligation.error.maxPublicationDateAfterExpirationDate','The max. publication date can not be after the expiration date'),(4177,'guarantee.expiresTo','Expires to'),(4178,'quickAccess.messages','Messages'),(4179,'alert.system.ACCOUNT_FEE_RECOVERED','Account fee recovered'),(4180,'settings.local.memberResultDisplay.USERNAME','Member login name'),(4181,'member.action.create.selectGroup','Select member group'),(4182,'reports.stats.keydevelopments.throughTime.alert','You can only select the item \"through time\" in combination with other items.'),(4183,'settings.type.MAIL_TRANSLATION','E-mails'),(4184,'receiptPrinterSettings.remove.confirm','Are you sure to remove this receipt printer settings?'),(4185,'posweb.client.username','Client login'),(4186,'guaranteeType.status.ENABLED','Enabled'),(4187,'settings.message.pendingBuyerOnlyGuaranteeIssuer','Guarantee awaiting authorization (only buyer)'),(4188,'permission.adminMemberLoans.viewAuthorized','View authorized loans'),(4189,'loanGroup.removed','The loan group was removed'),(4190,'reports.stats.activity.topten.numberTransactions.col1','Number of transactions'),(4191,'receiptPrinterSettings.created','The receipt printer settings were created'),(4192,'permission.adminAdmins.changeProfile','Change profile'),(4193,'transactionPassword.error.generating','An error occurred while generating the transaction password.\nPlease, try again later'),(4194,'permission.operatorPayments.authorize','Authorize or deny'),(4195,'guaranteeType.status.DISABLED','Disabled'),(4196,'settings.local.decimalInputMethod.LTR','Left to right (the decimal separator must be typed)'),(4197,'document.currentFile','Current file'),(4198,'createMember.registrationAgreementButton','I accept the above registration agreement'),(4199,'loan.grant.confirmation.group','You are goint to grant a loan of {0} to group {1}, having {2} as responsible.{3}\n\nPlease, click OK to proceed'),(4200,'admin.name','Full name'),(4201,'loan.status.AUTHORIZATION_DENIED','Autorization denied'),(4202,'permission.adminMembers.managePending','Manage pending members'),(4203,'permission.operatorMessages.view','View'),(4204,'reports.stats.finances.ComparePeriods.income','Income'),(4205,'alert.system.newVersionOfHelpFile','There is a new version of a customized help file, {0}.\nPlease, check the customization in order to resolve possible conflicts'),(4206,'global.choose','Choose ...'),(4207,'loan.queryStatus.IN_PROCESS','In process'),(4208,'permission.memberAds.publish','Publish'),(4209,'global.preview','Preview'),(4210,'externalAccount.title.modify','Modify external account'),(4211,'guaranteeType.removeConfirmation','Remove guarantee type?'),(4212,'menu.admin.ads','Advertisements'),(4213,'permission.adminMembers.changeProfile','Change profile'),(4214,'profile.action.accountInformation','Account information'),(4215,'theme.title','Title'),(4216,'reports.stats.choose.finances','Finances'),(4217,'guarantee.issuerUsername','Issuer login'),(4218,'conversionSimulation.result','Conversion Simulation Results'),(4219,'memberImport.status.BALANCE_UPPER_THAN_CREDIT_LIMIT','The balance is upper than the credit limit'),(4220,'loan.grant.confirmation.member','You are goint to grant a loan of {0} to {1}.{2}\n\nPlease, click OK to proceed'),(4221,'profile.action.creditLimit','Set credit limit'),(4222,'settings.log.restLevel','REST services log level'),(4223,'transactionFee.chargeType.PERCENTAGE','Percentage'),(4224,'accountHistory.title.of','Search transactions of {0} on {1}'),(4225,'brokerCommissionContract.action.selectBrokerCommission','Select commission type'),(4226,'reports.print.limitation','The report has been limited to {0} rows.'),(4227,'paymentObligation.registrationDate','Registration date'),(4228,'sms.type.ACCOUNT_DETAILS.description','Account details'),(4229,'permission.adminMemberInvoices.acceptAsMemberFromMember','Accept invoice from member as member'),(4230,'loan.title.print','Loans search result'),(4231,'conversionSimulation.amount','Amount to convert'),(4232,'settings.local.maxAjaxResults','Max. Ajax results'),(4233,'customImage.removeConfirmation','Remove this image?'),(4234,'ad.title.search','Search for products and services'),(4235,'changePassword.oldPassword','Current password'),(4236,'reports.simulations.choose.aRateConfig','A-rate configuration'),(4237,'accountHistory.title.my','Search transactions on {1}'),(4238,'menu.admin.guarantees.searchGuarantees','Guarantees'),(4239,'image.details.success','The image details were successfully saved'),(4240,'registrationAgreement.removed','The registration agreement was removed'),(4241,'help.title.loan_groups','Loan groups'),(4242,'transferType.error.removing','This transaction type cannot be removed because there are related fees or transactions of this type '),(4243,'channel.removed','The channel was removed'),(4244,'group.title.settings.payments','Payment settings'),(4245,'smsLog.status.DELIVERED','Delivered'),(4246,'defaultBrokerCommission.validity','Validity'),(4247,'permission.brokerCards.unblockSecurityCode','Unblock card security code'),(4248,'customField.title.modify.loanGroup','Modify loan group custom field'),(4249,'payment.error.pendingCommissionContract','The payment could not be processed because there is a pending commission contract related to the commission: {0}'),(4250,'accountFee.title.logDetails','Account fee execution details'),(4251,'sms.type.ACCOUNT_DETAILS_ERROR.description','Account details error'),(4252,'image.details','Details'),(4253,'reports.simulations.aRateConfigSimulation.range.percentUnits','% of total guarantee period'),(4254,'reports.stats.taxes.totalSum','Total Sum'),(4255,'settings.local.internationalization','Internationalization'),(4256,'image.error.removing','The image could not be removed'),(4257,'brokerCommissionContract.denyConfirmation','Deny this broker commission contract?'),(4258,'reports.simulations.dRate.config.graph','Fee percentage vs D-rate'),(4259,'global.iRate.steps','steps'),(4260,'accountType.removed','The account was removed'),(4261,'transactionFee.finalAmount','Amount less or equals'),(4262,'card.updateCard.cardCodesAreNotEqual','The card codes are not equals'),(4263,'menu.admin.accessDevices','Access Devices'),(4264,'settings.message.invoiceCancelled','Invoice cancelled'),(4265,'pos.error.posIdExists','The identifier already exists. Please select another.'),(4266,'permission.brokerMembers.register','Register'),(4267,'reports.stats.transferTypeFilter','Transfer type filter'),(4268,'changePassword.forceChange','Force change on next login'),(4269,'changePin.error.mustBeNumeric','The pin can only contain numbers'),(4270,'settings.message.invoiceDenied','Invoice denied'),(4271,'help.title.transaction_feedback','Transaction feedback'),(4272,'channel.errorRemoving','The channel couldn\'t be removed'),(4273,'profile.action.brokeringActions','Brokering'),(4274,'transactionFee.brokerGroups','Broker groups'),(4275,'externalTransferProcess.confirmation','You are going to process the selected payments.\n\nAre you sure?'),(4276,'serviceClient.ignoreRegistrationValidations','Ignore e-mail and custom field validations'),(4277,'customizedFile.modified','The file was modified'),(4278,'help.title.bookkeeping','Bookkeeping'),(4279,'login.error.inactive','Your account has not yet been activated.\nPlease, contact the administration.'),(4280,'settings.message.adminNewPendingPayment','New payment for admin to authorize'),(4281,'reference.title.transactionFeedbacks.of','{0}\'s transaction feedbacks'),(4282,'transactionFee.deductAmount.true','Deduct from total amount'),(4283,'reports.stats.activity.comparePeriods.grossProduct.row1.short','with income'),(4284,'reports.simulations.aRateConfigSimulation.endA','End at A ='),(4285,'channel.displayName','Display name'),(4286,'registrationAgreement.new','Insert new registration agreement'),(4287,'reports.stats.activity.throughTime.percentageNoTrade.col1','Percentage not trading'),(4288,'brokerCommission.removeConfirmation','Remove this broker commission?'),(4289,'transactionPassword.status.user.NEVER_CREATED','Not generated'),(4290,'smsLog.title.searchMy','Search SMS history'),(4291,'permission.systemSettings.manageLocal','Manage local settings'),(4292,'card.action.cancel','Cancel'),(4293,'settings.mail.smtp','SMTP server parameters'),(4294,'help.title.user_management','User management'),(4295,'ad.title.modify','Modify advertisement'),(4296,'profile.member.addPicture','Add picture'),(4297,'permission.systemExternalAccounts.check','Check Payment'),(4298,'help.title.alerts_logs','Alerts & Logs'),(4299,'settings.access.error.virtualKeyboard.groupsRequireSpecial','{0} cannot be enabled because there is at least one group which requires special characters on passwords'),(4300,'reports.stats.keydevelopments.numberOfMembers.numberOfDisappearedMembers.short','Disappeared'),(4301,'reference.direction.general.RECEIVED','Received references'),(4302,'pos.search.noResults','No POS was found'),(4303,'theme.action.remove','Remove'),(4304,'authorizationLevel.error.removing','It\'s not possible to remove this authorization level because there are payments depending on it'),(4305,'reports.stats.keydevelopments.throughTime.title','Developments through the time'),(4306,'loan.repayment.amount','Amount'),(4307,'loanPayment.number','Number'),(4308,'transactionFee.when.ALWAYS','Always'),(4309,'document.documentPage','Document page'),(4310,'reports.members_reports.number','Number'),(4311,'ad.maxAdsMessage','Please delete one or more products & services to be able to create a new one'),(4312,'customField.moveValue','Replace occurrences by'),(4313,'groupFilter.customizedFiles.removed','The file is no longer customized for this group filter'),(4314,'externalTransferType.error.removing','The payment type could not be removed'),(4315,'settings.local.applicationUsername','Application username'),(4316,'changePin.error.blockedTransactionPassword','Blocked transaction password'),(4317,'permission.brokerMemberAccess.transactionPassword','Manage transaction password'),(4318,'payment.goToAccountHistory','Go to account history'),(4319,'transactionFee.fromFixedMember.name','Will be charged full name'),(4320,'customField.confirmUnhide','You have turned off the can hide checkbox for this field.\nSaving this field like this means that for all members\nexisting information in this field becomes visible for others.\n\nAre you sure?'),(4321,'transactionFee.modified','The transaction fee was modified'),(4322,'reports.stats.activity.comparePeriods.loginTimes.row1','Logins per member'),(4323,'paymentObligation.publish','Publish'),(4324,'fieldMapping.field.MEMBER_ID','Member internal identifier'),(4325,'accountFeeLog.skippedMembers','Skipped members'),(4326,'permission.adminMembers.import','Import'),(4327,'help.title.profiles','Profile'),(4328,'ad.publicationPeriod.permanent','Permanent'),(4329,'smsMailing.date','Date'),(4330,'adImport.status.INVALID_OWNER','Invalid owner member: {0}'),(4331,'settings.local.transactionNumber.suffix','Suffix'),(4332,'loanPayment.summary.receivedPayments','Received payments'),(4333,'adminTasks.onlineState.online','The system is currently <span class=\'fieldDecoration\'><b>online</b></span>'),(4334,'reference.level','Value'),(4335,'transactionPassword.reset.confirmMessage','Are you sure to reset the member\'s transaction password? '),(4336,'alert.system.NULL_RATE',''),(4337,'home.admin.status.systemUptime.message','{0} day(s), {1} hour(s)'),(4338,'reports.stats.transactionFeeFilters','Transaction Fees'),(4339,'accountFee.action.run','Run now'),(4340,'externalTransfer.status.TOTAL','Total'),(4341,'group.error.passwordPolicyNumeric','{0} cannot be set to force letters or special characters because the access settings defines the password as numeric'),(4342,'home.status.newPayments','You received {0} new payments since your last login'),(4343,'customImage.system.quickAccess_updateProfile','Quick access: update profile'),(4344,'brokerCommission.error.removing','The broker commission could not be removed because it was already charged or it was already customized by a broker'),(4345,'adCategory.modified','The category was modified'),(4346,'memberRecord.lastModified','Modified at'),(4347,'guarantee.issuedDate','Issued date'),(4348,'customImage.upload','Upload new'),(4349,'payment.confirmation.cancel','You are going to cancel this payment.\n\nPlease click OK to confirm'),(4350,'transactionFee.aRateParameters','A-rate parameters'),(4351,'menu.admin.externalAccounts.fileMappings','File Mappings'),(4352,'accountFeeLog.openInvoices','Open invoices'),(4353,'transferType.fields.title.list','Payment custom fields'),(4354,'loan.queryStatus.EXPIRED','Expired'),(4355,'permission.systemTasks','Adminstrative tasks'),(4356,'infoText.new','Create New'),(4357,'externalTransfer.amount','Amount'),(4358,'settings.message.adminApplicationError','Application errors'),(4359,'reports.stats.keydevelopments.transactionAmount.highest','highest'),(4360,'group.settings.maxAmountPerDay','Maximum amount per day per payment type'),(4361,'memberRecordType.fields.title.list','Custom fields'),(4362,'externalAccount.error.removing','The value was not removed because it is currently being used'),(4363,'transfer.title.print','Transaction information'),(4364,'operator.created','The operator has been successfully created'),(4365,'group.nature.BROKER','Broker'),(4366,'fileMapping.decimalSeparator.error.required','Decimal separator is required'),(4367,'group.permissions','Edit permissions'),(4368,'settings.mail.invitation','Invitation mail'),(4369,'ad.id','MemberId'),(4370,'brokerCommissionContract.broker','Broker'),(4371,'viewChannels.title.of','View channels of {0}'),(4372,'global.removeSelected','Remove selected'),(4373,'reports.stats.finances.ThroughTime.expenditure.yAxis','Expenditure'),(4374,'accountHistory.creditsDebitsBalance.amount','Transactions balance'),(4375,'brokerCommissionContract.modified','The broker commission contract was modified'),(4376,'pos.discarded','The POS was discarded'),(4377,'reports.stats.activity.singlePeriod.loginTimes.yAxis','Logins / member'),(4378,'reports.stats.keydevelopments.numberOfAds.created','Created ads '),(4379,'contact.removed','The contact was removed'),(4380,'transferType.isLoan','Is loan'),(4381,'transactionFee.chargeType.A_RATE','A-rate'),(4382,'message.type.PAYMENT_OBLIGATION','Payment obligations'),(4383,'transactionFee.subject.SOURCE','Member paying (source)'),(4384,'reports.stats.keydevelopments.periodType.COMPARED_PERIODS','Compared periods'),(4385,'memberImport.initialCreditTransferType.empty','Ignore positive balances'),(4386,'permission.adminMemberLoanGroups','Loan group membership'),(4387,'brokerCommission.suspended','The broker commission was suspended'),(4388,'payment.status','Status'),(4389,'permission.brokerMemberAccess.changePin','Change pin'),(4390,'permission.systemCustomizedFiles.manage','Manage'),(4391,'pendingMember.resendEmail','Resend validation email (last sent at {0})'),(4392,'permission.adminMemberPos.block','Block'),(4393,'permission.operatorReferences.manageMemberTransactionFeedbacks','Manage my transaction feedbacks'),(4394,'serviceClient.title.insert','Insert web services client'),(4395,'loan.repayment.transactionPassword.canPerformExpiredAction','In order to change the loan status, you must supply your transaction password'),(4396,'accountFeeLog.totalAmount','Total amount'),(4397,'guaranteeType.forwardTransferType','Forward'),(4398,'posLog.by','By'),(4399,'menu.member.account.loans','Loans'),(4400,'customField.action.new','New custom field'),(4401,'profile.action.changeBroker','Set broker'),(4402,'permission.systemStatus.viewConnectedMembers','View connected members'),(4403,'contact.notes','Notes'),(4404,'paymentObligation.sellerName','Seller name'),(4405,'icon.title.notConciliated','Payment not conciliated'),(4406,'paymentObligation.pack.details.title','Details'),(4407,'menu.admin.accounts.memberPayment','Member Payment'),(4408,'accountFee.nextExecution','Next execution'),(4409,'customField.payment.type.LINKED','Linked from {0}'),(4410,'permission.systemPayments.chargeback','Chargeback payment to system'),(4411,'externalAccountHistory.button.processPayments','Process payments'),(4412,'customizedFile.title.customize.css','Customize style sheet'),(4413,'transferType.feedbackExpirationTime','Max feedback period'),(4414,'operator.action.create','Create a new operator'),(4415,'settings.local.modified','The local settings were modified'),(4416,'payment.error.invalidTransferType','Invalid transaction type'),(4417,'settings.local.precision','Number precision'),(4418,'brokering.error.circularBrokering','Circular brokering:\nA member is assigned to him/herself as a broker.'),(4419,'transferType.removeConfirmation','Remove this transaction type?'),(4420,'changePassword.newPassword','New password'),(4421,'adImport.status.MISSING_CATEGORY','Missing category'),(4422,'theme.selected','The theme is now selected.\nYou may need to clear your browser\'s cache and reload the page in order to see the changes'),(4423,'authorizationLevel.title.edit','Edit authorization level'),(4424,'reports.stats.activity.histogram.grossProduct','Histogram of gross product'),(4425,'memberRecord.removeConfirmation','Remove this {0}?'),(4426,'paymentObligation.selectIssuer','Selected issuer:'),(4427,'card.changeSecurityCode.error.obvious','The security code is too simple. It cannot be sequential, nor equals to any profile field'),(4428,'settings.alert.idleInvoiceExpiration','Invoice expiration'),(4429,'settings.local.transactionNumber.prefix','Prefix'),(4430,'group.action.personalMessage','Send personal message to members'),(4431,'groupFilter.name','Name'),(4432,'permission.systemReports.simulations','Simulations'),(4433,'permission.adminMemberInvoices.sendAsMember','Send invoice as member'),(4434,'conversionSimulation.result.result','Result'),(4435,'cardSecurityCode.error.blocked','The card security code is now temporarily blocked'),(4436,'permission.systemAdminGroups','Admin groups'),(4437,'member.search.allGroups','All groups'),(4438,'guarantee.buyer','Buyer'),(4439,'menu.admin.customFields.loanFields','Loan Fields'),(4440,'adCategory.action.export','Export all categories to file'),(4441,'profile.action.managePasswords','Manage passwords'),(4442,'global.loading','Loading. Please wait...'),(4443,'reports.stats.filters','Filters...'),(4444,'admin.adminName','Admin name'),(4445,'reference.direction.general.GIVEN','Given references'),(4446,'menu.admin.accounts.memberInvoice','Member Invoice'),(4447,'menu.admin.translation.application','Application'),(4448,'errors.required','{0} is required'),(4449,'adminTasks.indexes.rebuild','Rebuild'),(4450,'loan.grantFeeRepaymentType','Grant fee repayment type'),(4451,'theme.select.message','Choose theme'),(4452,'member.brokerName','Broker name'),(4453,'currency.aRate.initDate','Initialization date for A-rate'),(4454,'permission.brokerCards.activate','Activate'),(4455,'settings.local.maxPageResults','Max. page results'),(4456,'permission.brokerInvoices.sendAsMemberToMember','Send as member to member'),(4457,'global.change','Change'),(4458,'conversionSimulation.result.amount','Amount'),(4459,'settings.log.accountFeeLevel.OFF','Off'),(4460,'permission.adminMemberSmsMailings.view','View'),(4461,'memberImport.group','Permission group'),(4462,'loan.description','Description'),(4463,'channel.title.list','Channels'),(4464,'loan.status.UNRECOVERABLE','Unrecoverable'),(4465,'paymentFilter.inserted','The payment filter was inserted'),(4466,'adminTasks.onlineState.offline','The system is currently <span class=\'fieldDecoration\'><b>offline</b></span>'),(4467,'activities.transactions.averageBuy','Paid - average amount'),(4468,'reference.transactionFeedback.role.SELLER','Payments received'),(4469,'fileMapping.decimalPlaces','Decimal places'),(4470,'settings.message.adminPaymentFromMemberToSystem','Payments from member to system'),(4471,'quickAccess.placeAd','Place ad'),(4472,'transactionPassword.generate','Get transation password'),(4473,'help.title.contacts','Contacts'),(4474,'settings.message.loginBlocked','Login blocked by invalid trials'),(4475,'customImage.uploaded','The image was uploaded, if it isn\'t displayed try refreshing the page.'),(4476,'reports.stats.paymentfilter','Payment filter'),(4477,'permission.operatorAccount.authorizedInformation','View authorized payments'),(4478,'memberRecord.by','Created by'),(4479,'externalAccount.removed','The external account was removed'),(4480,'permission.memberAccess.changeChannelsAccess','Change channels access'),(4481,'reports.stats.activity.topten.login.title','Top ten of logins'),(4482,'permission.systemAccountFees.charge','Charge'),(4483,'settings.message.brokeringExpiration','Brokering expiration'),(4484,'fieldMapping.order','Order'),(4485,'guarantee.registrationDate','Registration date'),(4486,'accountFeeLog.rechargingFailed','Recharging failed members...'),(4487,'group.initialGroup','Initial group'),(4488,'reports.stats.choose.taxes','taxes & fees'),(4489,'brokering.notes','Notes'),(4490,'card.cardCodeChanged','Card security code changed'),(4491,'defaultBrokerCommission.status.ACTIVE','Active'),(4492,'transfer.scheduling.MULTIPLE_FUTURE','Multiple scheduled payments'),(4493,'settings.type.ACCESS','Access settings'),(4494,'errors.notAllowed.loanInPast','Loan granting in the past is not possible if rates are enabled.\nThis is a configuration error; please contact a system admin.'),(4495,'channel.inserted','The channel was inserted'),(4496,'profile.neverLoggedOn','Never logged'),(4497,'permission.systemDocuments','Customized documents'),(4498,'serviceClient.noResults','There are no web services clients'),(4499,'menu.operator.search.ads','Products & Services'),(4500,'reports.stats.show','Show'),(4501,'serviceOperation.SMS','Send SMS messages'),(4502,'paymentObligation.history','History'),(4503,'memberImport.confirm','Import'),(4504,'reports.stats.keydevelopments.numberOfMembers.numberOfNewMembers.short','New'),(4505,'permission.memberPayments.paymentToMember','Member payments'),(4506,'customField.ad.searchVisibility','Search visibility'),(4507,'reports.stats.keydevelopments.numberOfTransactions.yAxis','Number'),(4508,'group.status','Status'),(4509,'member.name','Full name'),(4510,'accountFee.title.list','Account fees'),(4511,'posweb.client.loginPassword','Password'),(4512,'memberPos.title.noPos','No POS for member'),(4513,'brokerCommissionContract.cancelled','The broker commission contract was cancelled'),(4514,'currency.inserted','The currency was inserted'),(4515,'global.month.NOVEMBER','November'),(4516,'scheduledPayment.accountType','Account'),(4517,'pos.status.ACTIVE','Active'),(4518,'paymentObligation.status.REGISTERED','Registered'),(4519,'customField.ad.searchVisibility.ADVANCED','Advanced search'),(4520,'payment.confirmation.fees','The following fees will be applied if you accept:'),(4521,'permission.memberPayments.paymentToSelf','Self payment'),(4522,'permission.systemCurrencies.manage','Manage'),(4523,'reference.action.set','Set reference'),(4524,'accountFeeLog.amount','Amount'),(4525,'global.weekDay.short.THURSDAY','Thu'),(4526,'smsLog.date','Date'),(4527,'alert.type.MEMBER','Member'),(4528,'createAdmin.passwordConfirmation','Confirm password'),(4529,'groupFilter.customizedFiles.customized','The file is now customized for this group filter'),(4530,'reports.members_reports.debits','Debits'),(4531,'reports.members.presentation.result','Member report result'),(4532,'authorizationLevel.authorizer','Authorizer'),(4533,'transactionFee.aFIsZero','0% at A-rate = ...'),(4534,'card.title.search','Cards search'),(4535,'pos.error.unvailable','This POS is unvailable for assignement'),(4536,'pos.unassignPos.confirmation','Unassign POS from member?'),(4537,'settings.local.sms.channel','Operations channel'),(4538,'settings.local.memberResultDisplay','Member display name'),(4539,'permission.adminAdmins.changeGroup','Change group'),(4540,'contact.title.edit','Edit contact note'),(4541,'menu.admin.logout','Logout'),(4542,'account.availableBalance','Available balance'),(4543,'accountFeeLog.status.TRANSFER','Payment'),(4544,'customField.possibleValue.inserted','The value was inserted'),(4545,'menu.admin.usersGroups.registrationAgreements','Registration agreements'),(4546,'settings.log.traceFile','Action logfile path / name'),(4547,'customizedFile.select.type','Select type'),(4548,'changeGroup.admin.confirmPermanentRemove','Remove administrator permanently?'),(4549,'accountFee.action.run.confirmation','You are going to run an account fee.\n\nPlease click OK to confirm'),(4550,'customField.possibleValue.error.removing','The value was not removed because it is currently being used'),(4551,'permission.systemExternalAccounts.details','Details'),(4552,'quickAccess.accountInfo','Account(s)'),(4553,'translationMessage.import.type.REPLACE','Replace entire file'),(4554,'home.admin.status.memberAlerts','Number of member alerts'),(4555,'member.title.bulkActions.action','Action'),(4556,'payment.confirmation.appliedFees','Applied fees'),(4557,'transferAuthorization.date','Date'),(4558,'admin.adminUsername','Admin user name'),(4559,'error.validation','Invalid form submission'),(4560,'scheduledPayment.title.print','Scheduled payment information'),(4561,'settings.mail.smtpPassword','Password'),(4562,'group.nature.ADMIN','Admin'),(4563,'help.title.brokering','Brokering'),(4564,'sms.error.type.SEND_ERROR','Unknown error'),(4565,'reports.stats.general.year','year'),(4566,'card.created','Card has been created'),(4567,'guarantee.createGuarantee','Create guarantee'),(4568,'brokerCommission.error.stopping','Error stopping the broker commission!'),(4569,'posweb.action.logout','Logout (F10)'),(4570,'rates.reinit.date','Reinitialization date'),(4571,'createMember.title.byAdmin','Register new member'),(4572,'menu.admin.messages','Messages'),(4573,'admin.search.noResults','No administrators were found'),(4574,'changeBroker.new','New broker'),(4575,'message.sendTo.MEMBER','Member'),(4576,'externalAccount.memberAccount','Member account'),(4577,'settings.local.emailRequired','Obligatory e-mail for members'),(4578,'global.timePeriod.SECONDS','Second(s)'),(4579,'fieldMapping.title.order','Set field mappings order'),(4580,'error.image','The given image could not be uploaded'),(4581,'customField.title.order.operator','Set opeartor custom field order'),(4582,'menu.admin.cards.list','Search cards'),(4583,'reports.stats.throughTheTime','Through the time'),(4584,'global.weekDay.short.SATURDAY','Sat'),(4585,'virtualKeyboard.full','Full'),(4586,'payment.invalid.paymentAmount','The total payment amount must be the same as the sum of each payment\'s amount'),(4587,'externalTransferImport.noFile.message','Please, select the file to import'),(4588,'brokerCommissionContract.amount','Amount'),(4589,'permission.brokerMessages.manage','Manage'),(4590,'operator.action.create.selectGroup','Select group'),(4591,'webshop.payment.descriptionText','Product information:'),(4592,'reports.stats.activity.comparePeriods.percentageNoTrade.title','Percentage of members not trading (comparing two periods)'),(4593,'document.newFile','Upload file'),(4594,'member.title.print','Member search results'),(4595,'reports.stats.keydevelopments.throughTime.throughTime','Through time'),(4596,'guarantee.expiresFrom','Expires from'),(4597,'group.settings.emailValidation.USER','Public registration or user editing own profile'),(4598,'permission.systemCustomFields.view','View'),(4599,'customImage.system.noPicture','No picture'),(4600,'customField.validation.validatorClass','Validator class'),(4601,'reports.stats.chooseStatisticsCategories','Please choose one category of statistics to show'),(4602,'permission.systemStatus','System status'),(4603,'guarantee.name','Name'),(4604,'externalTransferProcess.error.noTransferTypeToPay','No possible payment types'),(4605,'createMember.action.saveAndOpenProfile','Save and open profile'),(4606,'customField.inserted','The custom field was inserted'),(4607,'transferType.error.minMaxPerDayAmount','The minimum amount must not exceed the maximum per day'),(4608,'reports.stats.keydevelopments.throughTime.show','Show'),(4609,'transfer.description','Description'),(4610,'reports.stats.activity.histogram.numberTransactions','Histogram of number of transactions'),(4611,'mobile.error.title','Error'),(4612,'menu.admin.translation','Translation'),(4613,'menu.operator.guarantees','Guarantees'),(4614,'global.search.all','All'),(4615,'mobile.payment.error.invalid','Invalid payment'),(4616,'mobile.payment.error.noTransferType','There is no possible transfer transfer type for mobile payment.\nPlease, contact the administration'),(4617,'guaranteeType.inserted','The guarantee type was inserted'),(4618,'posweb.searchTransactions.title.transactions','Processed payments'),(4619,'permission.brokerInvoices.acceptAsMemberFromMember','Accept invoice from member as member'),(4620,'permission.adminMemberAds','Products and services'),(4621,'settings.access.adminTimeout','Admin. session timeout'),(4622,'customField.control.TEXTAREA','Text area'),(4623,'reference.transactionFeedback.role.BUYER','Payments performed'),(4624,'accountType.name','Name'),(4625,'card.unblockCard.confirmation','Unblock card?'),(4626,'ad.result.by','Published by {0}'),(4627,'changePin.error.alreadyUsed','The given pin was already used in past'),(4628,'transferType.transactionHierarchyVisibility.ADMIN','Only to administrators'),(4629,'settings.local.language.GERMAN','German'),(4630,'customField.error.removing','The custom field could not be removed because it\'s already in use'),(4631,'group.title.settings.loans','Loan group settings'),(4632,'permission.brokerMembers.changeName','Change full name'),(4633,'reports.current.invoices.SYSTEM_INCOMING.count','Number of incoming system invoices'),(4634,'permission.adminMemberDocuments.manageDynamic','Manage dynamic documents'),(4635,'permission.systemGuaranteeTypes','Guarantee types'),(4636,'settings.log.accountFeeFile','Account fee logfile path / name'),(4637,'alert.member.invoiceIdleTimeExceeded','An invoice of {0}, sent at {1}, has exceeded the maximum idle time'),(4638,'theme.stylesToExport','Styles to export'),(4639,'memberPos.changePin.newPin2','Retype the PIN'),(4640,'createMember.created.mailError','The member has been created, however, the activation mail could not be sent'),(4641,'memberPos.changePin.newPin1','Type the PIN'),(4642,'loan.repayment.discard.loan.confirmationMessage','Are you sure to discard this loan?'),(4643,'loan.remainingAmount','Remaining amount'),(4644,'settings.alert.title','Alert settings'),(4645,'externalAccountHistory.error.cannotDeleteExternalTransfer','Pending transfers can be deleted'),(4646,'brokerCommissionContract.status.CLOSED','Closed'),(4647,'home.admin.status.cyclosVersion','Application version'),(4648,'permission.memberMessages.view','View'),(4649,'certification.status.SCHEDULED','Scheduled'),(4650,'notificationPreferences.allowChargingSmsPackage','Allow charging for SMS messages'),(4651,'alert.member.loginBlockedByTries','The user login is temporarily blocked by exceeding maximum amount of tries. The member IP address is {1}'),(4652,'mobile.viewPayments.next','Next'),(4653,'member.bulkActions.groupChanged','{0} members were changed to group {2}.\n{1} members were not changed because they were already on group {2}'),(4654,'guarantee.currentCreditFeeValue','Credit fee charged'),(4655,'serviceClient.title.list','Web services clients'),(4656,'menu.operator.search','Search'),(4657,'cardLog.title','Card log'),(4658,'menu.member.personal.activities','Reports'),(4659,'settings.local.csv.stringQuote','String quote'),(4660,'reports.current.presentation.result','State reports: Results'),(4661,'permission.adminMemberPayments.blockScheduledAsMember','Block scheduled payment as member'),(4662,'alert.member.INVOICE_IDLE_TIME_EXCEEDED','Expired system to member invoice'),(4663,'loanPayment.payment','Payment'),(4664,'loan.title.grant','Grant loan to {0}'),(4665,'permission.adminMemberAccess','Access'),(4666,'loanGroup.addMemberConfirmation','Add the member from to loan group?'),(4667,'alert.member.CARD_SECURITY_CODE_BLOCKED_BY_TRIES','Card security code blocked by invalid tries'),(4668,'translationMessage.title.import','Import from properties file'),(4669,'transfer.schedulingDetails','{0} of {1}, total of {2}'),(4670,'card.card','Card'),(4671,'loanPayment.search.period','Period'),(4672,'fieldMapping.field.DESCRIPTION','Payment description'),(4673,'loan.group.responsible','Responsible'),(4674,'permission.operatorContacts.manage','Manage'),(4675,'settings.log.webServiceLevel','Web services log level'),(4676,'alert.system.newVersionOfApplicationPage','There is a new version of a customized application page, {0}.\nPlease, check the customization in order to resolve possible conflicts'),(4677,'accountFee.noMatchingMembers','No members matched the search filters'),(4678,'ad.units','Units'),(4679,'selectChannels.selected','Access to channels modified'),(4680,'payment.confirmation.chargeback','You are going to chargeback this payment.\n\nPlease click OK to confirm'),(4681,'changeGroup.member.permanentlyRemoved','You cannot change the group because the member was permanently removed'),(4682,'accountFeeLog.status.ACCEPTED_INVOICE','Accepted invoice'),(4683,'adImport.status.MISSING_CUSTOM_FIELD','{0} is missing'),(4684,'profile.action.memberInfoActions','Member info'),(4685,'reports.members.account.header','Account: {0}'),(4686,'mobile.payment.error.notEnoughCredits','You do not have enough credits to perform the payment'),(4687,'settings.local.transactionNumber.enable','Enable'),(4688,'accountFee.transferType','Generated transaction type'),(4689,'reports.members_reports.transactions.memberGroupsRequired','It\'s necessary to select at least one member group'),(4690,'loan.queryStatus.UNRECOVERABLE','Unrecoverable'),(4691,'permission.operatorContacts','Contact list'),(4692,'menu.admin.usersGroups.loanGroups','Loan groups'),(4693,'reports.members_reports.transactions.paymentFilterRequired','It\'s necessary to choose at least one payment filter'),(4694,'loan.grantFee','Grant fee'),(4695,'permission.adminMemberBulkActions.changeChannels','Change access to channels'),(4696,'externalAccountHistory.title','Transactions of {0}'),(4697,'message.type.FROM_ADMIN_TO_MEMBER','Personal messages from administration'),(4698,'permission.adminAdminAccess.enableLogin','Reactivate disabled admins (because of failed login attempts)'),(4699,'permission.brokerMembers.changeUsername','Change login name'),(4700,'group.action.new','Insert new group'),(4701,'transactionFee.subject.SYSTEM','System account'),(4702,'externalTransferImport.removeConfirmation','Remove this transaction import?'),(4703,'permission.adminMemberGroups','Member groups'),(4704,'memberPos.changePin.confirmation','Change PIN?'),(4705,'brokerCommission.chargeStatus.noComissions','No commissions applicable to the member'),(4706,'guarantee.paymentObligations','Payment obligations'),(4707,'profile.action.remarks','Remarks'),(4708,'reports.members.presentation.list','Member lists'),(4709,'permission.brokerPos.discard','Discard'),(4710,'menu.member.account.authorizedPayments','Authorized payments'),(4711,'settings.message.pendingPaymentDenied','Pending payment denial'),(4712,'accountHistory.conciliation.notConciliated','Not conciliated'),(4713,'global.range.to','To'),(4714,'permission.memberAccount','Account'),(4715,'menu.admin.accounts.currencies','Manage Currencies'),(4716,'pos.error.noAssignPermission','You don\'t have access to assign a POS to a member'),(4717,'contact.inserted','The contact was inserted'),(4718,'receiptPrinterSettings.endOfDocCommand','End of document command'),(4719,'externalTransfer.description','Description'),(4720,'permission.systemInvoices.view','View'),(4721,'infoText.start','Activation'),(4722,'channel.credentials.DEFAULT','Login password then transaction password (if enabled)'),(4723,'brokerCommissionContract.action.new','New contract'),(4724,'paymentFilter.action.new','Insert new payment filter'),(4725,'transfer.number','Number'),(4726,'ad.addPicture','Add picture'),(4727,'certification.delete','Delete'),(4728,'card.number','Number'),(4729,'rates.error.notOnlineWhileRateInitsPending','The system cannot be set online while a currency still has a rate initialization job pending.\nWatch the system alerts to see when the job is finished.'),(4730,'invoice.status.OPEN','Open'),(4731,'permission.systemStatus.viewConnectedBrokers','View connected brokers'),(4732,'certification.title.new','New Certification'),(4733,'reports.stats.activity.comparePeriods.percentageNoTrade','Percentage of members not trading'),(4734,'scheduledPayment.transfer','Transfer'),(4735,'loanPayment.summary.count','Count'),(4736,'settings.local.maxThumbnailHeight',''),(4737,'settings.message.pendingPaymentReceived','Payment that awaits authorization receiving'),(4738,'channel.supportsPaymentRequest','Supports payment request'),(4739,'menu.admin.settings.channels','Channels'),(4740,'cardType.name','Name'),(4741,'reports.stats.activity.singlePeriod.percentageNoTrade.title','Percentage of members not trading (single period)'),(4742,'top.message','Open Source on-line banking software'),(4743,'customField.title.order.ad','Set advertisement custom field order'),(4744,'transfer.scheduling.IMMEDIATELY','Not scheduled (pay immediately)'),(4745,'customImage.system.quickAccess_searchAds','Quick access: search ads'),(4746,'invoice.accept.transactionPassword','In order to accept the invoice, you must supply your transaction password'),(4747,'customField.possibleValue.error.saving','Error saving value.\nMake sure that it doesn\'t exists already'),(4748,'pos.status.PIN_BLOCKED','PIN blocked'),(4749,'memberRecordType.layout.LIST','List'),(4750,'memberRecord.search.keywords','Keywords'),(4751,'error.rateParameters.initExpirationBeforeEmission','Combination of A-rate initialization values leads to a emission date which is after the expiration date following from D-rate initialization values.'),(4752,'externalTransferImport.error.importing.comments','Field {0} (column {1}) has an unexpected value: {2}'),(4753,'permission.brokerAccounts.information','View account information'),(4754,'permission.memberPreferences.manageNotifications','Manage notifications'),(4755,'alert.member.initialCreditFailed','Initial credit has failed for {0}'),(4756,'loan.repaid','The repayment was succesfully processed'),(4757,'settings.mail.message','Message'),(4758,'loan.confirmation.transactionPassword','In order to confirm this loan, you must supply your transaction password'),(4759,'changeGroup.error.remove.hasOpenLoans','The member cannot be removed because it has unpaid loans'),(4760,'menu.operator.account.loanGroups','Loan groups'),(4761,'reports.simulations.aRate.config.combinedGraph.yAxis','Fee'),(4762,'account.lowUnits','Low units alert'),(4763,'message.toMember','To member'),(4764,'infoText.inserted','The info text was inserted'),(4765,'permission.brokerMemberAccess.changePassword','Change login password'),(4766,'payment.action.deny','Deny'),(4767,'transferAuthorization.action','Action'),(4768,'transactionPassword.status.user.ACTIVE','Active'),(4769,'permission.operatorPayments.paymentToSystem','System payments'),(4770,'mobile.payment.title.confirm','Confirm Payment'),(4771,'payment.error.enoughCreditsOtherAccount','The payment cannot be performed as another involved account didn\'t have enough balance'),(4772,'customField.possibleValue.modified','The value was modified'),(4773,'home.member.news.title','News (message board)'),(4774,'loan.title.repayment','Loan repayment'),(4775,'customField.title.list.loan','Loan custom fields'),(4776,'activities.invoices.outgoing.count','Outgoing count'),(4777,'createMember.forceChangePassword','Force change on first login'),(4778,'memberRecordType.inserted','The member record type was inserted'),(4779,'menu.admin.accounts.manage','Manage Accounts'),(4780,'adCategory.title.list','Advertisement categories'),(4781,'fileMapping.nature.CSV','CSV'),(4782,'connectedUsers.loggedAt','Logged at'),(4783,'reports.members.presentation','Members transactions reports'),(4784,'permission.adminMemberPos.discard','Discard'),(4785,'reports.stats.taxes.title','Statistics of taxes & fees...'),(4786,'card.title.create','Create card for {0}'),(4787,'card.canceled','Card canceled'),(4788,'memberPos.assign.invalidMember','The typed member does not exists. Please insert another one.'),(4789,'customImage.size','Size'),(4790,'fileMapping.inserted','File mapping inserted'),(4791,'loan.group','Loan group'),(4792,'permission.memberGuarantees.issueGuarantees','Manage guarantees (as issuer)'),(4793,'permission.systemGroupFilters.manageCustomizedFiles','Manage customized files'),(4794,'settings.local.scheduledTasks','Scheduled tasks'),(4795,'reports.stats.finances.ThroughTime.expenditure','Expenditure'),(4796,'help.title.preferences','Preferences'),(4797,'channel.usePin','Use PIN'),(4798,'menu.admin.help','Help'),(4799,'permission.systemRegistrationAgreements','Registration agreements'),(4800,'reports.members_reports.members_invoices','Members invoices'),(4801,'menu.member.preferences.notification','Notifications'),(4802,'smsLog.status.ERROR','Error'),(4803,'customField.title.modify.ad','Modify advertisement custom field'),(4804,'transferAuthorization.title.list.of','Authorized transaction actions by {0}'),(4805,'certification.status.ACTIVE','Active'),(4806,'smsMailing.recipients','Recipients'),(4807,'card.securityCodeUnblocked','Card security code unblocked'),(4808,'alert.member.TRANSACTION_PASSWORD_BLOCKED_BY_TRIES','Transaction blocked by exceeding attempts'),(4809,'accountFeeLog.running','Running'),(4810,'tranasctionFee.count','Number of transactions of days'),(4811,'settings.log.transactionLevel','Transactions log level');
/*!40000 ALTER TABLE `translation_messages` ENABLE KEYS */;
UNLOCK TABLES;

--
-- Table structure for table `username_change_logs`
--

DROP TABLE IF EXISTS `username_change_logs`;
/*!40101 SET @saved_cs_client     = @@character_set_client */;
/*!40101 SET character_set_client = utf8 */;
CREATE TABLE `username_change_logs` (
  `id` int(11) NOT NULL AUTO_INCREMENT,
  `date` datetime NOT NULL,
  `by_id` int(11) NOT NULL,
  `user_id` int(11) NOT NULL,
  `previous_username` varchar(64) NOT NULL,
  `new_username` varchar(64) NOT NULL,
  PRIMARY KEY (`id`),
  KEY `FK6FF08EF52B1214C2` (`by_id`),
  KEY `FK6FF08EF5A19267FC` (`user_id`),
  CONSTRAINT `FK6FF08EF5A19267FC` FOREIGN KEY (`user_id`) REFERENCES `users` (`id`),
  CONSTRAINT `FK6FF08EF52B1214C2` FOREIGN KEY (`by_id`) REFERENCES `members` (`id`)
) ENGINE=InnoDB DEFAULT CHARSET=utf8;
/*!40101 SET character_set_client = @saved_cs_client */;

--
-- Dumping data for table `username_change_logs`
--

LOCK TABLES `username_change_logs` WRITE;
/*!40000 ALTER TABLE `username_change_logs` DISABLE KEYS */;
/*!40000 ALTER TABLE `username_change_logs` ENABLE KEYS */;
UNLOCK TABLES;

--
-- Table structure for table `users`
--

DROP TABLE IF EXISTS `users`;
/*!40101 SET @saved_cs_client     = @@character_set_client */;
/*!40101 SET character_set_client = utf8 */;
CREATE TABLE `users` (
  `id` int(11) NOT NULL,
  `subclass` varchar(1) NOT NULL,
  `salt` varchar(32) DEFAULT NULL,
  `username` varchar(64) NOT NULL,
  `password` varchar(64) DEFAULT NULL,
  `transaction_password` varchar(64) DEFAULT NULL,
  `transaction_password_status` varchar(1) NOT NULL,
  `last_login` datetime DEFAULT NULL,
  `password_date` datetime DEFAULT NULL,
  `password_blocked_until` datetime DEFAULT NULL,
  `pin` varchar(64) DEFAULT NULL,
  `pin_blocked_until` datetime DEFAULT NULL,
  PRIMARY KEY (`id`),
  KEY `ix_username` (`username`),
  KEY `FK6A68E082574AFDA` (`id`),
  CONSTRAINT `FK6A68E082574AFDA` FOREIGN KEY (`id`) REFERENCES `members` (`id`)
) ENGINE=InnoDB DEFAULT CHARSET=utf8;
/*!40101 SET character_set_client = @saved_cs_client */;

--
-- Dumping data for table `users`
--

LOCK TABLES `users` WRITE;
/*!40000 ALTER TABLE `users` DISABLE KEYS */;
INSERT INTO `users` VALUES (1,'A','5eT01Zl32L0uXY46nkA446Mdk6Iczz3I','admin','D482671592944A548F6A97F95F1C79952C4C3F28ED2C2C3CC01A4E64FE87781B',NULL,'N','2013-12-15 03:33:39','2013-12-14 18:15:32',NULL,NULL,NULL),(2,'M','lkHBxlwS3igqt9C1aNdkCpMl4ZFsrq1K','12345','614EA75C89E2AB4011E3BDB093121FB258A26956A475292F3CA3EB297581DC82',NULL,'N','2013-12-15 03:53:09','2013-12-15 00:36:12',NULL,NULL,NULL),(3,'M','vMYkkgPdVmSueTGLRSxtlR4HwoLXm3Kr','9107','3B27B632CC5F65DFA83C45AC902ACBDF7A863E91E45F1645CAF9A2FED6A4C79A',NULL,'N','2013-12-15 03:29:36','2013-12-15 03:08:55',NULL,NULL,NULL),(4,'O','raML7cX93fw5BRXs5GDwYUFp6zFkYudy','theop','FFD23A566D99EF5E99379031ACC123F44E98BA1E9C57B1CCFCBAC2EE7ABC0F8C',NULL,'N',NULL,'2013-12-15 03:40:31',NULL,NULL,NULL);
/*!40000 ALTER TABLE `users` ENABLE KEYS */;
UNLOCK TABLES;

--
-- Table structure for table `wrong_credential_attempts`
--

DROP TABLE IF EXISTS `wrong_credential_attempts`;
/*!40101 SET @saved_cs_client     = @@character_set_client */;
/*!40101 SET character_set_client = utf8 */;
CREATE TABLE `wrong_credential_attempts` (
  `id` int(11) NOT NULL AUTO_INCREMENT,
  `date` datetime NOT NULL,
  `credential_type` varchar(1) DEFAULT NULL,
  `user_id` int(11) DEFAULT NULL,
  `card_id` int(11) DEFAULT NULL,
  `member_pos_id` int(11) DEFAULT NULL,
  PRIMARY KEY (`id`),
  KEY `FK80BA49C13A66F8B` (`member_pos_id`),
  KEY `FK80BA49CA19267FC` (`user_id`),
  KEY `FK80BA49C293F7A45` (`card_id`),
  CONSTRAINT `FK80BA49C293F7A45` FOREIGN KEY (`card_id`) REFERENCES `cards` (`id`),
  CONSTRAINT `FK80BA49C13A66F8B` FOREIGN KEY (`member_pos_id`) REFERENCES `member_pos` (`id`),
  CONSTRAINT `FK80BA49CA19267FC` FOREIGN KEY (`user_id`) REFERENCES `users` (`id`)
) ENGINE=InnoDB AUTO_INCREMENT=3 DEFAULT CHARSET=utf8;
/*!40101 SET character_set_client = @saved_cs_client */;

--
-- Dumping data for table `wrong_credential_attempts`
--

LOCK TABLES `wrong_credential_attempts` WRITE;
/*!40000 ALTER TABLE `wrong_credential_attempts` DISABLE KEYS */;
/*!40000 ALTER TABLE `wrong_credential_attempts` ENABLE KEYS */;
UNLOCK TABLES;

--
-- Table structure for table `wrong_username_attempts`
--

DROP TABLE IF EXISTS `wrong_username_attempts`;
/*!40101 SET @saved_cs_client     = @@character_set_client */;
/*!40101 SET character_set_client = utf8 */;
CREATE TABLE `wrong_username_attempts` (
  `id` int(11) NOT NULL AUTO_INCREMENT,
  `date` datetime NOT NULL,
  `remote_address` varchar(64) NOT NULL,
  PRIMARY KEY (`id`),
  KEY `ix_wua_remote_address` (`remote_address`)
) ENGINE=InnoDB AUTO_INCREMENT=13 DEFAULT CHARSET=utf8;
/*!40101 SET character_set_client = @saved_cs_client */;

--
-- Dumping data for table `wrong_username_attempts`
--

LOCK TABLES `wrong_username_attempts` WRITE;
/*!40000 ALTER TABLE `wrong_username_attempts` DISABLE KEYS */;
/*!40000 ALTER TABLE `wrong_username_attempts` ENABLE KEYS */;
UNLOCK TABLES;
/*!40103 SET TIME_ZONE=@OLD_TIME_ZONE */;

/*!40101 SET SQL_MODE=@OLD_SQL_MODE */;
/*!40014 SET FOREIGN_KEY_CHECKS=@OLD_FOREIGN_KEY_CHECKS */;
/*!40014 SET UNIQUE_CHECKS=@OLD_UNIQUE_CHECKS */;
/*!40101 SET CHARACTER_SET_CLIENT=@OLD_CHARACTER_SET_CLIENT */;
/*!40101 SET CHARACTER_SET_RESULTS=@OLD_CHARACTER_SET_RESULTS */;
/*!40101 SET COLLATION_CONNECTION=@OLD_COLLATION_CONNECTION */;
/*!40111 SET SQL_NOTES=@OLD_SQL_NOTES */;

-- Dump completed on 2013-12-15  4:25:39
